(Daily Yield * No of Units Produced) / 100,(العائد اليومي * عدد الوحدات المنتجة) / 100,
(Good Units Produced / Total Units Produced) × 100,(الوحدات الصالحة المنتجة / إجمالي الوحدات المنتجة) × 100,
(Total Workstation Time / Manufacturing Time) * 60,(إجمالي وقت محطة العمل / وقت التصنيع) * 60,
<0,أصغر من 0,
"<b>Cannot create asset.</b><br><br>You're trying to create <b>{0} asset(s)</b> from {2} {3}.<br>However, only <b>{1} item(s)</b> were purchased and <b>{4} asset(s)</b> already exist against {5}.",<b>تعذر إنشاء الأصل.</b><br><br>أنت تحاول إنشاء <b>{0} أصول</b> من {2} {3}.<br>ومع ذلك، تم شراء <b>{1} أصناف</b> فقط وهناك <b>{4} أصول</b> موجودة بالفعل مقابل {5}.,
<b>Row #{0}:</b> Bundle {1} in warehouse {2} has insufficient packed items:<br><div style='margin-top: 15px;'><ul style='line-height: 0.8;'>{3}</ul></div>,<b>السطر #{0}:</b> الحزمة {1} في المستودع {2} لا تحتوي على أصناف معبأة كافية:<br><div style='margin-top: 15px;'><ul style='line-height: 0.8;'>{3}</ul></div>,
<li>Clearance date must be after cheque date for row(s): {0}</li>,<li>تاريخ المقاصة يجب أن يكون بعد تاريخ الشيك للأسطر: {0}</li>,
<li>Item {0} in row(s) {1} billed more than {2}</li>,<li>الصنف {0} في الأسطر {1} تمت فوترته بأكثر من {2}</li>,
"<li>Packed Item {0}: Required {1}, Available {2}</li>",<li>الصنف المعبأ {0}: المطلوب {1}، المتوفر {2}</li>,
<li>Payment document required for row(s): {0}</li>,<li>مستند الدفع مطلوب للأسطر: {0}</li>,
<li>{}</li>,<li>{}</li>,
<p>Cannot overbill for the following Items:</p>,<p>لا يمكن الفوترة الزائدة للأصناف التالية:</p>,
<p>Posting Date {0} cannot be before Purchase Order date for the following:</p><ul>,<p>تاريخ الترحيل {0} لا يمكن أن يكون قبل تاريخ أمر الشراء للتالي:</p><ul>,
A naming series conflict occurred while creating serial numbers. Please change the naming series for the item {0}.,حدث تعارض في سلسلة التسمية أثناء إنشاء الأرقام التسلسلية. يرجى تغيير سلسلة التسمية للصنف {0}.,
ALL records will be deleted (entire DocType cleared),سيتم حذف كافة السجلات (سيتم مسح نوع المستند بالكامل),
Add vouchers to generate preview.,أضف القسائم لإنشاء معاينة.,
Additional Discount Amount ({discount_amount}) cannot exceed the total before such discount ({total_before_discount}),مبلغ الخصم الإضافي ({discount_amount}) لا يمكن أن يتجاوز الإجمالي قبل هذا الخصم ({total_before_discount}),
"Additional Transferred Qty {0}
					cannot be greater than {1}.
					To fix this, increase the percentage value
					of the field 'Transfer Extra Raw Materials to WIP'
					in Manufacturing Settings.","الكمية المحولة الإضافية {0}
لا يمكن أن تكون أكبر من {1}.
لإصلاح ذلك، قم بزيادة قيمة النسبة المئوية
في حقل 'تحويل المواد الخام الزائدة إلى الإنتاج تحت التنفيذ'
في إعدادات التصنيع.",
All items must be linked to a Sales Order or Subcontracting Inward Order for this Sales Invoice.,يجب ربط جميع الأصناف بأمر مبيعات أو أمر تعاقد خارجي وارد لفاتورة المبيعات هذه.,
Allow Delivery of Overproduced Qty,السماح بتسليم الكمية المنتجة بشكل زائد,
Allow Editing of Items and Quantities in Work Order,السماح بتحرير الأصناف والكميات في أمر العمل,
Allow Implicit Pegged Currency Conversion,السماح بتحويل العملات المربوطة ضمنياً,
Applicable only on Transactions made using POS,ينطبق فقط على المعاملات التي تتم باستخدام نقطة البيع (POS),
Are you sure you want to revise this budget? The current budget will be cancelled and a new draft will be created.,هل أنت متأكد من رغبتك في مراجعة هذه الميزانية؟ سيتم إلغاء الميزانية الحالية وسيتم إنشاء مسودة جديدة.,
Asset {0} is not submitted. Please submit the asset before proceeding.,الأصل {0} غير معتمد. يرجى اعتماد الأصل قبل المتابعة.,
At Row {0}: In Serial and Batch Bundle {1} must have docstatus as 1 and not 0,في السطر {0}: في حزمة الأرقام التسلسلية والدفعات {1} يجب أن تكون حالة المستند 1 وليس 0,
At least one raw material item must be present in the stock entry for the type {0},يجب وجود صنف مادة خام واحد على الأقل في قيد المخزون للنوع {0},
Atleast one raw material for Finished Good Item {0} should be customer provided.,يجب أن يتم توفير مادة خام واحدة على الأقل لصنف المنتج النهائي {0} من قبل العميل.,
Batch Qty updated to {0},تم تحديث كمية الدفعة إلى {0},
"Bold text for emphasis (totals, major headings)",نص عريض للتأكيد (الإجماليات، العناوين الرئيسية),
Calculate but don't show on final report,الحساب مع عدم الإظهار في التقرير النهائي,
Cannot Assign Cashier,تعذر تعيين أمين صندوق,
Cannot add child table {0} to deletion list. Child tables are automatically deleted with their parent DocTypes.,لا يمكن إضافة الجدول الفرعي {0} إلى قائمة الحذف. يتم حذف الجداول الفرعية تلقائياً مع أنواع المستندات الأصلية.,
"Cannot cancel Stock Reservation Entry {0}, as it has used in the work order {1}. Please cancel the work order first or unreserved the stock",لا يمكن إلغاء قيد حجز المخزون {0} لأنه مستخدم في أمر العمل {1}. يرجى إلغاء أمر العمل أولاً أو إلغاء حجز المخزون,
Cannot cancel this Manufacturing Stock Entry as quantity of Finished Good produced cannot be less than quantity delivered in the linked Subcontracting Inward Order.,لا يمكن إلغاء قيد مخزون التصنيع هذا لأن كمية المنتج النهائي المنتجة لا يمكن أن تكون أقل من الكمية المسلمة في أمر التعاقد الخارجي الوارد المرتبط.,
Cannot delete virtual DocType: {0}. Virtual DocTypes do not have database tables.,لا يمكن حذف نوع المستند الافتراضي: {0}. أنواع المستندات الافتراضية ليس لها جداول في قاعدة البيانات.,
"Cannot disable perpetual inventory, as there are existing Stock Ledger Entries for the company {0}. Please cancel the stock transactions first and try again.",لا يمكن تعطيل المخزون المستمر، لوجود قيود دفتر أستاذ المخزون للشركة {0}. يرجى إلغاء معاملات المخزون أولاً ثم المحاولة مرة أخرى.,
"Cannot enable Item-wise Inventory Account, as there are existing Stock Ledger Entries for the company {0} with Warehouse-wise Inventory Account. Please cancel the stock transactions first and try again.",لا يمكن تفعيل حساب المخزون حسب الصنف، لوجود قيود دفتر أستاذ المخزون للشركة {0} بحساب المخزون حسب المستودع. يرجى إلغاء معاملات المخزون أولاً ثم المحاولة مرة أخرى.,
Cannot merge {0} '{1}' into '{2}' as both have existing accounting entries in different currencies for company '{3}'.,لا يمكن دمج {0} '{1}' في '{2}' لأن لكليهما قيوداً محاسبية قائمة بعملات مختلفة للشركة '{3}'.,
Cashier is currently assigned to another POS.,أمين الصندوق معين حالياً لنقطة بيع أخرى.,
Check row {0} for account {1}: Party is only allowed if Party Type is set,تحقق من السطر {0} للحساب {1}: الطرف مسموح به فقط إذا تم تحديد نوع الطرف,
Child tables that will also be deleted,الجداول الفرعية التي سيتم حذفها أيضاً,
Clearance date changed from {0} to {1} via Bank Clearance Tool,تم تغيير تاريخ المقاصة من {0} إلى {1} عبر أداة المقاصة البنكية,
Click this button if you encounter a negative stock error for a serial or batch item. The system will fetch the available serials or batches automatically.,انقر فوق هذا الزر إذا واجهت خطأ في المخزون السالب لصنف تسلسلي أو دفعة. سيقوم النظام بجلب الأرقام التسلسلية أو الدفعات المتاحة تلقائياً.,
"Code to reference this line in formulas (e.g., REV100, EXP200, ASSET100)",الرمز المرجعي لهذا السطر في الصيغ (مثل: REV100، EXP200، ASSET100),
"Color to highlight values (e.g., red for exceptions)",لون لتمييز القيم (مثل الأحمر للاستثناءات),
Company Address is missing. You don't have permission to update it. Please contact your System Manager.,عنوان الشركة مفقود. ليس لديك صلاحية لتحديثه. يرجى الاتصال بمدير النظام.,
Company link field name used for filtering (optional - leave empty to delete all records),اسم حقل ربط الشركة المستخدم للتصفية (اختياري - اتركه فارغاً لحذف كافة السجلات),
Confirm before resetting posting date,التأكيد قبل إعادة ضبط تاريخ الترحيل,
Consolidated Trial Balance can be generated for Companies having same root Company.,يمكن إنشاء ميزان مراجعة مجمع للشركات التي تتبع نفس الشركة الأم.,
Consolidated Trial balance could not be generated as Exchange Rate from {0} to {1} is not available for {2}.,تعذر إنشاء ميزان مراجعة مجمع لعدم توفر سعر الصرف من {0} إلى {1} لـ {2}.,
Currency filters are currently unsupported in Custom Financial Report.,عوامل تصفية العملة غير مدعومة حالياً في التقارير المالية المخصصة.,
Daily Yield (%),العائد اليومي (%),
Debt Equity Ratio,نسبة الدين إلى الملكية,
Debtor Turnover Ratio,نسبة دوران المدينين,
Deletion process restarted,تمت إعادة تشغيل عملية الحذف,
Deletion will start automatically after submission.,سيبدأ الحذف تلقائياً بعد الاعتماد.,
Demand vs Supply,الطلب مقابل العرض,
"Descriptive name for your template (e.g., 'Standard P&L', 'Detailed Balance Sheet')",اسم وصفي للقالب (مثل 'قائمة الأرباح والخسائر القياسية'، 'الميزانية العمومية التفصيلية'),
Direct return is not allowed for Timesheet.,المرتجع المباشر غير مسموح به لورقة الوقت.,
Discount Percentage can be applied either against a Price List or for all Price List.,يمكن تطبيق نسبة الخصم إما مقابل قائمة أسعار محددة أو لكافة قوائم الأسعار.,
DocType {0} with company field '{1}' is already in the list,نوع المستند {0} مع حقل الشركة '{1}' موجود بالفعل في القائمة,
DocTypes To Delete,أنواع المستندات المراد حذفها,
DocTypes that will NOT be deleted.,أنواع المستندات التي لن يتم حذفها.,
DocTypes with a company field:,أنواع المستندات التي تحتوي على حقل شركة:,
DocTypes without a company field:,أنواع المستندات التي لا تحتوي على حقل شركة:,
Dr/Cr,مدين/دائن,
Drops existing SQL Procedures and Function setup by Accounts Receivable report,حذف إجراءات ووظائف SQL الحالية المعدة بواسطة تقرير حسابات المدينين,
Duplicate Operating Component {0} found in Operating Components,تم العثور على مكون تشغيل مكرر {0} في مكونات التشغيل,
Empty To Delete List,قائمة الحذف فارغة,
"Enable Urchin Tracking Module parameters in Quotation, Sales Order, Sales Invoice, POS Invoice, Lead,  and Delivery Note.",تفعيل معلمات وحدة تتبع Urchin في عرض السعر، أمر المبيعات، فاتورة المبيعات، فاتورة نقطة البيع، العميل المحتمل، وإشعار التسليم.,
"Enable cost center, projects and other custom accounting dimensions",تفعيل مراكز التكلفة والمشاريع والأبعاد المحاسبية المخصصة الأخرى,
Error getting details for {0}: {1},خطأ في الحصول على تفاصيل {0}: {1},
"Even if there are multiple Pricing Rules with highest priority, then following internal priorities are applied:",حتى لو وجد أكثر من قاعدة تسعير بنفس الأولوية القصوى، يتم تطبيق الأولويات الداخلية التالية:,
Expires in a week or less,تنتهي صلاحيته خلال أسبوع أو أقل,
Expires today or already expired,تنتهي صلاحيته اليوم أو منتهي الصلاحية بالفعل,
FG / Semi FG Item,منتج نهائي / نصف نهائي,
Failed to parse MT940 format. Error: {0},فشل تحليل تنسيق MT940. الخطأ: {0},
Failed to send email for campaign {0} to {1},فشل إرسال البريد الإلكتروني للحملة {0} إلى {1},
Field '{0}' is not a valid Company link field for DocType {1},الحقل '{0}' ليس حقل ربط شركة صالح لنوع المستند {1},
File not found on server,الملف غير موجود على الخادم,
"For operation {0} at row {1}, please add raw materials or set a BOM against it.",للعملية {0} في السطر {1}، يرجى إضافة مواد خام أو تحديد قائمة مواد لها.,
"For project {0}, update your status",للمشروع {0}، قم بتحديث حالتك,
"For projected and forecast quantities, the system will consider all child warehouses under the selected parent warehouse.",بالنسبة للكميات المتوقعة والمقدرة، سيأخذ النظام في الاعتبار كافة المستودعات الفرعية تحت المستودع الرئيسي المحدد.,
Foreign Currency Translation Reserve,احتياطي ترجمة العملات الأجنبية,
Formula or Account Filter,صيغة أو تصفية حسابات,
Frappe School,مدرسة فرابي,
GENERAL LEDGER,دفتر الأستاذ العام,
Generate To Delete list first,قم بإنشاء قائمة الحذف أولاً,
Generating Master Production Schedule...,جاري إنشاء جدول الإنتاج الرئيسي...,
Hidden Line (Internal Use Only),سطر مخفي (للاستخدام الداخلي فقط),
How this line gets its data,كيف يحصل هذا السطر على بياناته,
How to format and present values in the financial report (only if different from column fieldtype),كيفية تنسيق وعرض القيم في التقرير المالي (فقط إذا كانت مختلفة عن نوع حقل العمود),
"If enabled, system will allow user to deliver the entire quantity of the finished goods produced against the Subcontracting Inward Order. If disabled, system will allow delivery of only the ordered quantity.",في حالة التفعيل، سيسمح النظام للمستخدم بتسليم كامل كمية المنتجات النهائية المنتجة مقابل أمر التعاقد الخارجي الوارد. في حالة التعطيل، سيسمح النظام بتسليم الكمية المطلوبة فقط.,
"If enabled, system will set incoming rate as zero for stand-alone credit notes with expired batch item.",في حالة التفعيل، سيقوم النظام بتعيين معدل الوارد إلى صفر للإشعارات الدائنة المستقلة التي تحتوي على صنف دفعة منتهي الصلاحية.,
"If enabled, the Scrap Item generated against a Finished Good will also be added in the Stock Entry when delivering that Finished Good.",في حالة التفعيل، سيتم أيضاً إضافة صنف الخردة الناتج مقابل منتج نهائي في قيد المخزون عند تسليم ذلك المنتج النهائي.,
"If enabled, the source and target warehouse in the Material Transfer Stock Entry must be different else an error will be thrown. If inventory dimensions are present, same source and target warehouse can be allowed but atleast any one of the inventory dimension fields must be different.",في حالة التفعيل، يجب أن يكون مستودع المصدر والهدف في قيد تحويل المواد مختلفين وإلا سيظهر خطأ. في حال وجود أبعاد المخزون، يمكن السماح بنفس المستودع للمصدر والهدف بشرط أن يختلف حقل واحد على الأقل من أبعاد المخزون.,
"If enabled, the system will allow negative stock entries for the batch, but this could calculate the valuation rate incorrectly, so avoid using this option.",في حالة التفعيل، سيسمح النظام بقيود مخزون سالبة للدفعة، ولكن هذا قد يؤدي إلى حساب معدل التقييم بشكل غير صحيح، لذا يفضل تجنب هذا الخيار.,
"If enabled, the system will allow users to edit the raw materials and their quantities in the Work Order. The system will not reset the quantities as per the BOM, if the user has changed them.",في حالة التفعيل، سيسمح النظام للمستخدمين بتعديل المواد الخام وكمياتها في أمر العمل. لن يقوم النظام بإعادة ضبط الكميات حسب قائمة المواد إذا قام المستخدم بتغييرها.,
"If enabled, the system will use the inventory account set in the Item Master or Item Group or Brand. Otherwise, it will use the inventory account set in the Warehouse.",في حالة التفعيل، سيستخدم النظام حساب المخزون المحدد في ملف الصنف أو مجموعة الأصناف أو العلامة التجارية. بخلاف ذلك، سيستخدم حساب المخزون المحدد في المستودع.,
"If enabled, this row's values will be displayed on financial charts",في حالة التفعيل، سيتم عرض قيم هذا السطر في الرسوم البيانية المالية,
"If multiple Pricing Rules continue to prevail, users are asked to set Priority manually to resolve conflict.",إذا استمر وجود عدة قواعد تسعير منطبقة، سيُطلب من المستخدمين تحديد الأولوية يدوياً لحل التعارض.,
"If no taxes are set, and Taxes and Charges Template is selected, the system will automatically apply the taxes from the chosen template.",إذا لم يتم تحديد ضرائب وتم اختيار قالب الضرائب والرسوم، سيقوم النظام تلقائياً بتطبيق الضرائب من القالب المختار.,
"If selected Pricing Rule is made for 'Rate', it will overwrite Price List. Pricing Rule rate is the final rate, so no further discount should be applied. Hence, in transactions like Sales Order, Purchase Order etc, it will be fetched in 'Rate' field, rather than 'Price List Rate' field.",إذا تم تحديد قاعدة التسعير لـ 'السعر'، فستتجاوز قائمة الأسعار. سعر قاعدة التسعير هو السعر النهائي، لذا لا ينبغي تطبيق أي خصم إضافي. وبالتالي في معاملات مثل أمر المبيعات وأمر الشراء وغيرها، سيتم جلبها في حقل 'السعر' بدلاً من حقل 'سعر قائمة الأسعار'.,
"If set, the system does not use the user's Email or the standard outgoing Email account for sending request for quotations.",في حالة التحديد، لن يستخدم النظام بريد المستخدم الإلكتروني أو حساب البريد الصادر القياسي لإرسال طلبات عروض الأسعار.,
"If the reorder check is set at the Group warehouse level, the available quantity becomes the sum of the projected quantities of all its child warehouses.",إذا تم ضبط فحص إعادة الطلب على مستوى مستودع المجموعة، فإن الكمية المتاحة تصبح مجموع الكميات المتوقعة لكافة مستودعاتها الفرعية.,
"If two or more Pricing Rules are found based on the above conditions, Priority is applied. Priority is a number between 0 to 20 while default value is zero (blank). Higher number means it will take precedence if there are multiple Pricing Rules with same conditions.",إذا تم العثور على قاعدتي تسعير أو أكثر بناءً على الشروط المذكورة أعلاه، يتم تطبيق الأولوية. الأولوية رقم بين 0 و 20 والقيمة الافتراضية هي صفر. الرقم الأعلى يعني الأسبقية عند وجود عدة قواعد بنفس الشروط.,
"If you want to run operations in parallel, keep the same sequence ID for them.",إذا كنت تريد تشغيل العمليات بالتوازي، فاحتفظ بنفس معرف التسلسل لها.,
"Image in the description has been removed. To disable this behavior, uncheck ""{0}"" in {1}.","تمت إزالة الصورة الموجودة في الوصف. لتعطيل هذا السلوك، قم بإلغاء تحديد ""{0}"" في {1}.",
Include Returned Invoices (Stand-alone),تضمين فواتير المرتجعات (المستقلة),
Included fee is bigger than the withdrawal itself.,الرسوم المتضمنة أكبر من مبلغ السحب نفسه.,
"Indentation level: 0 = Main heading, 1 = Sub-category, 2 = Individual accounts, etc.",مستوى الإزاحة: 0 = عنوان رئيسي، 1 = فئة فرعية، 2 = حسابات فردية، إلخ.,
Invalid CSV format. Expected column: doctype_name,تنسيق CSV غير صالح. العمود المتوقع: doctype_name,
Invalid filter formula. Please check the syntax.,صيغة تصفية غير صالحة. يرجى التحقق من القواعد.,
Invalid parameter. 'dn' should be of type str,معلمة غير صالحة. يجب أن يكون 'dn' من نوع نص (str),
Invoice Type Created via POS Screen,نوع الفاتورة المنشأة عبر شاشة نقطة البيع,
Is Phantom BOM,قائمة مواد وهمية (Phantom BOM),
Italic text for subtotals or notes,نص مائل للمجاميع الفرعية أو الملاحظات,
Item Code > Item Group > Brand,كود الصنف > مجموعة الأصناف > العلامة التجارية,
Item Wise Tax Details do not match with Taxes and Charges at the following rows:,تفاصيل الضريبة حسب الصنف لا تتطابق مع الضرائب والرسوم في الأسطر التالية:,
Item {0} added multiple times under the same parent item {1} at rows {2} and {3},تم إضافة الصنف {0} عدة مرات تحت نفس الصنف الأب {1} في الأسطر {2} و {3},
Item/Item Code required to get Item Tax Template.,الصنف/كود الصنف مطلوب للحصول على قالب ضريبة الصنف.,
Liquidity Ratios,نسب السيولة,
Long-term Provisions,مخصصات طويلة الأجل,
MT940 file detected. Please enable 'Import MT940 Format' to proceed.,تم اكتشاف ملف MT940. يرجى تفعيل 'استيراد تنسيق MT940' للمتابعة.,
Manage sales partner's and sales team's commissions,إدارة عمولات شركاء المبيعات وفريق المبيعات,
"Min Value: {0}, Max Value: {1}, in Increments of: {2}",الحد الأدنى: {0}، الحد الأقصى: {1}، بزيادات قدرها: {2},
Missing required filter: {0},عامل تصفية مطلوب مفقود: {0},
Module (for Export),الوحدة البرمجية (للتصدير),
Naming series '{0}' for DocType '{1}' does not contain standard '.' or '{{' separator. Using fallback extraction.,سلسلة التسمية '{0}' لنوع المستند '{1}' لا تحتوي على الفاصل القياسي '.' أو '{{'. سيتم استخدام الاستخراج الاحتياطي.,
New Journal Entry will be posted for the difference amount. The Posting Date can be modified.,سيتم ترحيل قيد يومية جديد بمبلغ الفرق. يمكن تعديل تاريخ الترحيل.,
New Lead (Last 1 Month),عميل محتمل جديد (آخر شهر),
No <strong>Account Data</strong> row found,لم يتم العثور على سطر <strong>بيانات الحساب</strong>,
No DocTypes in To Delete list. Please generate or import the list before submitting.,لا توجد أنواع مستندات في قائمة الحذف. يرجى إنشاء أو استيراد القائمة قبل الاعتماد.,
No Tax withholding account set for Company {0} in Tax Withholding Category {1}.,لم يتم تعيين حساب ضريبة مستقطعة للشركة {0} في فئة الضريبة المستقطعة {1}.,
No difference found for stock account {0},لم يتم العثور على فرق لحساب المخزون {0},
No of Parallel Reposting (Per Item),عدد عمليات إعادة الترحيل المتوازية (لكل صنف),
No rows with zero document count found,لم يتم العثور على أسطر بعدد مستندات صفر,
Not able to find the earliest Fiscal Year for the given company.,تعذر العثور على أقدم سنة مالية للشركة المحددة.,
Number of Weeks / Months,عدد الأسابيع / الشهور,
"On save, the Excluded Fee will be converted to an Included Fee.",عند الحفظ، سيتم تحويل الرسوم المستبعدة إلى رسوم متضمنة.,
Only CSV files are allowed,يسمح بملفات CSV فقط,
Only one of Deposit or Withdrawal should be non-zero when applying an Excluded Fee.,يجب أن يكون أحد حقلي الإيداع أو السحب فقط غير صفري عند تطبيق رسوم مستبعدة.,
Only one operation can have 'Is Final Finished Good' checked when 'Track Semi Finished Goods' is enabled.,يمكن تحديد عملية واحدة فقط كـ 'منتج نهائي أخير' عند تفعيل 'تتبع المنتجات نصف المصنعة'.,
"Opening Balance = Start of period, Closing Balance = End of period, Period Movement = Net change during period",رصيد أول المدة = بداية الفترة، رصيد آخر المدة = نهاية الفترة، حركة الفترة = صافي التغير خلال الفترة,
Optional. Used with Financial Report Template,اختياري. يستخدم مع قالب التقرير المالي,
Over Withheld,مستقطع بالزيادة,
POS Opening Entry - {0} is outdated. Please close the POS and create a new POS Opening Entry.,قيد افتتاح نقطة البيع - {0} قديم. يرجى إغلاق نقطة البيع وإنشاء قيد افتتاح جديد.,
POS Opening Entry cannot be cancelled as unconsolidated Invoices exists.,لا يمكن إلغاء قيد افتتاح نقطة البيع لوجود فواتير غير مجمعة.,
POS Profile - {0} has multiple open POS Opening Entries. Please close or cancel the existing entries before proceeding.,ملف تعريف نقطة البيع - {0} لديه عدة قيود افتتاح مفتوحة. يرجى إغلاق أو إلغاء القيود الموجودة قبل المتابعة.,
POS Profile - {0} is currently open. Please close the POS or cancel the existing POS Opening Entry before cancelling this POS Closing Entry.,ملف تعريف نقطة البيع - {0} مفتوح حالياً. يرجى إغلاق نقطة البيع أو إلغاء قيد الافتتاح الحالي قبل إلغاء قيد الإغلاق هذا.,
POS Profile {0} cannot be disabled as there are ongoing POS sessions.,لا يمكن تعطيل ملف تعريف نقطة البيع {0} لوجود جلسات قائمة.,
Parsed file is not in valid MT940 format or contains no transactions.,الملف الذي تم تحليله ليس بتنسيق MT940 صالح أو لا يحتوي على معاملات.,
Payment Requests made from Sales / Purchase Invoice will be put in Draft explicitly,طلبات الدفع المنشأة من فواتير المبيعات / الشراء ستوضع كمسودة بشكل صريح,
"Per Day
Shift Time (In Hours) * No of Workstations * No of Shift","يومياً
وقت الوردية (بالساعات) * عدد محطات العمل * عدد الورديات",
Period Movement (Debits - Credits),حركة الفترة (مدين - دائن),
Periodic Accounting Entry is not allowed for company {0} with perpetual inventory enabled,القيد المحاسبي الدوري غير مسموح به للشركة {0} مع تفعيل المخزون المستمر,
Please save the Sales Order before adding a delivery schedule.,يرجى حفظ أمر المبيعات قبل إضافة جدول تسليم.,
Please set Customer Address to determine if the transaction is an export.,يرجى تحديد عنوان العميل لتحديد ما إذا كانت المعاملة تصديراً.,
Please set actual demand or sales forecast to generate Material Requirements Planning Report.,يرجى تحديد الطلب الفعلي أو توقعات المبيعات لإنشاء تقرير تخطيط متطلبات المواد.,
Please uncheck 'Show in Bucket View' to create Orders,يرجى إلغاء تحديد 'عرض في منظور تجميعي' لإنشاء الأوامر,
Posting Date will change to today's date as Edit Posting Date and Time is unchecked. Are you sure want to proceed?,سيتغير تاريخ الترحيل إلى تاريخ اليوم لأن خيار تعديل تاريخ ووقت الترحيل غير محدد. هل أنت متأكد من المتابعة؟,
"Pricing Rule is first selected based on 'Apply On' field, which can be Item, Item Group or Brand.",يتم اختيار قاعدة التسعير أولاً بناءً على حقل 'تطبيق على'، والذي يمكن أن يكون صنفاً أو مجموعة أصناف أو علامة تجارية.,
"Pricing Rule is made to overwrite Price List / define discount percentage, based on some criteria.",قاعدة التسعير مصممة لتجاوز قائمة الأسعار أو تحديد نسبة خصم بناءً على معايير محددة.,
Pricing Rules are further filtered based on quantity.,يتم تصفية قواعد التسعير بشكل إضافي بناءً على الكمية.,
Print Format must be an enabled Report Print Format matching the selected Report.,يجب أن يكون تنسيق الطباعة تنسيق تقرير مفعلاً يطابق التقرير المحدد.,
Qty To Manufacture in the job card cannot be greater than Qty To Manufacture in the work order for the operation {0}. <br><br><b>Solution: </b> Either you can reduce the Qty To Manufacture in the job card or set the 'Overproduction Percentage For Work Order' in the {1}.,الكمية المراد تصنيعها في بطاقة العمل لا يمكن أن تكون أكبر من الكمية المراد تصنيعها في أمر العمل للعملية {0}. <br><br><b>الحل: </b> يمكنك إما تقليل الكمية في بطاقة العمل أو ضبط 'نسبة الإنتاج الزائد لأمر العمل' في {1}.,
Raw SQL,SQL خام,
Raw materials consumed qty will be validated based on FG BOM required qty,سيتم التحقق من كمية المواد الخام المستهلكة بناءً على الكمية المطلوبة في قائمة مواد المنتج النهائي,
Remove Zero Counts,إزالة الأعداد الصفرية,
Removed {0} rows with zero document count. Please save to persist changes.,تمت إزالة {0} أسطر بعدد مستندات صفر. يرجى الحفظ لتثبيت التغييرات.,
Return on Equity Ratio,نسبة العائد على الملكية,
Row #1: Sequence ID must be 1 for Operation {0}.,السطر #1: معرف التسلسل يجب أن يكون 1 للعملية {0}.,
Row #{0}: Batch No(s) {1} is not a part of the linked Subcontracting Inward Order. Please select valid Batch No(s).,السطر #{0}: رقم/أرقام الدفعة {1} ليست جزءاً من أمر التعاقد الخارجي الوارد المرتبط. يرجى اختيار أرقام دفعات صالحة.,
Row #{0}: Cannot cancel this Manufacturing Stock Entry as billed quantity of Item {1} cannot be greater than consumed quantity.,السطر #{0}: لا يمكن إلغاء قيد مخزون التصنيع هذا لأن الكمية المفلترة للصنف {1} لا يمكن أن تكون أكبر من الكمية المستهلكة.,
Row #{0}: Cannot cancel this Manufacturing Stock Entry as quantity of Scrap Item {1} produced cannot be less than quantity delivered.,السطر #{0}: لا يمكن إلغاء قيد مخزون التصنيع هذا لأن كمية صنف الخردة {1} المنتجة لا يمكن أن تكون أقل من الكمية المسلمة.,
Row #{0}: Cannot cancel this Stock Entry as returned quantity cannot be greater than delivered quantity for Item {1} in the linked Subcontracting Inward Order,السطر #{0}: لا يمكن إلغاء قيد المخزون هذا لأن الكمية المرتجعة لا يمكن أن تكون أكبر من الكمية المسلمة للصنف {1} في أمر التعاقد من الباطن الوارد المرتبط.,
Row #{0}: Cannot create entry with different taxable AND withholding document links.,السطر #{0}: لا يمكن إنشاء قيد بروابط مستندات ضريبية واستقطاع مختلفة.,
Row #{0}: Customer Provided Item {1} against Subcontracting Inward Order Item {2} ({3}) cannot be added multiple times.,السطر #{0}: الصنف المقدم من العميل {1} مقابل صنف أمر التعاقد من الباطن الوارد {2} ({3}) لا يمكن إضافته عدة مرات.,
Row #{0}: Customer Provided Item {1} cannot be added multiple times in the Subcontracting Inward process.,السطر #{0}: الصنف المقدم من العميل {1} لا يمكن إضافته عدة مرات في عملية التعاقد من الباطن الواردة.,
Row #{0}: Customer Provided Item {1} does not exist in the Required Items table linked to the Subcontracting Inward Order.,السطر #{0}: الصنف المقدم من العميل {1} غير موجود في جدول الأصناف المطلوبة المرتبط بأمر التعاقد من الباطن الوارد.,
Row #{0}: Customer Provided Item {1} exceeds quantity available through Subcontracting Inward Order,السطر #{0}: الصنف المقدم من العميل {1} يتجاوز الكمية المتاحة من خلال أمر التعاقد من الباطن الوارد.,
Row #{0}: Customer Provided Item {1} has insufficient quantity in the Subcontracting Inward Order. Available quantity is {2}.,السطر #{0}: الصنف المقدم من العميل {1} لديه كمية غير كافية في أمر التعاقد من الباطن الوارد. الكمية المتاحة هي {2}.,
Row #{0}: Customer Provided Item {1} is not a part of Subcontracting Inward Order {2},السطر #{0}: الصنف المقدم من العميل {1} ليس جزءاً من أمر التعاقد من الباطن الوارد {2}.,
Row #{0}: Expense account {1} is not valid for Purchase Invoice {2}. Only expense accounts from non-stock items are allowed.,السطر #{0}: حساب المصاريف {1} غير صالح لفاتورة الشراء {2}. مسموح فقط بحسابات المصاريف الخاصة بالأصناف غير المخزنية.,
Row #{0}: Item {1} has zero rate but 'Allow Zero Valuation Rate' is not enabled.,السطر #{0}: الصنف {1} له معدل صفر ولكن خيار 'السماح بمعدل تقييم صفري' غير مفعل.,
"Row #{0}: Item {1} mismatch. Changing of item code is not permitted, add another row instead.",السطر #{0}: عدم تطابق في الصنف {1}. تغيير رمز الصنف غير مسموح به، أضف سطراً آخر بدلاً من ذلك.,
Row #{0}: Overconsumption of Customer Provided Item {1} against Work Order {2} is not allowed in the Subcontracting Inward process.,السطر #{0}: الاستهلاك الزائد للصنف المقدم من العميل {1} مقابل أمر العمل {2} غير مسموح به في عملية التعاقد من الباطن الواردة.,
Row #{0}: Please select the Finished Good Item against which this Customer Provided Item will be used.,السطر #{0}: يرجى تحديد صنف المنتج التام الذي سيتم استخدام هذا الصنف المقدم من العميل مقابله.,
Row #{0}: Repair cost {1} exceeds available amount {2} for Purchase Invoice {3} and Account {4},السطر #{0}: تكلفة الإصلاح {1} تتجاوز المبلغ المتاح {2} لفاتورة الشراء {3} والحساب {4}.,
Row #{0}: Serial No(s) {1} are not a part of the linked Subcontracting Inward Order. Please select valid Serial No(s).,السطر #{0}: الأرقام التسلسلية {1} ليست جزءاً من أمر التعاقد من الباطن الوارد المرتبط. يرجى اختيار أرقام تسلسلية صالحة.,
"Row #{0}: Since 'Track Semi Finished Goods' is enabled, the BOM {1} cannot be used for Sub Assembly Items",السطر #{0}: بما أن 'تتبع السلع شبه المصنعة' مفعل، فلا يمكن استخدام قائمة المواد {1} لأصناف التجميع الفرعي.,
Row #{0}: Source Warehouse must be same as Customer Warehouse {1} from the linked Subcontracting Inward Order,السطر #{0}: يجب أن يكون مستودع المصدر هو نفسه مستودع العميل {1} من أمر التعاقد من الباطن الوارد المرتبط.,
Row #{0}: Source Warehouse {1} for item {2} must be same as Source Warehouse {3} in the Work Order.,السطر #{0}: مستودع المصدر {1} للصنف {2} يجب أن يكون هو نفسه مستودع المصدر {3} في أمر العمل.,
Row #{0}: Target Warehouse must be same as Customer Warehouse {1} from the linked Subcontracting Inward Order,السطر #{0}: يجب أن يكون مستودع الهدف هو نفسه مستودع العميل {1} من أمر التعاقد من الباطن الوارد المرتبط.,
Row #{0}: Work Order exists against full or partial quantity of Item {1},السطر #{0}: يوجد أمر عمل مقابل الكمية الكاملة أو الجزئية للصنف {1}.,
"Row {0}: Consumed Qty {1} {2} must be less than or equal to Available Qty For Consumption
					{3} {4} in Consumed Items Table.","السطر {0}: الكمية المستهلكة {1} {2} يجب أن تكون أقل من أو تساوي الكمية المتاحة للاستهلاك
					{3} {4} في جدول الأصناف المستهلكة.",
Sell quantity cannot exceed the asset quantity. Asset {0} has only {1} item(s).,لا يمكن أن تتجاوز كمية البيع كمية الأصل. الأصل {0} يحتوي على {1} صنف/أصناف فقط.,
Serial No {0} is already Delivered. You cannot use them again in Manufacture / Repack entry.,الرقم التسلسلي {0} تم تسليمه بالفعل. لا يمكنك استخدامه مرة أخرى في قيد تصنيع / إعادة تعبئة.,
Serial Nos {0} are already Delivered. You cannot use them again in Manufacture / Repack entry.,الأرقام التسلسلية {0} تم تسليمها بالفعل. لا يمكنك استخدامها مرة أخرى في قيد تصنيع / إعادة تعبئة.,
Set Incoming Rate as Zero for Expired Batch,تعيين المعدل الوارد كصفر للتشغيلة منتهية الصلاحية,
Short-term Provisions,مخصصات قصيرة الأجل,
Show negative values as positive (for expenses in P&L),إظهار القيم السالبة كموجبة (للمصاريف في قائمة الأرباح والخسائر),
Similar types of workstations where the same operations run in parallel.,أنواع مماثلة من محطات العمل حيث يتم تشغيل نفس العمليات بالتوازي.,
"Simple Python formula applied on Reading fields.<br> Numeric eg. 1: <b>reading_1 &gt; 0.2 and reading_1 &lt; 0.5</b><br>
Numeric eg. 2: <b>mean &gt; 3.5</b> (mean of populated fields)<br>
Value based eg.:  <b>reading_value in (""A"", ""B"", ""C"")</b>","صيغة Python بسيطة تطبق على حقول القراءة.<br> رقمي مثال 1: <b>reading_1 > 0.2 and reading_1 < 0.5</b><br>
رقمي مثال 2: <b>mean > 3.5</b> (متوسط الحقول المملوءة)<br>
بناءً على القيمة مثال: <b>reading_value in (""A"", ""B"", ""C"")</b>",
"Since you have enabled 'Track Semi Finished Goods', at least one operation must have 'Is Final Finished Good' checked. For that set the FG / Semi FG Item as {0} against an operation.",بما أنك قمت بتفعيل 'تتبع السلع شبه المصنعة'، يجب أن يكون لعملية واحدة على الأقل خيار 'هل هو منتج تام نهائي' مفعلاً. لذلك قم بتعيين صنف المنتج التام / شبه التام كـ {0} مقابل العملية.,
"Since {0} are Serial No/Batch No items, you cannot enable 'Recreate Stock Ledgers' in Repost Item Valuation.",بما أن {0} هي أصناف ذات أرقام تسلسلية/أرقام تشغيلات، فلا يمكنك تفعيل 'إعادة إنشاء دفاتر أستاذ المخزون' في إعادة ترحيل تقييم الصنف.,
Skipped {0} DocType(s):<br>{1},تم تخطي {0} من أنواع المستندات:<br>{1},
Solvency Ratios,نسب الملاءة المالية,
Some required Company details are missing. You don't have permission to update them. Please contact your System Manager.,بعض تفاصيل الشركة المطلوبة مفقودة. ليس لديك صلاحية لتحديثها. يرجى الاتصال بمدير النظام الخاص بك.,
Source Warehouse {0} must be same as Customer Warehouse {1} in the Subcontracting Inward Order.,يجب أن يكون مستودع المصدر {0} هو نفسه مستودع العميل {1} في أمر التعاقد من الباطن الوارد.,
"Spending for Account {0} ({1}) between {2} and {3} has already exceeded the new allocated budget. Spent: {4}, Budget: {5}",الإنفاق للحساب {0} ({1}) بين {2} و {3} قد تجاوز بالفعل الميزانية الجديدة المخصصة. المنفق: {4}، الميزانية: {5},
Sub assembly item references are missing. Please fetch the sub assemblies and raw materials again.,مراجع أصناف التجميع الفرعي مفقودة. يرجى جلب التجميعات الفرعية والمواد الخام مرة أخرى.,
Supplier is required for all selected Items,المورد مطلوب لجميع الأصناف المختارة,
"System will do an implicit conversion using the pegged currency. <br>
Ex: Instead of AED -&gt; INR, system will do AED -&gt; USD -&gt; INR using the pegged exchange rate of AED against USD.","سيقوم النظام بإجراء تحويل ضمني باستخدام العملة المربوطة. <br>
مثال: بدلاً من درهم إماراتي -> روبية هندية، سيقوم النظام بتحويل درهم إماراتي -> دولار أمريكي -> روبية هندية باستخدام سعر الصرف المربوط للدرهم الإماراتي مقابل الدولار الأمريكي.",
Target Warehouse for Finished Good must be same as Finished Good Warehouse {1} in Work Order {2} linked to the Subcontracting Inward Order.,يجب أن يكون مستودع الهدف للمنتج التام هو نفسه مستودع المنتج التام {1} في أمر العمل {2} المرتبط بأمر التعاقد من الباطن الوارد.,
Target Warehouse {0} must be same as Delivery Warehouse {1} in the Subcontracting Inward Order Item.,مستودع الهدف {0} يجب أن يكون هو نفسه مستودع التسليم {1} في صنف أمر التعاقد من الباطن الوارد.,
"Text displayed on the financial statement (e.g., 'Total Revenue', 'Cash and Cash Equivalents')",النص المعروض في القائمة المالية (مثلاً: 'إجمالي الإيرادات'، 'النقد وما في حكمه'),
"The Batch {0} has negative batch quantity {1}. To fix this, go to the batch and click on Recalculate Batch Qty. If the issue still persists, create an inward entry.",التشغيلة {0} تحتوي على كمية سالبة {1}. لإصلاح ذلك، انتقل إلى التشغيلة وانقر على إعادة حساب كمية التشغيلة. إذا استمرت المشكلة، فقم بإنشاء قيد وارد.,
The Company {0} of Sales Forecast {1} does not match with the Company {2} of Master Production Schedule {3}.,الشركة {0} في توقعات المبيعات {1} لا تتطابق مع الشركة {2} في جدول الإنتاج الرئيسي {3}.,
The Excluded Fee is bigger than the Deposit it is deducted from.,الرسوم المستبعدة أكبر من الإيداع الذي تم الخصم منه.,
"The batch {0} is already reserved in {1} {2}. So, cannot proceed with the {3} {4}, which is created against the {5} {6}.",التشغيلة {0} محجوزة بالفعل في {1} {2}. لذا لا يمكن المتابعة في {3} {4} الذي تم إنشاؤه مقابل {5} {6}.,
The current POS opening entry is outdated. Please close it and create a new one.,قيد افتتاح نقطة البيع الحالي قديم. يرجى إغلاقه وإنشاء قيد جديد.,
The following cancelled repost entries exist for <b>{0}</b>:<br><br>{1}<br><br>Kindly delete these entries before continuing.,توجد قيود إعادة ترحيل ملغاة لـ <b>{0}</b>:<br><br>{1}<br><br>يرجى حذف هذه القيود قبل المتابعة.,
The last scanned warehouse has been cleared and won't be set in the subsequently scanned items,تم مسح آخر مستودع ممسوح ضوئياً ولن يتم تعيينه في الأصناف الممسوحة لاحقاً.,
The outstanding amount {0} in {1} is lesser than {2}. Updating the outstanding to this invoice.,المبلغ المستحق {0} في {1} أقل من {2}. يتم تحديث المبلغ المستحق لهذه الفاتورة.,
The sell quantity is less than the total asset quantity. The remaining quantity will be split into a new asset. This action cannot be undone. <br><br><b>Do you want to continue?</b>,كمية البيع أقل من إجمالي كمية الأصل. سيتم تقسيم الكمية المتبقية إلى أصل جديد. لا يمكن التراجع عن هذا الإجراء. <br><br><b>هل تريد المتابعة؟</b>,
"The system will create a Sales Invoice or a POS Invoice from the POS interface based on this setting. For high-volume transactions, it is recommended to use POS Invoice.",سيقوم النظام بإنشاء فاتورة مبيعات أو فاتورة نقطة بيع من واجهة نقطة البيع بناءً على هذا الإعداد. للمعاملات ذات الحجم الكبير، يوصى باستخدام فاتورة نقطة البيع.,
The user will be able to transfer additional materials from the store to the Work in Progress (WIP) warehouse.,سيكون المستخدم قادراً على نقل مواد إضافية من المتجر إلى مستودع الأعمال قيد التنفيذ (WIP).,
"The {0} prefix '{1}' already exists. Please change the Serial No Series, otherwise you will get a Duplicate Entry error.",البادئة {1} لـ {0} موجودة بالفعل. يرجى تغيير سلسلة الأرقام التسلسلية، وإلا ستواجه خطأ 'قيد مكرر'.,
"Then Pricing Rules are filtered out based on Customer, Customer Group, Territory, Supplier, Supplier Type, Campaign, Sales Partner etc.",يتم تصفية قواعد التسعير بناءً على العميل، مجموعة العملاء، المنطقة، المورد، نوع المورد، الحملة، شريك المبيعات، إلخ.,
"This module is scheduled for deprecation and will be completely removed in version 17, please use <a href=""https://frappe.io/crm"">Frappe CRM</a> instead.","هذه الوحدة من المقرر إيقافها وسيتم إزالتها تماماً في الإصدار 17، يرجى استخدام <a href=""https://frappe.io/crm"">Frappe CRM</a> بدلاً منها.",
"This module is scheduled for deprecation and will be completely removed in version 17, please use <a href=""https://frappe.io/helpdesk"">Frappe Helpdesk</a> instead.","هذه الوحدة من المقرر إيقافها وسيتم إزالتها تماماً في الإصدار 17، يرجى استخدام <a href=""https://frappe.io/helpdesk"">Frappe Helpdesk</a> بدلاً منها.",
To Delete list generated with {0} DocTypes,قائمة 'للحذف' التي تم إنشاؤها تحتوي على {0} من أنواع المستندات,
"To not apply Pricing Rule in a particular transaction, all applicable Pricing Rules should be disabled.",لعدم تطبيق قاعدة تسعير في معاملة معينة، يجب تعطيل جميع قواعد التسعير المعمول بها.,
"Total Completed Qty is required for Job Card {0}, please start and complete the job card before submission",إجمالي الكمية المكتملة مطلوب لبطاقة العمل {0}، يرجى بدء وإكمال بطاقة العمل قبل التقديم.,
Total distributed amount {0} must be equal to Budget Amount {1},إجمالي المبلغ الموزع {0} يجب أن يساوي مبلغ الميزانية {1}.,
Transaction Deletion Record {0} is currently deleting {1}. Cannot save documents until deletion completes.,سجل حذف المعاملات {0} يقوم حالياً بحذف {1}. لا يمكن حفظ المستندات حتى يكتمل الحذف.,
Transaction for which tax is withheld,المعاملة التي تم استقطاع الضريبة لأجلها,
Transaction from which tax is withheld,المعاملة التي تم استقطاع الضريبة منها,
Type of financial statement this template generates,نوع القائمة المالية التي ينشئها هذا القالب,
Unable to fetch DocType details. Please contact system administrator.,تعذر جلب تفاصيل نوع المستند. يرجى الاتصال بمسؤول النظام.,
Under Withheld,استقطاع أقل من المطلوب,
Updated {0} Financial Report Row(s) with new category name,تم تحديث {0} سطر/أسطر من صفوف التقارير المالية باسم الفئة الجديد.,
"Upon enabling this, the JV will be submitted for a different exchange rate.",عند تفعيل هذا، سيتم تقديم قيد اليومية بسعر صرف مختلف.,
Use <strong>Python</strong> filters to get Accounts,استخدم مرشحات <strong>Python</strong> للحصول على الحسابات,
Use CSV Sniffer,استخدم CSV Sniffer,
Use Posting Datetime for Naming Documents,استخدام تاريخ ووقت الترحيل لتسمية المستندات,
Use Prices from Default Price List as Fallback,استخدام الأسعار من قائمة الأسعار الافتراضية كحل بديل,
Users can make manufacture entry against Job Cards,يمكن للمستخدمين إنشاء قيود تصنيع مقابل بطاقات العمل,
Users with this role will be notified if the asset depreciation gets failed,سيتم إخطار المستخدمين بهذا الدور في حال فشل إهلاك الأصول,
Warning: Quantity exceeds maximum producible quantity based on quantity of raw materials received through the Subcontracting Inward Order {0}.,تحذير: الكمية تتجاوز الحد الأقصى للكمية القابلة للإنتاج بناءً على كمية المواد الخام المستلمة من خلال أمر التعاقد من الباطن الوارد {0}.,
Warning: This action cannot be undone!,تحذير: لا يمكن التراجع عن هذا الإجراء!,
"We can see {0} is made against {1}. If you want {1}'s outstanding to be updated, uncheck the '{2}' checkbox.",يمكننا رؤية أن {0} قد تم مقابل {1}. إذا كنت تريد تحديث المستحقات لـ {1}، قم بإلغاء تحديد مربع الاختيار '{2}'.,
What will be deleted:,ما سيتم حذفه:,
"When checked, only cumulative threshold will be applied",عند التحديد، سيتم تطبيق الحد التراكمي فقط,
"When checked, only transaction threshold will be applied for transaction individually",عند التحديد، سيتم تطبيق حد المعاملة فقط لكل معاملة على حدة,
"When checked, the system will use the posting datetime of the document for naming the document instead of the creation datetime of the document.",عند التحديد، سيستخدم النظام تاريخ ووقت ترحيل المستند لتسمية المستند بدلاً من تاريخ ووقت إنشاء المستند.,
"When there are multiple finished goods ({0}) in a Repack stock entry, the basic rate for all finished goods must be set manually. To set rate manually, enable the checkbox 'Set Basic Rate Manually' in the respective finished good row.",عندما يكون هناك عدة منتجات تامة ({0}) في قيد مخزون إعادة تعبئة، يجب تعيين المعدل الأساسي لجميع المنتجات التامة يدوياً. لتعيين المعدل يدوياً، قم بتفعيل مربع الاختيار 'تعيين المعدل الأساسي يدوياً' في سطر المنتج التام المعني.,
You can use {0} to reconcile against {1} later.,يمكنك استخدام {0} لإجراء التسوية مقابل {1} لاحقاً.,
You cannot enable both the settings '{0}' and '{1}'.,لا يمكنك تفعيل كل من الإعدادين '{0}' و '{1}' معاً.,
"You cannot outward following {0} as either they are Delivered, Inactive or located in a different warehouse.",لا يمكنك صرف {0} التالية لأنها إما مسلّمة، أو غير نشطة، أو موجودة في مستودع مختلف.,
You have enabled {0} and {1} in {2}. This can lead to prices from the default price list being inserted in the transaction price list.,لقد قمت بتفعيل {0} و {1} في {2}. قد يؤدي ذلك إلى إدراج أسعار من قائمة الأسعار الافتراضية في قائمة أسعار المعاملة.,
You have enabled {0} and {1} in {2}. This can lead to prices from the default price list being inserted into the transaction price list.,لقد قمت بتفعيل {0} و {1} في {2}. قد يؤدي ذلك إلى إدراج أسعار من قائمة الأسعار الافتراضية في قائمة أسعار المعاملة.,
{0} cannot be changed with opened Opening Entries.,لا يمكن تغيير {0} في ظل وجود قيود افتتاحية مفتوحة.,
{0} creation for the following records will be skipped.,سيتم تخطي إنشاء {0} للسجلات التالية.,
{0} is a child table and will be deleted automatically with its parent,{0} هو جدول فرعي وسيتم حذفه تلقائياً مع الجدول الأصلي الخاص به,
{0} is in Draft. Submit it before creating the Asset.,{0} في حالة مسودة. يرجى تقديمه قبل إنشاء الأصل.,
{0} is open. Close the POS or cancel the existing POS Opening Entry to create a new POS Opening Entry.,{0} مفتوح. أغلق نقطة البيع أو ألغِ قيد افتتاح نقطة البيع الحالي لإنشاء قيد افتتاح جديد.,
{0} view is currently unsupported in Custom Financial Report.,عرض {0} غير مدعوم حالياً في التقرير المالي المخصص.,
{0} will be set as the {1} in subsequently scanned items,سيتم تعيين {0} كـ {1} في الأصناف الممسوحة ضوئياً لاحقاً,
{0}: Child table (auto-deleted with parent),{0}: جدول فرعي (يُحذف تلقائياً مع الأصل),
{0}: Virtual DocType (no database table),{0}: نوع مستند افتراضي (لا يوجد جدول في قاعدة البيانات),
"
			The Batch {0} of an item {1} has negative stock in the warehouse {2}. Please add a stock quantity of {3} to proceed with this entry.","
			الدفعة {0} للصنف {1} لديها رصيد سالب في المستودع {2}. يرجى إضافة كمية {3} للمتابعة في هذا القيد.",
 Address, العنوان,
 Amount, المبلغ,
 BOM, قائمة المواد,
 Default Work In Progress Warehouse , المستودع الافتراضي للأعمال قيد التنفيذ ,
 Is Child Table, هل هو جدول فرعي,
 Is Subcontracted, هل هو تعاقد من الباطن,
 Item, الصنف,
 Name, الاسم,
 Phantom Item, صنف وهمي,
 Rate, السعر,
 Raw Material, مادة خام,
 Skip Material Transfer, تخطي نقل المواد,
 Sub Assembly, تجميع فرعي,
 Summary, ملخص,
"""Customer Provided Item"" cannot be Purchase Item also","""الأصناف المقدمة من العملاء"" لا يمكن شرائها",
"""Customer Provided Item"" cannot have Valuation Rate","""الأصناف المقدمة من العملاء"" لا يمكن ان تحتوي على تكلفة",
"""Is Fixed Asset"" cannot be unchecked, as Asset record exists against the item","""اصل ثابت"" لا يمكن أن يكون غير محدد، حيث يوجد سجل أصول مقابل البند",
"""SN-01::10"" for ""SN-01"" to ""SN-10""","""SN-01::10"" لـ ""SN-01"" إلى ""SN-10""",
# In Stock,# في المخزون,
# Req'd Items,# الأصناف المطلوبة,
%  Delivered,٪ تم التسليم,
% Amount Billed,٪ المبلغ المفوتر,
% Billed,٪ مفوتر,
% Complete Method,٪ طريقة الإكمال,
% Completed,٪ مكتمل,
% Delivered,% تم تسليمه,
% Finished Item Quantity,٪ كمية الصنف المنتهي,
% Installed,٪ تم التركيب,
% Occupied,٪ مشغول,
% Of Grand Total,٪ من المجموع الكلي,
% Ordered,% تم طلبه,
% Picked,٪ تم الانتقاء,
% Process Loss,٪ خسارة العملية,
% Produced,% تم إنتاجه,
% Progress,٪ التقدم,
% Raw Material Received,% المواد الخام المستلمة,
% Raw Material Returned,% المواد الخام المُرجعة,
% Received,% تم استلامه,
% Returned,% تم إرجاعه,
% of materials billed against this Sales Order,% المواد المفوترة مقابل أمر البيع هذا,
% of materials delivered against this Pick List,% المواد المسلَّمة مقابل قائمة الانتقاء هذه,
% of materials delivered against this Sales Order,% المواد المسلَّمة مقابل أمر البيع هذا,
'Account' in the Accounting section of Customer {0},'الحساب' في قسم المحاسبة للعميل {0},
'Allow Multiple Sales Orders Against a Customer's Purchase Order','السماح بأوامر بيع متعددة مقابل أمر شراء العميل',
'Based On' and 'Group By' can not be same,'على أساس' و 'المجموعة حسب' لا يمكن أن يكونا نفس الشيء,
'Days Since Last Order' must be greater than or equal to zero,"يجب أن تكون ""الأيام منذ آخر طلب"" أكبر من أو تساوي الصفر",
'Default {0} Account' in Company {1},'حساب {0} الافتراضي' في الشركة {1},
'Entries' cannot be empty,لا يمكن أن تكون القيود فارغة,
'From Date' is required,من تاريخ (مطلوب),
'From Date' must be after 'To Date',"""من تاريخ "" يجب أن يكون بعد "" إلى تاريخ """,
'Has Serial No' can not be 'Yes' for non-stock item,"""لهُ رقم تسلسل"" لا يمكن ان يكون ""نعم"" لبند غير قابل للتخزين",
"'Inspection Required before Delivery' has disabled for the item {0}, no need to create the QI",تم تعطيل 'الفحص مطلوب قبل التسليم' للصنف {0}، لا حاجة لإنشاء فحص الجودة,
"'Inspection Required before Purchase' has disabled for the item {0}, no need to create the QI",تم تعطيل 'الفحص مطلوب قبل الشراء' للصنف {0}، لا حاجة لإنشاء فحص الجودة,
'Opening','افتتاحي',
'To Date' is required,' إلى تاريخ ' مطلوب,
'To Package No.' cannot be less than 'From Package No.','رقم الطرد إلى' لا يمكن أن يكون أقل من 'رقم الطرد من'.,
'Update Stock' can not be checked because items are not delivered via {0},"""الأوراق المالية التحديث"" لا يمكن التحقق من أنه لم يتم تسليم المواد عن طريق {0}",
'Update Stock' cannot be checked for fixed asset sale,لا يمكن التحقق من ' تحديث المخزون ' لبيع الأصول الثابتة,
'{0}' account is already used by {1}. Use another account.,الحساب '{0}' مستخدم بالفعل بواسطة {1}. استخدم حسابًا آخر.,
'{0}' has been already added.,تمت إضافة '{0}' بالفعل.,
'{0}' should be in company currency {1}.,يجب أن يكون '{0}' بعملة الشركة {1}.,
(A) Qty After Transaction,(أ) الكمية بعد المعاملة,
(B) Expected Qty After Transaction,(ب) الكمية المتوقعة بعد المعاملة,
(C) Total Qty in Queue,(ج) إجمالي الكمية في قائمة الانتظار,
(C) Total qty in queue,(ج) إجمالي الكمية في قائمة الانتظار,
(D) Balance Stock Value,(د) قيمة رصيد المخزون,
(E) Balance Stock Value in Queue,(هـ) قيمة رصيد المخزون في قائمة الانتظار,
(F) Change in Stock Value,(و) التغير في قيمة المخزون,
(Forecast),(توقعات),
(G) Sum of Change in Stock Value,(ز) مجموع التغير في قيمة المخزون,
(H) Change in Stock Value (FIFO Queue),(ح) التغير في قيمة المخزون (قائمة انتظار FIFO),
(H) Valuation Rate,(ح) معدل التقييم,
(Hour Rate / 60) * Actual Operation Time,(سعر الساعة / 60) * وقت العمل الفعلي,
(I) Valuation Rate,(ط) معدل التقييم,
(J) Valuation Rate as per FIFO,(ي) معدل التقييم حسب FIFO,
(K) Valuation = Value (D) ÷ Qty (A),(ك) التقييم = القيمة (د) ÷ الكمية (أ),
(Purchase Order + Material Request + Actual Expense),(أمر الشراء + طلب المواد + المصروف الفعلي),
(including),(تتضمن),
* Will be calculated in the transaction.,* سيتم احتسابه في المعاملة.,
0 - 30 Days,0 - 30 يومًا,
0-30,0-30,
0-30 Days,0-30 يومًا,
1 Loyalty Points = How much base currency?,1 نقاط الولاء = كم العملة الأساسية؟,
1 hr,1 ساعة,
1-10,1-10,
1000+,+1000,
11-50,11-50,
1{0},1{0},
2 Yearly,عامين,
201-500,201-500,
3 Yearly,كل 3 سنوات,
30 - 60 Days,30 - 60 يومًا,
30 mins,30 دقيقة,
30-60,30-60,
30-60 Days,30-60 يومًا,
501-1000,501-1000,
51-200,51-200,
6 hrs,6 ساعات,
60 - 90 Days,60 - 90 يومًا,
60-90,60-90,
60-90 Days,60-90 يومًا,
90 - 120 Days,90 - 120 يومًا,
90 Above,أكثر من 90,
<b>From Time</b> cannot be later than <b>To Time</b> for {0},<b>من الوقت</b> لا يمكن أن يكون بعد من <b>إلى الوقت</b> لـ {0},
"<br>
<h4>Note</h4>
<ul>
<li>
You can use <a href=""https://jinja.palletsprojects.com/en/2.11.x/"" target=""_blank"">Jinja tags</a> in <b>Subject</b> and <b>Body</b> fields for dynamic values.
</li><li>
    All fields in this doctype are available under the <b>doc</b> object and all fields for the customer to whom the mail will go to is available under the  <b>customer</b> object.
</li></ul>
<h4> Examples</h4>
<!-- {% raw %} -->
<ul>
    <li><b>Subject</b>:<br><br><pre><code>Statement Of Accounts for {{ customer.customer_name }}</code></pre><br></li>
    <li><b>Body</b>: <br><br>
<pre><code>Hello {{ customer.customer_name }},<br>PFA your Statement Of Accounts from {{ doc.from_date }} to {{ doc.to_date }}.</code> </pre></li>
</ul>
<!-- {% endraw %} -->","<br>
<h4>ملاحظة</h4>
<ul>
<li>
يمكنك استخدام <a href=""https://jinja.palletsprojects.com/en/2.11.x/"" target=""_blank"">علامات Jinja</a> في حقلي <b>الموضوع</b> و<b>النص الأساسي</b> للقيم الديناميكية.
</li><li>
    جميع الحقول في نوع المستند هذا متاحة ضمن كائن <b>doc</b> وجميع الحقول الخاصة بالعميل الذي سيُرسل إليه البريد متاحة ضمن كائن <b>customer</b>.
</li></ul>
<h4> أمثلة</h4>
<!-- {% raw %} -->
<ul>
    <li><b>الموضوع</b>:<br><br><pre><code>كشف حساب لـ {{ customer.customer_name }}</code></pre><br></li>
    <li><b>النص الأساسي</b>: <br><br>
<pre><code>مرحبًا {{ customer.customer_name }}،<br>مرفق طيه كشف حسابك من {{ doc.from_date }} إلى {{ doc.to_date }}.</code> </pre></li>
</ul>
<!-- {% endraw %} -->",
"<div class=""columnHeading"">Other Details</div>","<div class=""columnHeading"">تفاصيل أخرى</div>",
"<div class=""text-muted text-center"">No Matching Bank Transactions Found</div>","<div class=""text-muted text-center"">لم يتم العثور على معاملات بنكية مطابقة</div>",
"<div class=""text-muted text-center"">{0}</div>","<div class=""text-muted text-center"">{0}</div>",
"<div>
<h3> All dimensions in centimeter only </h3>
</div>","<div>
<h3> جميع الأبعاد بالسنتيمتر فقط </h3>
</div>",
"<h3>About Product Bundle</h3>

<p>Aggregate group of <b>Items</b> into another <b>Item</b>. This is useful if you are bundling a certain <b>Items</b> into a package and you maintain stock of the packed <b>Items</b> and not the aggregate <b>Item</b>.</p>
<p>The package <b>Item</b> will have <code>Is Stock Item</code> as <b>No</b> and <code>Is Sales Item</code> as <b>Yes</b>.</p>
<h4>Example:</h4>
<p>If you are selling Laptops and Backpacks separately and have a special price if the customer buys both, then the Laptop + Backpack will be a new Product Bundle Item.</p>","<h3>حول حزمة المنتج</h3>

<p>تجميع مجموعة من <b>الأصناف</b> في <b>صنف</b> آخر. هذا مفيد إذا كنت تقوم بتجميع <b>أصناف</b> معينة في حزمة وتحتفظ بمخزون <b>الأصناف</b> المعبأة وليس <b>الصنف</b> المجمع.</p>
<p>سيكون لدى <b>الصنف</b> المعبأ <code>هل هو صنف مخزون</code> كـ <b>لا</b> و <code>هل هو صنف مبيعات</code> كـ <b>نعم</b>.</p>
<h4>مثال:</h4>
<p>إذا كنت تبيع أجهزة كمبيوتر محمولة وحقائب ظهر بشكل منفصل ولديك سعر خاص إذا اشترى العميل كليهما، فسيكون الكمبيوتر المحمول + حقيبة الظهر صنف حزمة منتج جديد.</p>",
"<h3>Currency Exchange Settings Help</h3>
<p>There are 3 variables that could be used within the endpoint, result key and in values of the parameter.</p>
<p>Exchange rate between {from_currency} and {to_currency} on {transaction_date} is fetched by the API.</p>
<p>Example: If your endpoint is exchange.com/2021-08-01, then, you will have to input exchange.com/{transaction_date}</p>","<h3>مساعدة إعدادات صرف العملات</h3>
<p>هناك 3 متغيرات يمكن استخدامها داخل نقطة النهاية، مفتاح النتيجة وفي قيم المعلمة.</p>
<p>يتم جلب سعر الصرف بين {from_currency} و {to_currency} في {transaction_date} بواسطة واجهة برمجة التطبيقات.</p>
<p>مثال: إذا كانت نقطة النهاية الخاصة بك هي exchange.com/2021-08-01، فعليك إدخال exchange.com/{transaction_date}</p>",
"<h4>Body Text and Closing Text Example</h4>

<div>We have noticed that you have not yet paid invoice {{sales_invoice}} for {{frappe.db.get_value(""Currency"", currency, ""symbol"")}} {{outstanding_amount}}. This is a friendly reminder that the invoice was due on {{due_date}}. Please pay the amount due immediately to avoid any further dunning cost.</div>

<h4>How to get fieldnames</h4>

<p>The fieldnames you can use in your template are the fields in the document. You can find out the fields of any documents via Setup &gt; Customize Form View and selecting the document type (e.g. Sales Invoice)</p>

<h4>Templating</h4>

<p>Templates are compiled using the Jinja Templating Language. To learn more about Jinja, <a class=""strong"" href=""http://jinja.pocoo.org/docs/dev/templates/"">read this documentation.</a></p>","<h4>مثال على نص الرسالة والنص الختامي</h4>

<div>لقد لاحظنا أنك لم تسدد بعد فاتورة {{sales_invoice}} بقيمة {{frappe.db.get_value(""Currency"", currency, ""symbol"")}} {{outstanding_amount}}. هذا تذكير ودي بأن الفاتورة كانت مستحقة في {{due_date}}. يرجى سداد المبلغ المستحق فورًا لتجنب أي تكاليف مطالبة إضافية.</div>

<h4>كيفية الحصول على أسماء الحقول</h4>

<p>أسماء الحقول التي يمكنك استخدامها في القالب الخاص بك هي الحقول الموجودة في المستند. يمكنك معرفة حقول أي مستندات عبر الإعداد > تخصيص عرض النموذج واختيار نوع المستند (مثل فاتورة المبيعات)</p>

<h4>القولبة</h4>

<p>يتم تجميع القوالب باستخدام لغة قوالب Jinja. لمعرفة المزيد حول Jinja، <a class=""strong"" href=""http://jinja.pocoo.org/docs/dev/templates/"">اقرأ هذا التوثيق.</a></p>",
"<h4>Contract Template Example</h4>

<pre>Contract for Customer {{ party_name }}

-Valid From : {{ start_date }} 
-Valid To : {{ end_date }}
</pre>

<h4>How to get fieldnames</h4>

<p>The field names you can use in your Contract Template are the fields in the Contract for which you are creating the template. You can find out the fields of any documents via Setup &gt; Customize Form View and selecting the document type (e.g. Contract)</p>

<h4>Templating</h4>

<p>Templates are compiled using the Jinja Templating Language. To learn more about Jinja, <a class=""strong"" href=""http://jinja.pocoo.org/docs/dev/templates/"">read this documentation.</a></p>","<h4>مثال على قالب العقد</h4>

<pre>عقد للعميل {{ party_name }}

-صالح من : {{ start_date }} 
-صالح حتى : {{ end_date }}
</pre>

<h4>كيفية الحصول على أسماء الحقول</h4>

<p>أسماء الحقول التي يمكنك استخدامها في قالب العقد الخاص بك هي الحقول الموجودة في العقد الذي تقوم بإنشاء القالب له. يمكنك معرفة حقول أي مستندات عبر الإعداد > تخصيص عرض النموذج واختيار نوع المستند (مثل العقد)</p>

<h4>القولبة</h4>

<p>يتم تجميع القوالب باستخدام لغة قوالب Jinja. لمعرفة المزيد حول Jinja، <a class=""strong"" href=""http://jinja.pocoo.org/docs/dev/templates/"">اقرأ هذا التوثيق.</a></p>",
"<h4>Standard Terms and Conditions Example</h4>

<pre>Delivery Terms for Order number {{ name }}

-Order Date : {{ transaction_date }} 
-Expected Delivery Date : {{ delivery_date }}
</pre>

<h4>How to get fieldnames</h4>

<p>The fieldnames you can use in your email template are the fields in the document from which you are sending the email. You can find out the fields of any documents via Setup &gt; Customize Form View and selecting the document type (e.g. Sales Invoice)</p>

<h4>Templating</h4>

<p>Templates are compiled using the Jinja Templating Language. To learn more about Jinja, <a class=""strong"" href=""http://jinja.pocoo.org/docs/dev/templates/"">read this documentation.</a></p>","<h4>مثال على الشروط والأحكام القياسية</h4>

<pre>شروط التسليم لرقم الطلب {{ name }}

-تاريخ الطلب : {{ transaction_date }} 
-تاريخ التسليم المتوقع : {{ delivery_date }}
</pre>

<h4>كيفية الحصول على أسماء الحقول</h4>

<p>أسماء الحقول التي يمكنك استخدامها في قالب البريد الإلكتروني الخاص بك هي الحقول الموجودة في المستند الذي ترسل منه البريد الإلكتروني. يمكنك معرفة حقول أي مستندات عبر الإعداد > تخصيص عرض النموذج واختيار نوع المستند (مثل فاتورة المبيعات)</p>

<h4>القولبة</h4>

<p>يتم تجميع القوالب باستخدام لغة قوالب Jinja. لمعرفة المزيد حول Jinja، <a class=""strong"" href=""http://jinja.pocoo.org/docs/dev/templates/"">اقرأ هذا التوثيق.</a></p>",
"<label class=""control-label"" style=""margin-bottom: 0px;"">Account Number Settings</label>","<label class=""control-label"" style=""margin-bottom: 0px;"">إعدادات رقم الحساب</label>",
"<label class=""control-label"" style=""margin-bottom: 0px;"">Amount In Words</label>","<label class=""control-label"" style=""margin-bottom: 0px;"">المبلغ بالكلمات</label>",
"<label class=""control-label"" style=""margin-bottom: 0px;"">Date Settings</label>","<label class=""control-label"" style=""margin-bottom: 0px;"">إعدادات التاريخ</label>",
<p>Following {0}s doesn't belong to Company {1} :</p>,<p>{0} التالية لا تنتمي إلى الشركة {1} :</p>,
"<p>In your <b>Email Template</b>, you can use the following special variables:
</p>
<ul>
        <li>
            <code>{{ update_password_link }}</code>: A link where your supplier can set a new password to log into your portal.
        </li>
        <li>
            <code>{{ portal_link }}</code>: A link to this RFQ in your supplier portal.
        </li>
        <li>
            <code>{{ supplier_name }}</code>: The company name of your supplier.
        </li>
        <li>
            <code>{{ contact.salutation }} {{ contact.last_name }}</code>: The contact person of your supplier.
        </li><li>
            <code>{{ user_fullname }}</code>: Your full name.
        </li>
    </ul>
<p></p>
<p>Apart from these, you can access all values in this RFQ, like <code>{{ message_for_supplier }}</code> or <code>{{ terms }}</code>.</p>","<p>في <b>قالب البريد الإلكتروني</b> الخاص بك، يمكنك استخدام المتغيرات الخاصة التالية:
</p>
<ul>
        <li>
            <code>{{ update_password_link }}</code>: رابط حيث يمكن للمورد الخاص بك تعيين كلمة مرور جديدة لتسجيل الدخول إلى بوابتك.
        </li>
        <li>
            <code>{{ portal_link }}</code>: رابط لطلب عرض الأسعار هذا في بوابة المورد الخاصة بك.
        </li>
        <li>
            <code>{{ supplier_name }}</code>: اسم شركة المورد الخاص بك.
        </li>
        <li>
            <code>{{ contact.salutation }} {{ contact.last_name }}</code>: الشخص المسؤول عن الاتصال لدى المورد الخاص بك.
        </li><li>
            <code>{{ user_fullname }}</code>: اسمك الكامل.
        </li>
    </ul>
<p></p>
<p>بصرف النظر عن هذه، يمكنك الوصول إلى جميع القيم في طلب عرض الأسعار هذا، مثل <code>{{ message_for_supplier }}</code> أو <code>{{ terms }}</code>.</p>",
<p>Please correct the following row(s):</p><ul>,<p>يرجى تصحيح الصفوف التالية:</p><ul>,
"<p>Price List Rate has not been set as editable in Selling Settings. In this scenario, setting <strong>Update Price List Based On</strong> to <strong>Price List Rate</strong> will prevent auto-updation of Item Price.</p>Are you sure you want to continue?",<p>لم يتم تعيين سعر قائمة الأسعار كقابل للتعديل في إعدادات البيع. في هذا السيناريو، سيؤدي تعيين <strong>تحديث قائمة الأسعار بناءً على</strong> إلى <strong>سعر قائمة الأسعار</strong> إلى منع التحديث التلقائي لسعر الصنف.</p>هل أنت متأكد أنك تريد المتابعة؟,
"<p>To allow over-billing, please set allowance in Accounts Settings.</p>",<p>للسماح بتجاوز الفوترة، يرجى تعيين نسبة السماح في إعدادات الحسابات.</p>,
"<pre><h5>Message Example</h5>

&lt;p&gt; Thank You for being a part of {{ doc.company }}! We hope you are enjoying the service.&lt;/p&gt;

&lt;p&gt; Please find enclosed the E Bill statement. The outstanding amount is {{ doc.grand_total }}.&lt;/p&gt;

&lt;p&gt; We don't want you to be spending time running around in order to pay for your Bill.<br>After all, life is beautiful and the time you have in hand should be spent to enjoy it!<br>So here are our little ways to help you get more time for life! &lt;/p&gt;

&lt;a href=""{{ payment_url }}""&gt; click here to pay &lt;/a&gt;

</pre>
","<pre><h5>مثال على الرسالة</h5>

&lt;p&gt; شكرًا لكونك جزءًا من {{ doc.company }}! نأمل أن تستمتع بالخدمة.&lt;/p&gt;

&lt;p&gt; يرجى الاطلاع على كشف الفاتورة الإلكترونية المرفق. المبلغ المستحق هو {{ doc.grand_total }}.&lt;/p&gt;

&lt;p&gt; لا نريد أن تقضي وقتك في التنقل لدفع فاتورتك.<br>ففي النهاية، الحياة جميلة والوقت الذي لديك يجب أن تقضيه في الاستمتاع بها!<br>لذا إليك طرقنا الصغيرة لمساعدتك في الحصول على مزيد من الوقت للحياة! &lt;/p&gt;

&lt;a href=""{{ payment_url }}""&gt; انقر هنا للدفع &lt;/a&gt;

</pre>
",
"<pre><h5>Message Example</h5>

&lt;p&gt;Dear {{ doc.contact_person }},&lt;/p&gt;

&lt;p&gt;Requesting payment for {{ doc.doctype }}, {{ doc.name }} for {{ doc.grand_total }}.&lt;/p&gt;

&lt;a href=""{{ payment_url }}""&gt; click here to pay &lt;/a&gt;

</pre>
","<pre><h5>مثال على الرسالة</h5>

&lt;p&gt;عزيزي {{ doc.contact_person }}،&lt;/p&gt;

&lt;p&gt;نطلب سدادًا لـ {{ doc.doctype }}، {{ doc.name }} بمبلغ {{ doc.grand_total }}.&lt;/p&gt;

&lt;a href=""{{ payment_url }}""&gt; انقر هنا للدفع &lt;/a&gt;

</pre>
",
"<span class=""h4""><b>Masters &amp; Reports</b></span>","<span class=""h4""><b>البيانات الرئيسية والتقارير</b></span>",
"<span class=""h4""><b>Quick Access</b></span>","<span class=""h4""><b>وصول سريع</b></span>",
"<span class=""h4""><b>Reports &amp; Masters</b></span>","<span class=""h4""><b>التقارير والبيانات الرئيسية</b></span>",
"<span class=""h4""><b>Subcontracting Inward and Outward</b></span>","<span class=""h4""><b>التعاقد من الباطن الوارد والصادر</b></span>",
"<span class=""h4""><b>Your Shortcuts
			
		
			
		
			
		</b></span>","<span class=""h4""><b>اختصاراتك
			
		
			
		
			
		</b></span>",
"<span class=""h4""><b>Your Shortcuts</b></span>","<span class=""h4""><b>اختصاراتك</b></span>",
<strong>Grand Total:</strong> {0},<strong>المجموع الكلي:</strong> {0},
<strong>Outstanding Amount:</strong> {0},<strong>المبلغ المستحق:</strong> {0},
"<table class=""table table-bordered table-condensed"">
<thead>
  <tr>
         <th class=""table-sr"" style=""width: 50%;"">Child Document</th>
         <th class=""table-sr"" style=""width: 50%;"">Non Child Document</th>
   </tr>
</thead>
<tbody>
<tr>
         <td>
                  <p> To access parent document field use parent.fieldname and to access child table document field use doc.fieldname </p>

         </td>
         <td>
                    <p>To access document field use doc.fieldname </p>
         </td>
</tr>
<tr>
        <td>
                   <p><b>Example: </b> parent.doctype == ""Stock Entry"" and doc.item_code == ""Test"" </p>

        </td>
         <td>
                   <p><b>Example: </b> doc.doctype == ""Stock Entry"" and doc.purpose == ""Manufacture""</p>    
          </td>
</tr>

</tbody>
</table>






","<table class=""table table-bordered table-condensed"">
<thead>
  <tr>
         <th class=""table-sr"" style=""width: 50%;"">مستند فرعي</th>
         <th class=""table-sr"" style=""width: 50%;"">مستند غير فرعي</th>
   </tr>
</thead>
<tbody>
<tr>
         <td>
                  <p> للوصول إلى حقل المستند الأصلي استخدم parent.fieldname وللوصول إلى حقل مستند الجدول الفرعي استخدم doc.fieldname </p>

         </td>
         <td>
                    <p>للوصول إلى حقل المستند استخدم doc.fieldname </p>
         </td>
</tr>
<tr>
        <td>
                   <p><b>مثال: </b> parent.doctype == ""Stock Entry"" and doc.item_code == ""Test"" </p>

        </td>
         <td>
                   <p><b>مثال: </b> doc.doctype == ""Stock Entry"" and doc.purpose == ""Manufacture""</p>    
          </td>
</tr>

</tbody>
</table>






",
A - B,أ - ب,
A - C,أ - ج,
A Customer Group exists with same name please change the Customer name or rename the Customer Group,مجموعة الزبائن موجودة بنفس الاسم أرجو تغير اسم العميل أو اعادة تسمية مجموعة الزبائن,
A Holiday List can be added to exclude counting these days for the Workstation.,يمكن إضافة قائمة عطلات لاستبعاد حساب هذه الأيام لمحطة العمل.,
A Lead requires either a person's name or an organization's name,يتطلب العميل المتوقع اسم شخص أو اسم مؤسسة,
A Packing Slip can only be created for Draft Delivery Note.,لا يمكن إنشاء قسيمة تعبئة إلا لمسودة إذن التسليم.,
"A Price List is a collection of Item Prices either Selling, Buying, or both",قائمة الأسعار هي مجموعة من أسعار الأصناف سواء للبيع أو الشراء أو كليهما,
"A Product or a Service that is bought, sold or kept in stock.",منتج أو خدمة يتم شراؤها أو بيعها أو الاحتفاظ بها في المخزون.,
A Reconciliation Job {0} is running for the same filters. Cannot reconcile now,مهمة تسوية {0} قيد التشغيل لنفس عوامل التصفية. لا يمكن إجراء التسوية الآن,
A Reverse Journal Entry {0} already exists for this Journal Entry.,يوجد بالفعل قيد يومية عكسي {0} لقيد اليومية هذا.,
A condition for a Shipping Rule,شرط لقاعدة شحن,
A customer must have primary contact email.,يجب أن يكون لدى العميل بريد إلكتروني أساسي للاتصال.,
A driver must be set to submit.,يجب تعيين سائق للإرسال.,
A logical Warehouse against which stock entries are made.,مستودع منطقي يتم مقابله قيود المخزون.,
A new appointment has been created for you with {0},تم إنشاء موعد جديد لك من خلال {0},
A template with tax category {0} already exists. Only one template is allowed with each tax category,يوجد بالفعل قالب بفئة الضريبة {0}. يُسمح بقالب واحد فقط لكل فئة ضريبية,
A third party distributor / dealer / commission agent / affiliate / reseller who sells the companies products for a commission.,موزع / تاجر / وكيل عمولة / تابع / بائع تجزئة من طرف ثالث يبيع منتجات الشركات مقابل عمولة.,
A+,+A,
A-,-A,
AB+,+AB,
AB-,-AB,
ACC-PINV-.YYYY.-,ACC-PINV-.YYYY.-,
AMC Expiry (Serial),انتهاء عقد الصيانة السنوي (الرقم التسلسلي),
AMC Expiry Date,AMC تاريخ انتهاء الاشتراك,
API Details,تفاصيل واجهة برمجة التطبيقات (API),
AWB Number,رقم بوليصة الشحن الجوي,
Abampere,أبامبير,
Abbr,اسم مختصر,
Abbreviation,اسم مختصر,
Abbreviation already used for another company,الاختصار يستخدم بالفعل لشركة أخرى,
Abbreviation is mandatory,الاسم المختصر إلزامي,
Abbreviation: {0} must appear only once,الاختصار: {0} يجب أن يظهر مرة واحدة فقط,
Above,أعلى من,
Above 120 Days,أكثر من 120 يومًا,
Academics User,المستخدمين الأكادميين,
Acceptance Criteria Formula,صيغة معايير القبول,
Acceptance Criteria Value,قيمة معايير القبول,
Accepted Qty,الكمية المطلوبة,
Accepted Qty in Stock UOM,الكمية المقبولة بوحدة قياس المخزون,
Accepted Quantity,كمية مقبولة,
Accepted Warehouse,مستودع مقبول,
Access Key,مفتاح الوصول,
Access Key is required for Service Provider: {0},مفتاح الوصول مطلوب لمقدم الخدمة: {0},
According to CEFACT/ICG/2010/IC013 or CEFACT/ICG/2010/IC010,وفقًا لـ CEFACT/ICG/2010/IC013 أو CEFACT/ICG/2010/IC010,
"According to the BOM {0}, the Item '{1}' is missing in the stock entry.",وفقًا لقائمة المواد {0}، الصنف '{1}' مفقود في قيد المخزون.,
Account Balance,رصيد حسابك,
Account Category,فئة الحساب,
Account Category Name,اسم فئة الحساب,
Account Closing Balance,رصيد إقفال الحساب,
Account Currency,عملة الحساب,
Account Currency (From),عملة الحساب (من),
Account Currency (To),عملة الحساب (إلى),
Account Data,بيانات الحساب,
Account Detail Level,مستوى تفاصيل الحساب,
Account Details,تفاصيل الحساب,
Account Head,رئيس حساب,
Account Manager,إدارة حساب المستخدم,
Account Missing,الحساب مفقود,
Account Name,اسم الحساب,
Account Not Found,الحساب غير موجود,
Account Number,رقم الحساب,
Account Number {0} already used in account {1},رقم الحساب {0} بالفعل مستخدم في الحساب {1},
Account Opening Balance,رصيد افتتاح الحساب,
Account Paid From,حساب مدفوع من,
Account Paid To,حساب مدفوع ل,
Account Pay Only,حساب الدفع فقط,
Account Subtype,نوع الحساب الفرعي,
Account Type,نوع الحساب,
Account Value,قيمة الحساب,
"Account balance already in Credit, you are not allowed to set 'Balance Must Be' as 'Debit'",رصيد الحساب بالفعل دائن، لا يسمح لك لتعيين ' الرصيد يجب ان يكون ' ك ' مدين ',
"Account balance already in Debit, you are not allowed to set 'Balance Must Be' as 'Credit'",رصيد الحساب رصيد مدين، لا يسمح لك بتغييره 'الرصيد يجب أن يكون دائن',
Account for Change Amount,حساب لتغيير المبلغ,
Account is mandatory,الحساب إلزامي,
Account is mandatory to get payment entries,الحساب إلزامي للحصول على قيود الدفع,
Account is not set for the dashboard chart {0},لم يتم تعيين الحساب لمخطط لوحة المعلومات {0},
Account not Found,الحساب غير موجود,
Account with child nodes cannot be converted to ledger,لا يمكن تحويل الحساب إلى دفتر الأستاذ لأن لديه حسابات فرعية,
Account with child nodes cannot be set as ledger,الحساب لديه حسابات فرعية لا يمكن إضافته لدفتر الأستاذ.,
Account with existing transaction can not be converted to group.,لا يمكن تحويل حساب جرت عليه أي عملية إلى تصنيف مجموعة,
Account with existing transaction can not be deleted,الحساب لديه معاملات موجودة لا يمكن حذفه,
Account with existing transaction cannot be converted to ledger,لا يمكن تحويل الحساب مع الحركة الموجودة إلى دفتر الأستاذ,
Account {0} added multiple times,تمت إضافة الحساب {0} عدة مرات,
Account {0} cannot be converted to Group as it is already set as {1} for {2}.,لا يمكن تحويل الحساب {0} إلى مجموعة لأنه معيّن بالفعل كـ {1} لـ {2}.,
Account {0} cannot be disabled as it is already set as {1} for {2}.,لا يمكن تعطيل الحساب {0} لأنه معيّن بالفعل كـ {1} لـ {2}.,
Account {0} does not belong to company {1},الحساب {0} لا ينتمي إلى الشركة {1},
Account {0} does not belong to company: {1},الحساب {0} لا يتنمى للشركة {1},
Account {0} does not exist,حساب {0} غير موجود,
Account {0} does not exists,الحساب {0} غير موجود,
Account {0} does not exists in the dashboard chart {1},الحساب {0} غير موجود في مخطط لوحة المعلومات {1},
Account {0} does not match with Company {1} in Mode of Account: {2},الحساب {0} لا يتطابق مع الشركة {1} في طريقة الحساب: {2},
Account {0} doesn't belong to Company {1},الحساب {0} لا ينتمي إلى الشركة {1},
Account {0} exists in parent company {1}.,الحساب {0} موجود في الشركة الأم {1}.,
Account {0} is added in the child company {1},تتم إضافة الحساب {0} في الشركة التابعة {1},
Account {0} is disabled.,الحساب {0} معطّل.,
Account {0} is frozen,الحساب {0} مجمد,
Account {0} is invalid. Account Currency must be {1},الحساب {0} غير صحيح. يجب أن تكون عملة الحساب {1},
Account {0} should be of type Expense,يجب أن يكون الحساب {0} من نوع مصروف,
Account {0}: Parent account {1} can not be a ledger,الحساب {0}: الحساب الرئيسي {1} لا يمكن أن يكون حساب دفتر أستاذ,
Account {0}: Parent account {1} does not belong to company: {2},الحساب {0}: الحساب الرئيسي {1} لا ينتمي إلى الشركة: {2},
Account {0}: Parent account {1} does not exist,الحساب {0}: الحسابه الأب {1} غير موجود,
Account {0}: You can not assign itself as parent account,الحساب {0}: لا يمكنك جعله حساب رئيسي,
Account: <b>{0}</b> is capital Work in progress and can not be updated by Journal Entry,"الحساب: <b>{0}</b> عبارة ""Capital work"" قيد التقدم ولا يمكن تحديثها بواسطة ""قيد اليومية""",
Account: {0} can only be updated via Stock Transactions,الحساب: {0} لا يمكن تحديثه إلا من خلال معاملات المخزون,
Account: {0} is not permitted under Payment Entry,الحساب: {0} غير مسموح به بموجب قيد الدفع,
Account: {0} with currency: {1} can not be selected,الحساب: {0} مع العملة: {1} لا يمكن اختياره,
Accountant,محاسب,
Accounting,المحاسبة,
Accounting Details,تفاصيل المحاسبة,
Accounting Dimension,البعد المحاسبي,
Accounting Dimension <b>{0}</b> is required for 'Balance Sheet' account {1}.,"البعد المحاسبي <b>{0}</b> مطلوب لحساب ""الميزانية العمومية"" {1}.",
Accounting Dimension <b>{0}</b> is required for 'Profit and Loss' account {1}.,"البعد المحاسبي <b>{0}</b> مطلوب لحساب ""الربح والخسارة"" {1}.",
Accounting Dimension Detail,البعد المحاسبي التفاصيل,
Accounting Dimension Filter,مرشح بُعد محاسبي,
Accounting Dimensions,أبعاد المحاسبة,
Accounting Dimensions ,الأبعاد المحاسبية ,
Accounting Dimensions Filter,مرشح الأبعاد المحاسبية,
Accounting Entries,القيود المحاسبة,
Accounting Entry for Asset,القيد المحاسبي للأصل,
Accounting Entry for LCV in Stock Entry {0},القيد المحاسبي لقسيمة تكاليف الشحن في قيد المخزون {0},
Accounting Entry for Landed Cost Voucher for SCR {0},القيد المحاسبي لسند تكاليف الشحن لسند التعاقد من الباطن {0},
Accounting Entry for Service,القيد المحاسبي للخدمة,
Accounting Entry for Stock,القيود المحاسبية للمخزون,
Accounting Entry for {0},قيد محاسبي لـ {0},
Accounting Entry for {0}: {1} can only be made in currency: {2},القيد المحاسبي لـ {0}: {1} لا يمكن إجراؤه إلا بالعملة: {2},
Accounting Ledger,موازنة دفتر الأستاذ,
Accounting Masters,الماجستير المحاسبة,
Accounting Period,فترة المحاسبة,
Accounting Period overlaps with {0},فترة المحاسبة تتداخل مع {0},
Accounting entries are frozen up to this date. Only users with the specified role can create or modify entries before this date.,القيود المحاسبية مجمّدة حتى هذا التاريخ. يمكن فقط للمستخدمين ذوي الدور المحدد إنشاء أو تعديل القيود قبل هذا التاريخ.,
Accounts,الحسابات,
Accounts Closing,إقفال الحسابات,
Accounts Frozen Till Date,الحسابات المجمدة حتى تاريخ,
Accounts Included in Report,الحسابات المُضمّنة في التقرير,
Accounts Missing from Report,الحسابات المفقودة من التقرير,
Accounts Payable,الحسابات الدائنة,
Accounts Payable Summary,ملخص الحسابات المستحقة للدفع,
Accounts Receivable,الحسابات المدينة,
Accounts Receivable / Payable Tuning,ضبط حسابات القبض / الدفع,
Accounts Receivable Credit Account,حسابات الائتمان حسابات القبض,
Accounts Receivable Discounted Account,حسابات القبض على حساب مخفضة,
Accounts Receivable Summary,ملخص الحسابات المدينة,
Accounts Receivable Unpaid Account,حسابات القبض غير المدفوعة,
Accounts Receivable/Payable,حسابات القبض/الدفع,
Accounts Settings,إعدادات الحسابات,
Accounts table cannot be blank.,جدول الحسابات لا يمكن أن يكون فارغا.,
Accounts to Merge,الحسابات المطلوب دمجها,
Accrued Expenses,المصروفات المستحقة,
Accumulated Depreciation,استهلاك متراكم,
Accumulated Depreciation Account,حساب الاستهلاك المتراكم,
Accumulated Depreciation Amount,قيمة الاستهلاك المتراكمة,
Accumulated Depreciation as on,الاستهلاك المتراكم كما في,
Accumulated Monthly,متراكمة شهريا,
Accumulated Monthly Budget for Account {0} against {1} {2} is {3}. It will be collectively ({4}) exceeded by {5},الميزانية الشهرية المتراكمة للحساب {0} مقابل {1} {2} هي {3}. سيتم تجاوزها بشكل جماعي ({4}) بمقدار {5},
Accumulated Monthly Budget for Account {0} against {1}: {2} is {3}. It will be exceeded by {4},الميزانية الشهرية المتراكمة للحساب {0} مقابل {1}: {2} هي {3}. سيتم تجاوزها بمقدار {4},
Accumulated Values,القيم المتراكمة,
Accumulated Values in Group Company,القيم المتراكمة في مجموعة الشركة,
Achieved ({}),حقق ({}),
Acquisition Date,تاريخ شراء المركبة,
Acre,فدان,
Acre (US),فدان (أمريكي),
Action If Quality Inspection Is Not Submitted,الإجراء إذا لم يتم تقديم استقصاء الجودة,
Action If Quality Inspection Is Rejected,الإجراء في حالة رفض فحص الجودة,
Action If Same Rate is Not Maintained,الإجراء إذا لم يتم الحفاظ على نفس السعر,
Action Initialised,العمل مهيأ,
Action if Accumulated Monthly Budget Exceeded on Actual,أجراء في حال تجاوزت الميزانية الشهرية المتراكمة للميزانية الفعلية,
Action if Accumulated Monthly Budget Exceeded on MR,الإجراء في حالة تجاوز الميزانية الشهرية المتراكمة على MR,
Action if Accumulated Monthly Budget Exceeded on PO,أجراء في حال تجاوزت الميزانية الشهرية المتراكمة طلب الشراء,
Action if Accumulative Monthly Budget Exceeded on Cumulative Expense,الإجراء إذا تجاوزت الميزانية الشهرية التراكمية المصروف التراكمي,
Action if Annual Budget Exceeded on Actual,أجراء في حال تجاوزت الميزانية السنوية الميزانية المخصصة مسبقا,
Action if Annual Budget Exceeded on MR,الإجراء إذا تجاوزت الميزانية السنوية على الدخل الشهري,
Action if Annual Budget Exceeded on PO,الإجراء إذا تجاوزت الميزانية السنوية على أمر الشراء,
Action if Anual Budget Exceeded on Cumulative Expense,الإجراء إذا تجاوزت الميزانية السنوية المصروف التراكمي,
Action if Same Rate is Not Maintained Throughout Sales Cycle,الإجراء إذا لم يتم الحفاظ على نفس السعر طوال دورة المبيعات,
Action on New Invoice,الإجراء عند إنشاء فاتورة جديدة,
Actions performed,الإجراءات المنجزة,
Active Leads,العروض النشطة,
Active Status,الحالة النشطة,
Active Subcontracted Items,أصناف التعاقد من الباطن النشطة,
Activities,أنشطة,
Activity Cost,تكلفة النشاط,
Activity Cost exists for Employee {0} against Activity Type - {1},تكلفة النشاط موجودة للموظف {0} مقابل نوع النشاط - {1},
Activity Cost per Employee,تكلفة النشاط لكل موظف,
Activity Type,نوع النشاط,
Actual,الفعلية,
Actual Balance Qty,كمية الرصيد الفعلية,
Actual Batch Quantity,كمية الدفعة الفعلية,
Actual Cost,التكلفة الفعلية,
Actual Date,التاريخ الفعلي,
Actual Delivery Date,تاريخ التسليم الفعلي,
Actual Demand,الطلب الفعلي,
Actual End Date,تاريخ الانتهاء الفعلي,
Actual End Date (via Timesheet),تاريخ الانتهاء الفعلي (عبر ورقة الوقت),
Actual End Date cannot be before Actual Start Date,لا يمكن أن يكون تاريخ الانتهاء الفعلي قبل تاريخ البدء الفعلي,
Actual End Time,الفعلي وقت الانتهاء,
Actual Expense,المصروف الفعلي,
Actual Expenses,المصروفات الفعلية,
Actual Operating Cost,الفعلية تكاليف التشغيل,
Actual Operation Time,الفعلي وقت التشغيل,
Actual Posting,ترحيل فعلي,
Actual Qty,الكمية الفعلية,
Actual Qty (at source/target),الكمية الفعلية (في المصدر / الهدف),
Actual Qty in Warehouse,الكمية الفعلية في المستودع,
Actual Qty is mandatory,الكمية الفعلية هي إلزامية,
Actual Qty {0} / Waiting Qty {1},الكمية الفعلية {0} / الكمية المنتظرة {1},
Actual Qty: Quantity available in the warehouse.,الكمية الفعلية: الكمية المتوفرة في المستودع.,
Actual Quantity,الكمية الفعلية,
Actual Start Date,تاريخ البدء الفعلي,
Actual Start Date (via Timesheet),تاريخ البدء الفعلي (عبر ورقة الوقت),
Actual Start Time,الفعلي وقت البدء,
Actual Time,الوقت الفعلي,
Actual Time and Cost,الوقت الفعلي والتكلفة,
Actual Time in Hours (via Timesheet),الوقت الفعلي (بالساعات),
Actual qty in stock,الكمية الفعلية في المخزون,
Actual type tax cannot be included in Item rate in row {0},نوع الضريبة الفعلي لا يمكن تضمينه في معدل الصنف في الصف {0},
Ad-hoc Qty,كمية مخصصة,
Add / Edit Prices,إضافة و تعديل الأسعار,
Add Columns in Transaction Currency,إضافة أعمدة بعملة المعاملة,
Add Comment,إضافة تعليق,
Add Corrective Operation Cost in Finished Good Valuation,إضافة تكلفة التشغيل التصحيحي في تقييم المنتج النهائي,
Add Customers,إضافة العملاء,
Add Discount,إضافة خصم,
Add Employees,إضافة موظفين,
Add Item,اضافة بند,
Add Items,إضافة بنود,
Add Items in the Purpose Table,إضافة أصناف في جدول الغرض,
Add Lead to Prospect,إضافة عميل محتمل إلى عميل متوقع,
Add Leads,إضافة العملاء المحتملين,
Add Local Holidays,إضافة العطلات المحلية,
Add Manually,إضافة يدوياً,
Add Multiple,إضافة متعددة,
Add Multiple Tasks,إضافة مهام متعددة,
Add Or Deduct,إضافة أو خصم,
Add Order Discount,أضف خصم الطلب,
Add Phantom Item,إضافة صنف وهمي,
Add Quote,إضافة عرض سعر,
Add Raw Materials,إضافة مواد خام,
Add Safety Stock,إضافة مخزون أمان,
Add Sales Partners,إضافة شركاء المبيعات,
Add Schedule,إضافة جدول,
Add Serial / Batch Bundle,إضافة حزمة رقم تسلسلي / دفعة,
Add Serial / Batch No,إضافة رقم تسلسلي / دفعة,
Add Serial / Batch No (Rejected Qty),إضافة رقم تسلسلي / دفعة (الكمية المرفوضة),
Add Stock,إضافة مخزون,
Add Sub Assembly,إضافة تجميع فرعي,
Add Suppliers,إضافة الموردين,
Add Timesheets,إضافة جداول زمنية,
Add Weekly Holidays,أضف عطلات أسبوعية,
Add a Note,إضافة ملاحظة,
Add details,إضافة تفاصيل,
Add items in the Item Locations table,"أضف عناصر في جدول ""مواقع العناصر""",
Add or Deduct,إضافة أو خصم,
Add the rest of your organization as your users. You can also add invite Customers to your portal by adding them from Contacts,أضف بقية أفراد مؤسستك كمستخدمين. يمكنك أيضا إضافة دعوة العملاء إلى بوابتك عن طريق إضافتهم من جهات الاتصال,
Add to Holidays,أضف إلى الإجازات,
Add to Prospect,إضافة إلى عميل متوقع,
Add to Transit,أضف إلى Transit,
Add/Edit Coupon Conditions,إضافة / تحرير شروط القسيمة,
Added By,أضيف من قبل,
Added On,أضيف في,
Added Supplier Role to User {0}.,تمت إضافة دور المورد للمستخدم {0}.,
Added {1} Role to User {0}.,تمت إضافة دور {1} للمستخدم {0}.,
Adding Lead to Prospect...,جارٍ إضافة عميل محتمل إلى عميل متوقع...,
Additional,إضافي,
Additional Asset Cost,تكلفة الأصول الإضافية,
Additional Cost,تكلفة إضافية,
Additional Cost Per Qty,التكلفة الإضافية لكل كمية,
Additional Costs,تكاليف إضافية,
Additional Data,بيانات إضافية,
Additional Details,تفاصيل اضافية,
Additional Discount,خصم إضافي,
Additional Discount Amount,مبلغ الخصم الإضافي,
Additional Discount Amount (Company Currency),مقدار الخصم الاضافي (بعملة الشركة),
Additional Discount Percentage,نسبة الخصم الإضافية,
Additional Info,معلومات إضافية,
Additional Information,معلومة اضافية,
Additional Information updated successfully.,تم تحديث المعلومات الإضافية بنجاح.,
Additional Material Transfer,نقل مواد إضافي,
Additional Notes,ملاحظات إضافية,
Additional Operating Cost,تكاليف تشغيل اضافية,
Additional Transferred Qty,الكمية المحوّلة الإضافية,
Additional information regarding the customer.,معلومات إضافية عن الزبون.,
Additional {0} {1} of item {2} required as per BOM to complete this transaction,مطلوب {0} {1} إضافية من الصنف {2} حسب قائمة المواد لإكمال هذه المعاملة,
Address & Contact,معلومات الاتصال والعنوان,
Address & Contacts,معلومات الاتصال والعنوان,
Address And Contacts,العناوين وجهات الاتصال,
Address Desc,معالجة التفاصيل,
Address HTML,عنوان HTML,
Address Name,اسم العنوان,
Address and Contact,العناوين و التواصل,
Address and Contacts,عناوين واتصالات,
Address needs to be linked to a Company. Please add a row for Company in the Links table.,يجب ربط العنوان بشركة. الرجاء إضافة صف للشركة في جدول الروابط.,
Address used to determine Tax Category in transactions,العنوان المستخدم لتحديد فئة الضريبة في المعاملات,
Adjustment Against,تسوية مقابل,
Adjustment based on Purchase Invoice rate,تسوية بناءً على سعر فاتورة الشراء,
Administrative Assistant,مساعد إداري,
Administrative Expenses,نفقات إدارية,
Administrative Officer,مسؤول إداري,
Advance Account,حساب مقدم,
Advance Account: {0} must be in either customer billing currency: {1} or Company default currency: {2},حساب الدفعات المقدمة: {0} يجب أن يكون إما بعملة فواتير العميل: {1} أو بعملة الشركة الافتراضية: {2},
Advance Amount,المبلغ مقدما,
Advance Paid,مسبقا المدفوعة,
Advance Paid (Company Currency),السلفة المدفوعة (بعملة الشركة),
Advance Payment,دفعة مقدمة,
Advance Payment Date,تاريخ الدفعة المقدمة,
Advance Payment Ledger Entry,قيد دفتر الأستاذ للدفعات المقدمة,
Advance Payment Status,حالة الدفعة المقدمة,
Advance Payments,دفعات مقدمة,
Advance Taxes and Charges,الضرائب والرسوم المقدمة,
Advance Voucher No,رقم سند السلفة,
Advance Voucher Type,نوع سند السلفة,
Advance amount,المبلغ مقدما,
Advance amount cannot be greater than {0} {1},قيمة الدفعة المقدمة لا يمكن أن تكون أكبر من {0} {1},
Advance paid against {0} {1} cannot be greater than Grand Total {2},الدفعة المقدمة المدفوعة مقابل {0} {1} لا يمكن أن تكون أكبر من المجموع الكلي {2},
Advance payments allocated against orders will only be fetched,سيتم جلب الدفعات المقدمة المخصصة مقابل الطلبات فقط,
Advanced Filtering,تصفية متقدمة,
Advances,الدفعات المقدمة,
Advertisement,إعلان,
Advertising,الدعاية والإعلان,
Aerospace,الفضاء الجوي,
Affected Transactions,المعاملات المتأثرة,
Against,مقابل,
Against Account,مقابل الحساب,
Against Blanket Order,ضد بطانية النظام,
Against Customer Order {0},مقابل طلب العميل {0},
Against Delivery Note Item,ضد بند إشعار التسليم,
Against Docname,مقابل المستند,
Against Doctype,DOCTYPE ضد,
Against Document Detail No,مقابل المستند التفصيلى رقم,
Against Document No,مقابل المستند رقم,
Against Expense Account,مقابل حساب المصاريف,
Against Finished Good,مقابل المنتج النهائي,
Against Income Account,مقابل حساب الدخل,
Against Journal Entry {0} does not have any unmatched {1} entry,قيد اليومية المقابل {0} لا يحتوى مدخل {1} غير مطابق,
Against Journal Entry {0} is already adjusted against some other voucher,مدخل قيد اليومية {0} تم تعديله بالفعل لسند أخرى,
Against Pick List,مقابل قائمة الانتقاء,
Against Sales Invoice,مقابل فاتورة المبيعات,
Against Sales Invoice Item,مقابل بند فاتورة المبيعات,
Against Sales Order,مقابل طلب مبيعات,
Against Sales Order Item,مقابل بند طلب مبيعات,
Against Stock Entry,مقابل قيد المخزون,
Against Supplier Invoice {0},مقابل فاتورة المورد {0},
Against Voucher,مقابل سند,
Against Voucher No,مقابل رقم السند,
Against Voucher Type,مقابل سند نوع,
Age,عمر,
Age (Days),العمر (أيام),
Age ({0}),العمر ({0}),
Ageing Based On,العمرعلى أساس,
Ageing Range,مدى العمر,
Ageing Report based on {0} up to {1},تقرير أعمار الديون بناءً على {0} حتى {1},
Agenda,جدول أعمال,
Agent,وكيل,
Agent Busy Message,رسالة وكيل مشغول,
Agent Details,تفاصيل الوكيل,
Agent Group,مجموعة الوكلاء,
Agent Unavailable Message,رسالة وكيل غير متاح,
Agents,عملاء,
Aggregate a group of Items into another Item. This is useful if you are maintaining the stock of the packed items and not the bundled item,تجميع مجموعة من الأصناف في صنف آخر. هذا مفيد إذا كنت تحتفظ بمخزون الأصناف المعبأة وليس الصنف المجمع,
Agriculture,الزراعة,
Airline,خطوط جوية,
Algorithm,الخوارزمية,
All Accounts,جميع الحسابات,
All Activities,جميع الأنشطة,
All Activities HTML,HTML جميع الأنشطة,
All BOMs,كل الأصناف المركبة,
All Contact,جميع جهات الاتصال,
All Customer Contact,كافة جهات اتصال العميل,
All Customer Groups,جميع مجموعات العملاء,
All Departments,جميع الاقسام,
All Employee (Active),جميع الموظفين (نشط),
All Item Groups,كل مجموعات الأصناف,
All Items,جميع الأصناف,
All Lead (Open),جميع العملاء المحتملين (مفتوح),
All Parties ,جميع الأطراف ,
All Sales Partner Contact,بيانات الاتصال لكل شركاء البيع,
All Sales Person,كل مندوبي المبيعات,
All Sales Transactions can be tagged against multiple Sales Persons so that you can set and monitor targets.,يمكن ربط جميع معاملات المبيعات بعدة مندوبي مبيعات بحيث يمكنك تحديد الأهداف ومراقبتها.,
All Supplier Contact,بيانات اتصال جميع الموردين,
All Supplier Groups,جميع مجموعات الموردين,
All Territories,جميع الأقاليم,
All Warehouses,جميع المخازن,
All allocations have been successfully reconciled,تمت تسوية جميع التخصيصات بنجاح,
All communications including and above this shall be moved into the new Issue,يجب نقل جميع الاتصالات بما في ذلك وما فوقها إلى الإصدار الجديد,
All items are already requested,جميع الأصناف مطلوبة بالفعل,
All items have already been Invoiced/Returned,تم بالفعل تحرير / إرجاع جميع العناصر,
All items have already been received,تم استلام جميع الأصناف بالفعل,
All items have already been transferred for this Work Order.,جميع الإصناف تم نقلها لأمر العمل,
All items in this document already have a linked Quality Inspection.,جميع الأصناف في هذا المستند لديها بالفعل فحص جودة مرتبط.,
All linked Sales Orders must be subcontracted.,يجب أن تكون جميع أوامر البيع المرتبطة من نوع التعاقد من الباطن.,
All the Comments and Emails will be copied from one document to another newly created document(Lead -> Opportunity -> Quotation) throughout the CRM documents.,سيتم نسخ جميع التعليقات ورسائل البريد الإلكتروني من مستند إلى آخر مستند تم إنشاؤه حديثًا (عميل محتمل -> فرصة -> عرض أسعار) عبر مستندات إدارة علاقات العملاء.,
All the items have been already returned.,تم إرجاع جميع الأصناف بالفعل.,
"All the required items (raw materials) will be fetched from BOM and populated in this table. Here you can also change the Source Warehouse for any item. And during the production, you can track transferred raw materials from this table.",سيتم جلب جميع الأصناف المطلوبة (المواد الخام) من قائمة المواد وتعبئتها في هذا الجدول. هنا يمكنك أيضًا تغيير مستودع المصدر لأي صنف. وأثناء الإنتاج، يمكنك تتبع المواد الخام المنقولة من هذا الجدول.,
All these items have already been Invoiced/Returned,تم بالفعل إصدار فاتورة / إرجاع جميع هذه العناصر,
Allocate,تخصيص,
Allocate Advances Automatically (FIFO),تخصيص السلف تلقائيا (الداخل أولا الخارج أولا),
Allocate Payment Amount,تخصيص مبلغ الدفع,
Allocate Payment Based On Payment Terms,تخصيص الدفع على أساس شروط الدفع,
Allocate Payment Request,تخصيص طلب الدفع,
Allocated,تخصيص,
Allocated Amount,المبلغ المخصص,
Allocated Entries,القيود المخصصة,
Allocated To:,مخصص لـ:,
Allocated amount,المبلغ المخصص,
Allocated amount cannot be greater than unadjusted amount,لا يمكن أن يكون المبلغ المخصص أكبر من المبلغ غير المعدل,
Allocated amount cannot be negative,لا يمكن أن يكون المبلغ المخصص سالبًا,
Allocation,توزيع,
Allocations,التخصيصات,
Allotted Qty,الكمية المخصصة,
Allow Account Creation Against Child Company,السماح بإنشاء حساب ضد شركة تابعة,
Allow Alternative Item,السماح لصنف بديل,
Allow Alternative Item must be checked on Item {},يجب تحديد السماح بالصنف البديل على الصنف {},
Allow Continuous Material Consumption,السماح باستهلاك المواد المستمر,
Allow Excess Material Transfer,السماح بنقل المواد الزائدة,
Allow In Returns,السماح في المرتجعات,
Allow Internal Transfers at Arm's Length Price,السماح بالتحويلات الداخلية بسعر السوق,
Allow Item To Be Added Multiple Times in a Transaction,السماح بإضافة العنصر عدة مرات في المعاملة,
Allow Item to Be Added Multiple Times in a Transaction,السماح بإضافة الصنف عدة مرات في المعاملة,
Allow Item to be Added Multiple Times in a Transaction,السماح بإضافة الصنف عدة مرات في المعاملة,
Allow Lead Duplication based on Emails,السماح بتكرار العملاء المحتملين بناءً على رسائل البريد الإلكتروني,
Allow Material Transfer from Delivery Note to Sales Invoice,السماح بنقل المواد من إشعار التسليم إلى فاتورة المبيعات,
Allow Material Transfer from Purchase Receipt to Purchase Invoice,السماح بنقل المواد من إيصال الشراء إلى فاتورة الشراء,
Allow Multiple Material Consumption,السماح باستهلاك المواد المتعددة,
Allow Multiple Sales Orders Against a Customer's Purchase Order,السماح بأوامر مبيعات متعددة مقابل طلب الشراء الخاص بالعميل,
Allow Negative Stock,السماح بالقيم السالبة للمخزون,
Allow Negative Stock for Batch,السماح بالمخزون السالب للدفعة,
Allow Negative rates for Items,السماح بأسعار سلبية للأصناف,
Allow Or Restrict Dimension,السماح أو تقييد البعد,
Allow Overtime,تسمح العمل الإضافي,
Allow Partial Payment,السماح بالدفع الجزئي,
Allow Partial Reservation,السماح بالحجز الجزئي,
Allow Production on Holidays,السماح الإنتاج على عطلات,
Allow Purchase,السماح بالشراء,
Allow Purchase Invoice Creation Without Purchase Order,السماح بإنشاء فاتورة الشراء بدون أمر شراء,
Allow Purchase Invoice Creation Without Purchase Receipt,السماح بإنشاء فاتورة الشراء بدون إيصال الشراء,
Allow Purchase Order with Zero Quantity,السماح بأمر شراء بكمية صفر,
Allow Quotation with Zero Quantity,السماح بعرض أسعار بكمية صفر,
Allow Rename Attribute Value,السماح بميزة إعادة التسمية,
Allow Request for Quotation with Zero Quantity,السماح بطلب عرض أسعار بكمية صفر,
Allow Resetting Service Level Agreement,السماح بإعادة ضبط اتفاقية مستوى الخدمة,
Allow Resetting Service Level Agreement from Support Settings.,السماح بإعادة ضبط اتفاقية مستوى الخدمة من إعدادات الدعم.,
Allow Sales,السماح بالبيع,
Allow Sales Invoice Creation Without Delivery Note,السماح بإنشاء فاتورة المبيعات بدون إشعار التسليم,
Allow Sales Invoice Creation Without Sales Order,السماح بإنشاء فاتورة المبيعات بدون طلب مبيعات,
Allow Sales Order Creation For Expired Quotation,السماح بإنشاء أمر بيع لعرض أسعار منتهي الصلاحية,
Allow Sales Order with Zero Quantity,السماح بأمر بيع بكمية صفر,
Allow Stale Exchange Rates,السماح لأسعار الصرف الثابتة,
Allow Supplier Quotation with Zero Quantity,السماح بعرض أسعار مورد بكمية صفر,
Allow UOM with Conversion Rate Defined in Item,السماح بوحدة القياس مع معدل التحويل المحدد في الصنف,
Allow User to Edit Discount,السماح للمستخدم بتعديل الخصم,
Allow User to Edit Price List Rate in Transactions,السماح للمستخدم بتحرير سعر قائمة الأسعار في المعاملات,
Allow User to Edit Rate,السماح للمستخدم بتعديل السعر,
Allow Variant UOM to be different from Template UOM,السماح بأن تكون وحدة قياس المتغير مختلفة عن وحدة قياس القالب,
Allow Zero Rate,السماح بسعر صفر,
Allow Zero Valuation Rate,السماح بقيمة صفر,
Allow existing Serial No to be Manufactured/Received again,السماح بتصنيع/استلام رقم تسلسلي موجود مرة أخرى,
Allow material consumptions without immediately manufacturing finished goods against a Work Order,السماح باستهلاك المواد دون تصنيع البضائع الجاهزة فورًا مقابل أمر عمل,
Allow multi-currency invoices against single party account ,السماح بفواتير متعددة العملات مقابل حساب طرف واحد ,
Allow to Edit Stock UOM Qty for Purchase Documents,السماح بتعديل كمية وحدة قياس المخزون لمستندات الشراء,
Allow to Edit Stock UOM Qty for Sales Documents,السماح بتعديل كمية وحدة قياس المخزون لمستندات البيع,
Allow to Make Quality Inspection after Purchase / Delivery,السماح بإجراء فحص الجودة بعد الشراء / التسليم,
Allow transferring raw materials even after the Required Quantity is fulfilled,السماح بنقل المواد الخام حتى بعد استيفاء الكمية المطلوبة,
Allowed Dimension,البعد المسموح به,
Allowed Doctypes,أنواع المستندات المسموح بها,
Allowed Items,الأصناف المسموح بها,
Allowed To Transact With,سمح للاعتماد مع,
Allowed primary roles are 'Customer' and 'Supplier'. Please select one of these roles only.,الأدوار الأساسية المسموح بها هي 'عميل' و 'مورد'. يرجى تحديد أحد هذه الأدوار فقط.,
Allows to keep aside a specific quantity of inventory for a particular order.,يسمح بتخصيص كمية محددة من المخزون لطلب معين.,
Allows users to submit Purchase Orders with zero quantity. Useful when rates are fixed but the quantities are not. Eg. Rate Contracts.,يسمح للمستخدمين بإرسال أوامر شراء بكمية صفر. مفيد عندما تكون الأسعار ثابتة ولكن الكميات ليست كذلك. مثال: عقود الأسعار.,
Allows users to submit Quotations with zero quantity. Useful when rates are fixed but the quantities are not. Eg. Rate Contracts.,يسمح للمستخدمين بإرسال عروض أسعار بكمية صفر. مفيد عندما تكون الأسعار ثابتة ولكن الكميات ليست كذلك. مثال: عقود الأسعار.,
Allows users to submit Request for Quotations with zero quantity. Useful when rates are fixed but the quantities are not. Eg. Rate Contracts.,يسمح للمستخدمين بإرسال طلبات عروض أسعار بكمية صفر. مفيد عندما تكون الأسعار ثابتة ولكن الكميات ليست كذلك. مثال: عقود الأسعار.,
Allows users to submit Sales Orders with zero quantity. Useful when rates are fixed but the quantities are not. Eg. Rate Contracts.,يسمح للمستخدمين بإرسال أوامر بيع بكمية صفر. مفيد عندما تكون الأسعار ثابتة ولكن الكميات ليست كذلك. مثال: عقود الأسعار.,
Allows users to submit Supplier Quotations with zero quantity. Useful when rates are fixed but the quantities are not. Eg. Rate Contracts.,يسمح للمستخدمين بإرسال عروض أسعار موردين بكمية صفر. مفيد عندما تكون الأسعار ثابتة ولكن الكميات ليست كذلك. مثال: عقود الأسعار.,
Already Picked,تم انتقاؤه بالفعل,
Already record exists for the item {0},يوجد سجل للصنف {0},
"Already set default in pos profile {0} for user {1}, kindly disabled default",تم تعيين الإعداد الافتراضي في الملف الشخصي لنقطة البيع {0} للمستخدم {1}، يرجى تعطيل الإعداد الافتراضي,
Also you can't switch back to FIFO after setting the valuation method to Moving Average for this item.,أيضًا لا يمكنك العودة إلى طريقة الوارد أولاً يصرف أولاً (FIFO) بعد تعيين طريقة التقييم إلى المتوسط المتحرك لهذا الصنف.,
Alternate Item,صنف بديل,
Alternative Item Code,رمز الصنف البديل,
Alternative Item Name,اسم الصنف البديل,
Alternative Items,الأصناف البديلة,
Alternative item must not be same as item code,يجب ألا يكون الصنف البديل هو نفسه رمز الصنف,
"Alternatively, you can download the template and fill your data in.",بدلاً من ذلك، يمكنك تنزيل القالب وملء بياناتك.,
Always Ask,اسأل دائمًا,
Amount,مبلغ,
Amount (AED),المبلغ (درهم إماراتي),
Amount (Company Currency),المبلغ (عملة الشركة),
Amount Delivered,المبلغ الذي تم تسليمه,
Amount Difference,مقدار الفرق,
Amount Difference with Purchase Invoice,فرق المبلغ مع فاتورة الشراء,
Amount Eligible for Commission,المبلغ المؤهل للعمولة,
Amount In Figure,المبلغ في الشكل,
Amount in Account Currency,المبلغ بعملة الحساب,
Amount in Words,المبلغ بالكلمات,
Amount in party's bank account currency,المبلغ بعملة الحساب البنكي للطرف,
Amount in transaction currency,المبلغ بعملة المعاملة,
Amount in {0},المبلغ بـ {0},
Amount to Bill,المبلغ المطلوب فوترته,
Amount {0} {1} against {2} {3},مبلغ {0} {1} مقابل {2} {3},
Amount {0} {1} deducted against {2},مبلغ {0} {1} خصم مقابل {2},
Amount {0} {1} transferred from {2} to {3},القيمة {0} {1} نقلت من {2} إلى {3},
Amount {0} {1} {2} {3},القيمة {0} {1} {2} {3},
Amounts,المبالغ,
Ampere,أمبير,
Ampere-Hour,أمبير-ساعة,
Ampere-Minute,أمبير-دقيقة,
Ampere-Second,أمبير-ثانية,
Amt,الإجمالي,
An Item Group is a way to classify items based on types.,مجموعة الأصناف هي طريقة لتصنيف الأصناف بناءً على أنواعها.,
An error has been appeared while reposting item valuation via {0},ظهر خطأ أثناء إعادة ترحيل تقييم الصنف عبر {0},
An error occurred during the update process,حدث خطأ أثناء عملية التحديث,
An error occurred for certain Items while creating Material Requests based on Re-order level. Please rectify these issues :,حدث خطأ لبعض الأصناف أثناء إنشاء طلبات المواد بناءً على مستوى إعادة الطلب. يرجى تصحيح هذه المشكلات:,
Analysis Chart,مخطط التحليل,
Analyst,محلل,
Analytical Accounting,المحاسبة التحليلية,
Annual Billing: {0},الفواتير السنوية:  {0},
Annual Budget for Account {0} against {1} {2} is {3}. It will be collectively ({4}) exceeded by {5},الميزانية السنوية للحساب {0} مقابل {1} {2} هي {3}. سيتم تجاوزها بشكل جماعي ({4}) بمقدار {5},
Annual Budget for Account {0} against {1}: {2} is {3}. It will be exceeded by {4},الميزانية السنوية للحساب {0} مقابل {1}: {2} هي {3}. سيتم تجاوزها بمقدار {4},
Annual Expenses,المصروفات السنوية,
Annual Income,الدخل السنوي,
Annual Revenue,الإيرادات السنوية,
Another Budget record '{0}' already exists against {1} '{2}' and account '{3}' with overlapping fiscal years.,يوجد بالفعل سجل موازنة آخر '{0}' مقابل {1} '{2}' والحساب '{3}' مع تداخل في السنوات المالية.,
"Another Cost Center Allocation record {0} applicable from {1}, hence this allocation will be applicable upto {2}",سجل تخصيص مركز تكلفة آخر {0} ساري المفعول من {1}، وبالتالي سيكون هذا التخصيص ساري المفعول حتى {2},
Another Payment Request is already processed,تمت معالجة طلب دفع آخر بالفعل,
Another Sales Person {0} exists with the same Employee id,مندوب مبيعات آخر {0} موجود بنفس رقم هوية الموظف,
"Any one of following filters required: warehouse, Item Code, Item Group",مطلوب أي من عوامل التصفية التالية: المستودع، رمز الصنف، مجموعة الأصناف,
Apparel & Accessories,الملابس والإكسسوارات,
Applicable Charges,الرسوم المطبقة,
Applicable Dimension,البعد المطبق,
Applicable Holiday List,قائمة العطلات القابلة للتطبيق,
Applicable Modules,وحدات قابلة للتطبيق,
Applicable On Account,مطبق على الحساب,
Applicable To (Designation),قابلة للتطبيق على (المسمى الوظيفي),
Applicable To (Employee),قابلة للتطبيق على (الموظف),
Applicable To (Role),قابلة للتطبيق على (الدور الوظيفي),
Applicable To (User),قابلة للتطبيق على (المستخدم),
Applicable for Countries,ينطبق على البلدان,
Applicable for Users,ينطبق على المستخدمين,
Applicable for external driver,ينطبق على سائق خارجي,
"Applicable if the company is SpA, SApA or SRL",قابل للتطبيق إذا كانت الشركة SpA أو SApA أو SRL,
Applicable if the company is a limited liability company,قابل للتطبيق إذا كانت الشركة شركة ذات مسؤولية محدودة,
Applicable if the company is an Individual or a Proprietorship,قابل للتطبيق إذا كانت الشركة فردية أو مملوكة,
Applicable on Cumulative Expense,مطبق على المصروفات التراكمية,
Applicable on Material Request,ينطبق على طلب المواد,
Applicable on Purchase Order,ينطبق على أمر الشراء,
Applicable on booking actual expenses,ينطبق على الحجز النفقات الفعلية,
Application of Funds (Assets),استخدام الاموال (الأصول),
Applied Coupon Code,رمز القسيمة المطبق,
Applied on each reading.,يطبق على كل قراءة.,
Applied putaway rules.,تم تطبيق قواعد التخزين.,
Applies To,ينطبق على,
Apply Additional Discount On,تطبيق خصم إضافي على,
Apply Discount On,تطبيق تخفيض على,
Apply Discount on Discounted Rate,تطبيق الخصم على السعر المخفض,
Apply Discount on Rate,تطبيق الخصم على السعر,
Apply Multiple Pricing Rules,تطبيق قواعد التسعير متعددة,
Apply On,تنطبق على,
Apply Putaway Rule,تطبيق قاعدة التخزين,
Apply Recursion Over (As Per Transaction UOM),تطبيق التكرار على (حسب وحدة قياس المعاملة),
Apply Rule On Brand,تطبيق القاعدة على العلامة التجارية,
Apply Rule On Item Code,تطبيق القاعدة على رمز البند,
Apply Rule On Item Group,تطبيق القاعدة على مجموعة العناصر,
Apply Rule On Other,تطبيق القاعدة على الآخر,
Apply SLA for Resolution Time,تطبيق اتفاقية مستوى الخدمة لوقت الحل,
Apply discounts and margins on products,تطبيق الخصومات والهوامش على المنتجات,
Apply restriction on dimension values,تطبيق قيود على قيم الأبعاد,
Apply to All Inventory Documents,تطبيق على جميع مستندات المخزون,
Apply to Document,تطبيق على المستند,
Appointment,موعد,
Appointment Booking Settings,إعدادات حجز المواعيد,
Appointment Booking Slots,حجز موعد الشقوق,
Appointment Confirmation,تأكيد الموعد,
Appointment Created Successfully,تم إنشاء الموعد بنجاح,
Appointment Details,تفاصيل الموعد,
Appointment Duration (In Minutes),مدة التعيين (بالدقائق),
Appointment Scheduling Disabled,جدولة المواعيد معطلة,
Appointment Scheduling has been disabled for this site,تم تعطيل جدولة المواعيد لهذا الموقع,
Appointment With,موعد مع,
Appointment was created. But no lead was found. Please check the email to confirm,تم إنشاء الموعد. ولكن لم يتم العثور على عميل محتمل. يرجى التحقق من البريد الإلكتروني للتأكيد,
Approving Role (above authorized value),الدور الوظيفي الذي لديه صلاحية الموافقة على قيمة اعلى من القيمة المرخص بها,
Approving Role cannot be same as role the rule is Applicable To,لا يمكن أن يكون شرط الموافقة هو نفس الشرط الذي تنطبق عليه القاعدة,
Approving User  (above authorized value),المستخدم الذي لديه صلاحية الموافقة على قيمة أعلى من القيمة المرخص بها,
Approving User cannot be same as user the rule is Applicable To,المستخدم الذي لدية صلاحية الموافقة لايمكن أن يكون نفس المستخدم الذي تنطبق عليه القاعدة,
Approximately match the description/party name against parties,مطابقة الوصف/اسم الطرف تقريبًا مع الأطراف,
Are,آر,
Are you sure you want to clear all demo data?,هل أنت متأكد أنك تريد مسح جميع بيانات العرض التوضيحي؟,
Are you sure you want to delete this Item?,هل أنت متأكد أنك تريد حذف هذا الصنف؟,
Are you sure you want to delete {0}?<p>This action will also delete all associated Common Code documents.</p>,هل أنت متأكد أنك تريد حذف {0}؟<p>سيؤدي هذا الإجراء أيضًا إلى حذف جميع مستندات الرمز المشترك المرتبطة.</p>,
Are you sure you want to restart this subscription?,هل أنت متأكد أنك تريد إعادة تشغيل هذا الاشتراك؟,
Area,منطقة,
Area UOM,وحدة قياس المساحة,
Arrival Quantity,كمية الوصول,
Arshin,أرشين,
As On Date,كما هو بتاريخ,
As on Date,حتى تاريخ,
As per Stock UOM,وفقا للأوراق UOM,
"As the field {0} is enabled, the field {1} is mandatory.",نظرًا لتمكين الحقل {0} ، يكون الحقل {1} إلزاميًا.,
"As the field {0} is enabled, the value of the field {1} should be more than 1.",أثناء تمكين الحقل {0} ، يجب أن تكون قيمة الحقل {1} أكثر من 1.,
"As there are existing submitted transactions against item {0}, you can not change the value of {1}.",نظرًا لوجود معاملات مرسلة حالية للصنف {0}، لا يمكنك تغيير قيمة {1}.,
"As there are reserved stock, you cannot disable {0}.",نظرًا لوجود مخزون محجوز، لا يمكنك تعطيل {0}.,
"As there are sufficient Sub Assembly Items, Work Order is not required for Warehouse {0}.",نظرًا لوجود أصناف تجميع فرعية كافية، فإن أمر العمل غير مطلوب للمستودع {0}.,
"As there are sufficient raw materials, Material Request is not required for Warehouse {0}.",نظرًا لوجود مواد خام كافية ، فإن طلب المواد ليس مطلوبًا للمستودع {0}.,
"As {0} is enabled, you can not enable {1}.",بما أن {0} ممكّن، لا يمكنك تمكين {1}.,
Assembly Items,أصناف التجميع,
Asset,الأصول,
Asset Account,حساب الأصول,
Asset Activity,نشاط الأصل,
Asset Capitalization,رسملة الأصول,
Asset Capitalization Asset Item,صنف أصل رسملة الأصول,
Asset Capitalization Service Item,صنف خدمة رسملة الأصول,
Asset Capitalization Stock Item,صنف مخزون رسملة الأصول,
Asset Category,فئة الأصول,
Asset Category Account,حساب فئة الأصول,
Asset Category Name,اسم فئة الأصول,
Asset Category is mandatory for Fixed Asset item,فئة الموجودات إلزامية لبنود الموجودات الثابتة,
Asset Depreciation Cost Center,مركز تكلفة استهلاك الأصول,
Asset Depreciation Ledger,دفتر حسابات استهلاك الأصول,
Asset Depreciation Schedule,جدول إهلاك الأصول,
Asset Depreciation Schedule for Asset {0} and Finance Book {1} is not using shift based depreciation,جدول إهلاك الأصل {0} والدفتر المالي {1} لا يستخدم الإهلاك القائم على الورديات,
Asset Depreciation Schedule not found for Asset {0} and Finance Book {1},لم يتم العثور على جدول إهلاك الأصل {0} والدفتر المالي {1},
Asset Depreciation Schedule {0} for Asset {1} already exists.,جدول إهلاك الأصل {0} للأصل {1} موجود بالفعل.,
Asset Depreciation Schedule {0} for Asset {1} and Finance Book {2} already exists.,جدول إهلاك الأصل {0} للأصل {1} والدفتر المالي {2} موجود بالفعل.,
"Asset Depreciation Schedules created/updated:<br>{0}<br><br>Please check, edit if needed, and submit the Asset.",تم إنشاء/تحديث جداول إهلاك الأصول:<br>{0}<br><br>يرجى التحقق والتعديل إذا لزم الأمر وإرسال الأصل.,
Asset Depreciations and Balances,استهلاك الأصول والأرصدة,
Asset Details,تفاصيل الأصول,
Asset Disposal,التخلص من الأصول,
Asset Finance Book,كتاب الأصول المالية,
Asset ID,معرف الأصل,
Asset Location,موقع الأصول,
Asset Maintenance,صيانة الأصول,
Asset Maintenance Log,سجل صيانة الأصول,
Asset Maintenance Task,مهمة صيانة الأصول,
Asset Maintenance Team,فريق صيانة الأصول,
Asset Movement,حركة الأصول,
Asset Movement Item,بند حركة الأصول,
Asset Movement record {0} created,تم إنشاء سجل حركة الأصول {0},
Asset Name,اسم الأصول,
Asset Naming Series,سلسلة تسمية الأصول,
Asset Owner,مالك الأصول,
Asset Owner Company,شركة أسيت أونر,
Asset Quantity,كمية الأصل,
Asset Received But Not Billed,أصل مستلم ولكن غير فاتورة,
Asset Repair,إصلاح الأصول,
Asset Repair Consumed Item,صنف مستهلك في إصلاح الأصل,
Asset Repair Purchase Invoice,فاتورة شراء إصلاح الأصل,
Asset Settings,إعدادات الأصول,
Asset Shift Allocation,تخصيص ورديات الأصول,
Asset Shift Factor,عامل وردية الأصل,
Asset Shift Factor {0} is set as default currently. Please change it first.,عامل وردية الأصل {0} معين كافتراضي حاليًا. يرجى تغييره أولاً.,
Asset Status,حالة الأصول,
Asset Type,نوع الأصل,
Asset Value,قيمة الأصول,
Asset Value Adjustment,تعديل قيمة الأصول,
Asset Value Adjustment cannot be posted before Asset's purchase date <b>{0}</b>.,لا يمكن نشر تسوية قيمة الأصل قبل تاريخ شراء الأصل <b>{0}</b> .,
Asset Value Analytics,تحليلات قيمة الأصول,
Asset cancelled,تم إلغاء الأصل,
"Asset cannot be cancelled, as it is already {0}",لا يمكن إلغاء الأصل، لانه بالفعل {0},
Asset cannot be scrapped before the last depreciation entry.,لا يمكن تخريد الأصل قبل آخر قيد إهلاك.,
Asset capitalized after Asset Capitalization {0} was submitted,تم رسملة الأصل بعد إرسال رسملة الأصول {0},
Asset created,تم إنشاء الأصل,
Asset created after being split from Asset {0},تم إنشاء الأصل بعد تقسيمة من الأصل {0},
Asset deleted,تم حذف الأصل,
Asset issued to Employee {0},تم إصدار الأصل للموظف {0},
Asset out of order due to Asset Repair {0},الأصل خارج الخدمة بسبب إصلاح الأصل {0},
Asset received at Location {0} and issued to Employee {1},تم استلام الأصل في الموقع {0} وتم إصداره للموظف {1},
Asset restored,تمت استعادة الأصل,
Asset restored after Asset Capitalization {0} was cancelled,تمت استعادة الأصل بعد إلغاء رسملة الأصول {0},
Asset returned,تم إرجاع الأصل,
Asset scrapped,تم تخريد الأصل,
Asset scrapped via Journal Entry {0},ألغت الأصول عن طريق قيد اليومية {0},
Asset sold,تم بيع الأصل,
Asset submitted,تم إرسال الأصل,
Asset transferred to Location {0},تم نقل الأصل إلى الموقع {0},
Asset updated after being split into Asset {0},تم تحديث الأصل بعد تقسيمة إلى الأصل {0},
Asset updated due to Asset Repair {0} {1}.,تم تحديث الأصل بسبب إصلاح الأصل {0} {1}.,
"Asset {0} cannot be scrapped, as it is already {1}",لا يمكن إلغاء الأصل {0} ، كما هو بالفعل {1},
Asset {0} does not belong to Item {1},الأصل {0} لا ينتمي إلى الصنف {1},
Asset {0} does not belong to company {1},الأصل {0} لا ينتمي للشركة {1},
Asset {0} does not belong to the custodian {1},الأصل {0} لا ينتمي إلى العُهدة {1},
Asset {0} does not belong to the location {1},الأصل {0} لا ينتمي إلى الموقع {1},
Asset {0} does not exist,الأصل {0} غير موجود,
Asset {0} has been updated. Please set the depreciation details if any and submit it.,تم تحديث الأصل {0}. يرجى تعيين تفاصيل الإهلاك إن وجدت وإرسالها.,
Asset {0} is in {1} status and cannot be repaired.,الأصل {0} في حالة {1} ولا يمكن إصلاحه.,
Asset {0} is not set to calculate depreciation.,الأصل {0} غير مهيأ لحساب الإهلاك.,
Asset {0} must be submitted,الاصل {0} يجب تقديمه,
Asset {assets_link} created for {item_code},تم إنشاء الأصل {assets_link} للصنف {item_code},
Asset's depreciation schedule updated after Asset Shift Allocation {0},تم تحديث جدول إهلاك الأصل بعد تخصيص وردية الأصل {0},
Asset's value adjusted after cancellation of Asset Value Adjustment {0},تم تعديل قيمة الأصل بعد إلغاء تعديل قيمة الأصل {0},
Asset's value adjusted after submission of Asset Value Adjustment {0},تم تعديل قيمة الأصل بعد إرسال تعديل قيمة الأصل {0},
Assets,الأصول,
Assets not created for {item_code}. You will have to create asset manually.,لم يتم إنشاء الأصول لـ {item_code}. سيكون عليك إنشاء الأصل يدويًا.,
Assets {assets_link} created for {item_code},تم إنشاء الأصول {assets_link} للصنف {item_code},
Assign Job to Employee,تعيين مهمة عمل للموظف,
Assign to Name,تعيين للاسم,
Assignment Conditions,شروط التعيين,
Associate,مساعد,
At Row #{0}: The picked quantity {1} for the item {2} is greater than available stock {3} for the batch {4} in the warehouse {5}. Please restock the item.,في السطر #{0}: الكمية المنتقاة {1} للصنف {2} أكبر من المخزون المتاح {3} للدفعة {4} في المستودع {5}. يرجى إعادة تخزين الصنف.,
At Row #{0}: The picked quantity {1} for the item {2} is greater than available stock {3} in the warehouse {4}.,في السطر #{0}: الكمية المنتقاة {1} للصنف {2} أكبر من المخزون المتاح {3} في المستودع {4}.,
At least one account with exchange gain or loss is required,مطلوب حساب واحد على الأقل به مكاسب أو خسائر صرف,
At least one asset has to be selected.,يجب تحديد أصل واحد على الأقل.,
At least one invoice has to be selected.,يجب تحديد فاتورة واحدة على الأقل.,
At least one item should be entered with negative quantity in return document,يجب إدخال صنف واحد على الأقل بكمية سالبة في مستند الإرجاع,
At least one mode of payment is required for POS invoice.,يلزم وضع واحد نمط واحد للدفع لفاتورة نقطة البيع.,
At least one of the Applicable Modules should be selected,يجب اختيار واحدة على الأقل من الوحدات القابلة للتطبيق,
At least one of the Selling or Buying must be selected,يجب تحديد البيع أو الشراء واحد على الأقل,
At least one row is required for a financial report template,مطلوب صف واحد على الأقل لقالب التقرير المالي,
At least one warehouse is mandatory,مستودع واحد على الأقل إلزامي,
"At row #{0}: the Difference Account must not be a Stock type account, please change the Account Type for the account {1} or select a different account",في السطر #{0}: يجب ألا يكون حساب الفروقات حسابًا من نوع مخزون، يرجى تغيير نوع الحساب للحساب {1} أو تحديد حساب مختلف,
At row #{0}: the sequence id {1} cannot be less than previous row sequence id {2},في الصف # {0}: لا يمكن أن يكون معرف التسلسل {1} أقل من معرف تسلسل الصف السابق {2},
"At row #{0}: you have selected the Difference Account {1}, which is a Cost of Goods Sold type account. Please select a different account",في السطر #{0}: لقد حددت حساب الفروقات {1}، وهو حساب من نوع تكلفة البضاعة المباعة. يرجى تحديد حساب مختلف,
At row {0}: Batch No is mandatory for Item {1},في السطر {0}: رقم الدفعة إلزامي للصنف {1},
At row {0}: Parent Row No cannot be set for item {1},في السطر {0}: لا يمكن تعيين رقم السطر الأصل للصنف {1},
At row {0}: Qty is mandatory for the batch {1},في السطر {0}: الكمية إلزامية للدفعة {1},
At row {0}: Serial No is mandatory for Item {1},في السطر {0}: الرقم التسلسلي إلزامي للصنف {1},
At row {0}: Serial and Batch Bundle {1} has already created. Please remove the values from the serial no or batch no fields.,في السطر {0}: تم إنشاء حزمة الرقم التسلسلي والدفعة {1} بالفعل. يرجى إزالة القيم من حقول الرقم التسلسلي أو رقم الدفعة.,
At row {0}: set Parent Row No for item {1},في السطر {0}: قم بتعيين رقم السطر الأصل للصنف {1},
Atmosphere,جو,
Attach CSV File,إرفاق ملف CSV,
"Attach a comma separated .csv file with two columns, one for the old name and one for the new name.",أرفق ملف.csv مفصولًا بفواصل بعمودين، واحد للاسم القديم وواحد للاسم الجديد.,
Attach custom Chart of Accounts file,إرفاق ملف مخطط الحسابات المخصص,
Attendance & Leaves,الحضور والإجازات,
Attendance Device ID (Biometric/RF tag ID),معرف جهاز الحضور (معرف بطاقة الهوية / RF),
Attribute,سمة,
Attribute Name,السمة اسم,
Attribute Value,السمة القيمة,
Attribute table is mandatory,جدول الخصائص إلزامي,
Attribute value: {0} must appear only once,قيمة السمة: {0} يجب أن تظهر مرة واحدة فقط,
Attribute {0} selected multiple times in Attributes Table,تم تحديد السمة {0} عدة مرات في جدول السمات,
Attributes,سمات,
Auditor,مدقق الحسابات,
Authentication Failed,المصادقة فشلت,
Authorised By,مرخص بها من,
Authorization Control,التحكم في الترخيص,
Authorization Rule,قاعدة الترخيص,
Authorized Signatory,المخول بالتوقيع,
Authorized Value,القيمة المرخص بها,
Auto Create Assets on Purchase,إنشاء الأصول تلقائيًا عند الشراء,
Auto Create Exchange Rate Revaluation,إنشاء تلقائي لإعادة تقييم سعر الصرف,
Auto Create Purchase Receipt,إنشاء تلقائي لإيصال الشراء,
Auto Create Serial and Batch Bundle For Outward,إنشاء تلقائي لحزمة الرقم التسلسلي والدفعة للصادر,
Auto Create Subcontracting Order,إنشاء تلقائي لأمر التعاقد من الباطن,
Auto Created,إنشاء تلقائي,
Auto Created (Reorder),إنشاء تلقائي (إعادة الطلب),
Auto Created Serial and Batch Bundle,حزمة الرقم التسلسلي والدفعة المنشأة تلقائيًا,
Auto Creation of Contact,إنشاء تلقائي لجهة الاتصال,
Auto Fetch,الجلب التلقائي,
Auto Fetch Serial Numbers,جلب الأرقام التسلسلية تلقائيًا,
Auto Insert Item Price If Missing,إدراج سعر الصنف تلقائيًا إذا كان مفقودًا,
Auto Material Request,طلب مواد تلقائي,
Auto Material Requests Generated,إنشاء طلب مواد تلقائي,
Auto Opt In (For all customers),الاشتراك التلقائي (لجميع العملاء),
Auto Reconcile,تسوية تلقائية,
Auto Reconcile Payments,تسوية المدفوعات تلقائيًا,
Auto Reconciliation,التسوية التلقائية,
Auto Reconciliation Job Trigger,مشغل مهمة التسوية التلقائية,
Auto Reconciliation has started in the background,بدأت التسوية التلقائية في الخلفية,
Auto Reconciliation of Payments has been disabled. Enable it through {0},تم تعطيل التسوية التلقائية للمدفوعات. قم بتمكينها من خلال {0},
Auto Repeat Detail,تكرار تلقائي للتفاصيل,
Auto Reserve Serial and Batch Nos,حجز تلقائي للأرقام التسلسلية والدفعات,
Auto Reserve Stock,حجز تلقائي للمخزون,
Auto Reserve Stock for Sales Order on Purchase,حجز تلقائي للمخزون لأمر البيع عند الشراء,
Auto Tax Settings Error,خطأ في إعدادات الضرائب التلقائية,
Auto close Opportunity Replied after the no. of days mentioned above,إغلاق تلقائي للفرصة التي تم الرد عليها بعد عدد الأيام المذكور أعلاه,
Auto match and set the Party in Bank Transactions,مطابقة وتعيين الطرف تلقائيًا في المعاملات البنكية,
Auto re-order,إعادة ترتيب تلقائي,
Auto repeat document updated,تكرار تلقائي للمستندات المحدثة,
Auto write off precision loss while consolidation,شطب تلقائي لخسارة الدقة أثناء التوحيد,
Automatically Add Filtered Item To Cart,إضافة الصنف المفلتر إلى السلة تلقائيًا,
Automatically Add Taxes and Charges from Item Tax Template,إضافة الضرائب والرسوم تلقائيا من قالب الضريبة البند,
Automatically Create New Batch,إنشاء دفعة جديدة تلقائيا,
Automatically Fetch Payment Terms from Order,جلب شروط الدفع تلقائيًا من الطلب,
Automatically Process Deferred Accounting Entry,معالجة القيد المحاسبي المؤجل تلقائيًا,
Automatically post balancing accounting entry,ترحيل قيد التسوية المحاسبي تلقائيًا,
Automotive,السيارات,
Availability Of Slots,توافر فتحات,
Available,متاح,
Available / Future Inventory,المخزون المتاح / المستقبلي,
Available Batch Qty at From Warehouse,متوفر (كمية باتش) عند (من المخزن),
Available Batch Qty at Warehouse,الكمية المتاحة من الباتش فى المخزن,
Available Batch Report,تقرير الدفعات المتاحة,
Available For Use Date,متاح للاستخدام تاريخ,
Available Qty,الكمية المتاحة,
Available Qty For Consumption,الكمية المتاحة للاستهلاك,
Available Qty at Company,الكمية المتاحة في الشركة,
Available Qty at Source Warehouse,الكمية المتاحة في مستودع المصدر,
Available Qty at Target Warehouse,الكمية المتاحة في المستودع المستهدف,
Available Qty at WIP Warehouse,الكمية المتوفرة في مستودع ويب,
Available Qty at Warehouse,الكمية المتاحة في مستودع,
Available Qty to Reserve,الكمية المتاحة للحجز,
Available Quantity,الكمية المتوفرة,
Available Serial No,الأرقام التسلسلية المتاحة,
Available Stock,المخزون المتوفر,
Available Stock for Packing Items,المخزون المتاج للأصناف المعبأة,
Available for Use Date,تاريخ الإتاحة للاستخدام,
Available for use date is required,مطلوب تاريخ متاح للاستخدام,
"Available quantity is {0}, you need {1}",الكمية المتاحة هي {0} ، تحتاج إلى {1},
Available {0},متاح {0},
Available-for-use Date should be after purchase date,يجب أن يكون التاريخ متاحًا بعد تاريخ الشراء,
Average Age,متوسط العمر,
Average Completion,متوسط الإنجاز,
Average Discount,متوسط الخصم,
Average Order Value,متوسط قيمة الطلب,
Average Order Values,متوسطات قيم الطلبات,
Average Rate,المعدل المتوسط,
Average Response Time,متوسط وقت الاستجابة,
Average time taken by the supplier to deliver,متوسط الوقت المستغرق من قبل المورد للتسليم,
Avg Daily Outgoing,متوسط الصادرات اليومية,
Avg Rate,متوسط السعر,
Avg Rate (Balance Stock),متوسط السعر (رصيد المخزون),
Avg. Buying Price List Rate,متوسط قائمة أسعار الشراء,
Avg. Selling Price List Rate,متوسط قائمة أسعار البيع,
Avg. Selling Rate,متوسط معدل البيع,
B+,B+,
B-,B-,
BFS,BFS,
BIN Qty,كمية رصيد المخزون,
BOM,قائمة مكونات المواد,
BOM 1,قائمة المواد 1,
BOM 1 {0} and BOM 2 {1} should not be same,يجب ألا يكون BOM 1 {0} و BOM 2 {1} متطابقين,
BOM 2,قائمة المواد 2,
BOM Comparison Tool,أداة مقارنة BOM,
BOM Created,تم إنشاء قائمة المواد,
BOM Creator,منشئ قائمة المواد,
BOM Creator Item,صنف منشئ قائمة المواد,
BOM Detail No,رقم تفاصيل فاتورة الموارد,
BOM Explorer,مستكشف قائمة المواد,
BOM Explosion Item,قائمة المواد للصنف المفصص,
BOM ID,معرف BOM,
BOM Info,معلومات قائمة المواد,
BOM Item,صنف قائمة المواد,
BOM Level,مستوى قائمة المواد,
BOM No,رقم قائمة مكونات المواد,
BOM No (For Semi-Finished Goods),رقم قائمة المواد (للبضائع نصف المصنعة),
BOM No. for a Finished Good Item,رقم فاتورة الموارد لغرض جيد,
BOM Operation,عملية قائمة المواد,
BOM Operations Time,وقت عمليات BOM,
BOM Qty,BOM الكمية,
BOM Rate,سعر او معدل قائمة مكونات المواد,
BOM Scrap Item,الصنف الخردة بقائمة المواد,
BOM Search,BOM البحث,
BOM Stock Calculated,BOM Stock محتسب,
BOM Stock Report,تقرير مخزون فاتورة المواد,
BOM Tree,شجرة قائمة المواد,
BOM Update Batch,دفعة تحديث قائمة المواد,
BOM Update Initiated,بدأ تحديث قائمة المواد,
BOM Update Log,سجل تحديث قائمة المواد,
BOM Update Tool,أداة تحديث بوم,
BOM Update Tool Log with job status maintained,سجل أداة تحديث قائمة المواد مع الحفاظ على حالة المهمة,
BOM Updation already in progress. Please wait until {0} is complete.,تحديث قائمة المواد قيد التقدم بالفعل. يرجى الانتظار حتى يكتمل {0}.,
BOM Updation is queued and may take a few minutes. Check {0} for progress.,تم وضع تحديث قائمة المواد في قائمة الانتظار وقد يستغرق بضع دقائق. تحقق من {0} للتقدم.,
BOM Variance Report,تقرير الفرق BOM,
BOM Website Item,صنف الموقع الالكتروني بقائمة المواد,
BOM Website Operation,عملية الموقع الالكتروني بقائمة المواد,
BOM and Finished Good Quantity is mandatory for Disassembly,قائمة المواد وكمية المنتج النهائي إلزاميتان للتفكيك,
BOM and Manufacturing Quantity are required,مطلوب، قائمة مكونات المواد و كمية التصنيع,
BOM and Production,قائمة المواد والإنتاج,
BOM does not contain any stock item,فاتورة الموارد لا تحتوي على أي صنف مخزون,
BOM recursion: {0} cannot be child of {1},تكرار BOM: {0} لا يمكن أن يكون تابعًا لـ {1},
BOM recursion: {1} cannot be parent or child of {0},تكرار قائمة المواد: لا يمكن أن يكون {1} أصلًا أو تابعًا لـ {0},
BOM {0} does not belong to Item {1},قائمة المواد {0} لا تنتمي إلى الصنف {1},
BOM {0} must be active,قائمة مكونات المواد {0} يجب أن تكون نشطة,
BOM {0} must be submitted,قائمة مكونات المواد {0} يجب أن تكون مسجلة,
BOM {0} not found for the item {1},لم يتم العثور على قائمة المواد {0} للصنف {1},
BOMs Updated,تم تحديث قوائم المواد,
BOMs created successfully,تم إنشاء قوائم المواد بنجاح,
BOMs creation failed,فشل إنشاء قوائم المواد,
"BOMs creation has been enqueued, kindly check the status after some time",تم وضع إنشاء قوائم المواد في قائمة الانتظار، يرجى التحقق من الحالة بعد بعض الوقت,
Backdated Stock Entry,قيد مخزون مؤرخ,
Backflush Materials From WIP Warehouse,سحب المواد تلقائيًا من مستودع الإنتاج تحت التشغيل,
Backflush Raw Materials,المواد الخام Backflush,
Backflush Raw Materials Based On,Backflush المواد الخام مبني على,
Backflush Raw Materials From Work-in-Progress Warehouse,المواد الخام Backflush من مستودع في التقدم في العمل,
Backflush Raw Materials of Subcontract Based On,Backflush المواد الخام من العقد من الباطن,
Balance,الرصيد,
Balance (Dr - Cr),الرصيد (مدين - دائن),
Balance ({0}),الرصيد ({0}),
Balance In Account Currency,الرصيد بعملة الحساب,
Balance In Base Currency,الرصيد بالعملة الأساسية,
Balance Qty,كمية الرصيد,
Balance Qty (Stock),كمية الرصيد (المخزون),
Balance Serial No,الرقم التسلسلي للرصيد,
Balance Sheet,المركز المالي,
Balance Sheet Closing Balance,رصيد إقفال الميزانية العمومية,
Balance Sheet Summary,ملخص الميزانية العمومية,
Balance Stock Qty,كمية رصيد المخزون,
Balance Stock Value,قيمة رصيد المخزون,
Balance Type,نوع الرصيد,
Balance Value,قيمة الرصيد,
Balance for Account {0} must always be {1},رصيد الحساب لـ {0} يجب ان يكون دائما {1},
Balance must be,يجب أن يكون الرصيد,
Bank,مصرف,
Bank / Cash Account,البنك حساب / النقدية,
Bank A/C No.,رقم الحساب المصرفي.,
Bank Account,حساب مصرفي,
Bank Account Details,تفاصيل الحساب البنكي,
Bank Account Info,معلومات الحساب البنكي,
Bank Account No,رقم الحساب البنكي,
Bank Account Subtype,النوع الفرعي للحساب المصرفي,
Bank Account Type,نوع الحساب المصرفي,
Bank Account {} in Bank Transaction {} is not matching with Bank Account {},الحساب البنكي {} في المعاملة البنكية {} لا يتطابق مع الحساب البنكي {},
Bank Accounts,حسابات مصرفية,
Bank Balance,الرصيد المصرفي,
Bank Charges,الرسوم المصرفية,
Bank Charges Account,حساب الرسوم البنكية,
Bank Clearance,تخليص البنك,
Bank Clearance Detail,تفاصيل التخليص المصرفي,
Bank Clearance Summary,ملخص التخليص البنكى,
Bank Credit Balance,رصيد رصيد البنك,
Bank Details,تفاصيل البنك,
Bank Draft,مسودة بنكية,
Bank Entry,حركة بنكية,
Bank Guarantee,ضمان بنكي,
Bank Guarantee Number,رقم ضمان البنك,
Bank Guarantee Type,نوع الضمان المصرفي,
Bank Name,اسم المصرف,
Bank Overdraft Account,حساب السحب من البنك بدون رصيد,
Bank Reconciliation Statement,بيان تسوية حساب بنكية,
Bank Reconciliation Tool,أداة تسوية البنك,
Bank Statement Import,استيراد كشف حساب بنكي,
Bank Statement balance as per General Ledger,كشف رصيد الحساب المصرفي وفقا لدفتر الأستاذ العام,
Bank Transaction,المعاملات المصرفية,
Bank Transaction Mapping,رسم المعاملات المصرفية,
Bank Transaction Payments,مدفوعات المعاملات المصرفية,
Bank Transaction {0} Matched,تمت مطابقة المعاملة البنكية {0},
Bank Transaction {0} added as Journal Entry,تمت إضافة المعاملة البنكية {0} كقيد يومية,
Bank Transaction {0} added as Payment Entry,تمت إضافة المعاملة البنكية {0} كقيد دفع,
Bank Transaction {0} is already fully reconciled,المعاملة البنكية {0} مسواة بالكامل بالفعل,
Bank Transaction {0} updated,تم تحديث المعاملة البنكية {0},
Bank account cannot be named as {0},لا يمكن تسمية الحساب المصرفي باسم {0},
Bank account {0} already exists and could not be created again,الحساب المصرفي {0} موجود بالفعل ولا يمكن إنشاؤه مرة أخرى,
Bank accounts added,الحسابات البنكية المضافة,
Bank transaction creation error,خطأ في إنشاء معاملة البنك,
Bank/Cash Account,حساب البنك/النقدية,
Bank/Cash Account {0} doesn't belong to company {1},حساب البنك/النقدية {0} لا ينتمي إلى الشركة {1},
Banking,الخدمات المصرفية,
Barcode Type,نوع الباركود,
Barcode {0} already used in Item {1},الباركود {0} مستخدم بالفعل في الصنف {1},
Barcode {0} is not a valid {1} code,الباركود {0} ليس رمز {1} صالحًا,
Barcodes,الباركود,
Barleycorn,بارليكورن,
Barrel (Oil),برميل (نفط),
Barrel(Beer),برميل (بيرة),
Base Amount,المبلغ الأساسي,
Base Amount (Company Currency),المبلغ الأساسي (عملة الشركة ),
Base Change Amount (Company Currency),مدى تغيير المبلغ الأساسي (عملة الشركة ),
Base Cost Per Unit,التكلفة الأساسية لكل وحدة,
Base Hour Rate(Company Currency),سعر الساعة الأساسي (عملة الشركة),
Base Rate,السعر الأساسي,
Base Tax Withheld,أساس الضريبة المستقطعة,
Base Taxable Amount,أساس المبلغ الخاضع للضريبة,
Base Total Billable Amount,إجمالي المبلغ الأساسي القابل للفوترة,
Base Total Billed Amount,إجمالي المبلغ الأساسي المفوتر,
Base Total Costing Amount,إجمالي مبلغ التكلفة الأساسي,
Based On Data ( in years ),على أساس البيانات (بالسنوات),
Based On Document,بناء على المستند,
Based On Payment Terms,بناء على شروط الدفع,
Based On Price List,على أساس قائمة الأسعار,
Based On Value,بناءً على القيمة,
"Based on your HR Policy, select your leave allocation period's end date",بناءً على سياسة الموارد البشرية الخاصة بك، حدد تاريخ انتهاء فترة تخصيص الإجازة,
"Based on your HR Policy, select your leave allocation period's start date",بناءً على سياسة الموارد البشرية الخاصة بك، حدد تاريخ بدء فترة تخصيص الإجازة,
Basic Amount,المبلغ الأساسي,
Basic Amount (Company Currency),المبلغ الأساسي (عملة الشركة ),
Basic Rate (Company Currency),سعر أساسي (عملة الشركة),
Basic Rate (as per Stock UOM),التسعير الاساسي استنادأ لوحدة القياس,
Batch,دفعة,
Batch Description,وصف الدفعة,
Batch Details,تفاصيل الدفعة,
Batch Expiry Date,تاريخ انتهاء صلاحية الدفعة,
Batch ID,هوية الباتش,
Batch ID is mandatory,معرف الدُفعة إلزامي,
Batch Item Expiry Status,حالة انتهاء صلاحية الدفعة الصنف,
Batch No,رقم دفعة,
Batch No is mandatory,رقم الدفعة إلزامي,
Batch No {0} does not exists,رقم الدفعة {0} غير موجود,
Batch No {0} is linked with Item {1} which has serial no. Please scan serial no instead.,رقم الدفعة {0} مرتبط بالصنف {1} الذي له رقم تسلسلي. يرجى مسح الرقم التسلسلي بدلاً من ذلك.,
"Batch No {0} is not present in the original {1} {2}, hence you can't return it against the {1} {2}",رقم الدفعة {0} غير موجود في {1} {2} الأصلي، وبالتالي لا يمكنك إرجاعه مقابل {1} {2},
Batch No.,رقم الدفعة,
Batch Nos,أرقام الدفعات,
Batch Nos are created successfully,تم إنشاء أرقام الدفعات بنجاح,
Batch Not Available for Return,الدفعة غير متاحة للإرجاع,
Batch Number Series,سلسلة رقم الدفعة,
Batch Qty,كمية الدفعة,
Batch Qty updated successfully,تم تحديث كمية الدفعة بنجاح,
Batch Quantity,كمية الدفعة,
Batch Size,حجم الدفعة,
Batch UOM,دفعة UOM,
Batch and Serial No,رقم الدفعة والرقم التسلسلي,
Batch not created for item {} since it does not have a batch series.,لم يتم إنشاء دفعة للصنف {} لأنه لا يحتوي على سلسلة دفعات.,
Batch {0} and Warehouse,الدفعة {0} والمستودع,
Batch {0} is not available in warehouse {1},الدفعة {0} غير متاحة في المستودع {1},
Batch {0} of Item {1} has expired.,الدفعة {0} للعنصر {1} انتهت صلاحيتها,
Batch {0} of Item {1} is disabled.,تم تعطيل الدفعة {0} من الصنف {1}.,
Batch-Wise Balance History,دفعة الحكيم التاريخ الرصيد,
Batchwise Valuation,التقييم حسب الدفعة,
Before reconciliation,قبل المصالحة,
Begin On (Days),ابدأ (بالأيام),
Beginning of the current subscription period,بداية فترة الاشتراك الحالية,
Below Subscription Plans are of different currency to the party default billing currency/Company currency: {0},خطط الاشتراك أدناه بعملة مختلفة عن عملة الفوترة الافتراضية للطرف/عملة الشركة: {0},
Bill Date,تاريخ الفاتورة,
Bill No,رقم الفاتورة,
Bill for Rejected Quantity in Purchase Invoice,فوترة الكمية المرفوضة في فاتورة الشراء,
Bill of Materials,قائمة المواد,
Billed,تمت الفوترة,
Billed Amount,القيمة المقدم فاتورة بها,
Billed Amt,فوترة AMT,
Billed Items To Be Received,الأصناف المفوترة التي سيتم استلامها,
Billed Qty,الفواتير الكمية,
"Billed, Received & Returned",مفوتر، مستلم ومرجع,
Billing Address,العنوان الذي ترسل به الفواتير,
Billing Address Details,تفاصيل عنوان الفوترة,
Billing Address Name,اسم عنوان تقديم الفواتير,
Billing Address does not belong to the {0},عنوان الفوترة لا ينتمي إلى {0},
Billing Amount,قيمة الفواتير,
Billing City,مدينة الفوترة,
Billing Country,بلد إرسال الفواتير,
Billing County,إقليم الفواتير,
Billing Currency,الفواتير العملات,
Billing Date,تاريخ الفواتير,
Billing Details,تفاصيل الفاتورة,
Billing Email,البريد الالكتروني لقوائم الدفع,
Billing Hours,ساعات الفواتير,
Billing Interval,فواتير الفوترة,
Billing Interval Count,عدد الفواتير الفوترة,
Billing Interval Count cannot be less than 1,لا يمكن أن يكون عدد فترات إعداد الفواتير أقل من 1,
Billing Interval in Subscription Plan must be Month to follow calendar months,يجب أن يكون فاصل الفوترة في خطة الاشتراك شهرًا لمتابعة الأشهر التقويمية,
Billing Rate,سعر الفوترة,
Billing State,الدولة الفواتير,
Billing Status,حالة الفواتير,
Billing Zipcode,الرمز البريدي للفواتير,
Billing currency must be equal to either default company's currency or party account currency,يجب أن تكون عملة الفوترة مساوية لعملة الشركة الافتراضية أو عملة حساب الطرف,
Bin,رصيد المخزون,
Bin Qty Recalculated,تمت إعادة حساب كمية رصيد المخزون,
Bio / Cover Letter,السيرة الذاتية / رسالة الغلاف,
Biot,بيوت,
Biotechnology,التكنولوجيا الحيوية,
Bisect Accounting Statements,تنصيف كشوفات الحسابات,
Bisect Left,تنصيف يسار,
Bisect Nodes,عقد التنصيف,
Bisect Right,تنصيف يمين,
Bisecting From,التنصيف من,
Bisecting Left ...,جارٍ التنصيف يسارًا...,
Bisecting Right ...,جارٍ التنصيف يمينًا...,
Bisecting To,التنصيف إلى,
Biweekly,كل أسبوعين,
Black,أسود,
Blank Line,سطر فارغ,
Blanket Order,أمر بطانية,
Blanket Order Allowance (%),بدل الطلب الشامل (٪),
Blanket Order Item,صنف أمر بطانية,
Blanket Order Rate,بطالة سعر النظام,
Block Invoice,حظر الفاتورة,
Block Supplier,كتلة المورد,
Blog Subscriber,مدونه المشترك,
Blood Group,فصيلة الدم,
Body,الجسم,
Body Text,نص أساسي,
Body and Closing Text Help,النص الأساسي والنص الختامي تعليمات,
Bold Text,نص غامق,
Book Advance Payments as Liability option is chosen. Paid From account changed from {0} to {1}.,تم اختيار خيار تسجيل الدفعات المقدمة كالتزام. تم تغيير الحساب المدفوع منه من {0} إلى {1}.,
Book Advance Payments in Separate Party Account,تسجيل الدفعات المقدمة في حساب طرف منفصل,
Book Appointment,موعد الكتاب,
Book Asset Depreciation Entry Automatically,تسجيل قيد إهلاك الأصل تلقائيًا,
Book Deferred Entries Based On,تسجيل القيود المؤجلة بناءً على,
Book Deferred Entries Via Journal Entry,تسجيل القيود المؤجلة عبر قيد اليومية,
Book Tax Loss on Early Payment Discount,تسجيل خسارة الضريبة على خصم الدفع المبكر,
Book an appointment,احجز موعدًا,
Booked,حجز,
Booked Fixed Asset,حجز الأصول الثابتة,
Booking stock value across multiple accounts will make it harder to track stock and account value.,تسجيل قيمة المخزون عبر حسابات متعددة سيجعل تتبع المخزون وقيمة الحساب أكثر صعوبة.,
Books have been closed till the period ending on {0},تم إقفال الدفاتر حتى الفترة المنتهية في {0},
Both,على حد سواء,
Both Payable Account: {0} and Advance Account: {1} must be of same currency for company: {2},يجب أن يكون كل من حساب الدفع: {0} وحساب الدفعات المقدمة: {1} بنفس العملة للشركة: {2},
Both Receivable Account: {0} and Advance Account: {1} must be of same currency for company: {2},يجب أن يكون كل من حساب القبض: {0} وحساب الدفعات المقدمة: {1} بنفس العملة للشركة: {2},
Both Trial Period Start Date and Trial Period End Date must be set,يجب تعيين كل من تاريخ بدء الفترة التجريبية وتاريخ انتهاء الفترة التجريبية,
Both {0} Account: {1} and Advance Account: {2} must be of same currency for company: {3},يجب أن يكون كل من حساب {0}: {1} وحساب الدفعات المقدمة: {2} بنفس العملة للشركة: {3},
Box,صندوق,
Branch,فرع,
Branch Code,رمز الفرع,
Brand Defaults,افتراضيات العلامة التجارية,
Brand Name,العلامة التجارية اسم,
Breakdown,انهيار,
Broadcasting,البث,
Brokerage,الوساطة المالية,
Browse BOM,تصفح قائمة المواد,
Btu (It),وحدة حرارية بريطانية (It),
Btu (Mean),وحدة حرارية بريطانية (متوسط),
Btu (Th),وحدة حرارية بريطانية (Th),
Btu/Hour,وحدة حرارية بريطانية/ساعة,
Btu/Minutes,وحدة حرارية بريطانية/دقيقة,
Btu/Seconds,وحدة حرارية بريطانية/ثانية,
Bucket Size,حجم الشريحة,
Budget,ميزانية,
Budget Account,حساب الميزانية,
Budget Against,الميزانية مقابل,
Budget Amount,قيمة الميزانية,
Budget Amount can not be {0}.,لا يمكن أن يكون مبلغ الموازنة {0}.,
Budget Detail,تفاصيل الميزانية,
Budget Distribution,توزيع الموازنة,
Budget Distribution Total,إجمالي توزيع الموازنة,
Budget End Date,تاريخ نهاية الموازنة,
Budget Exceeded,تم تجاوز الميزانية,
Budget Limit Exceeded,تم تجاوز حد الموازنة,
Budget List,قائمة الميزانية,
Budget Start Date,تاريخ بداية الموازنة,
Budget Variance Report,تقرير إنحرافات الموازنة,
Budget cannot be assigned against Group Account {0},لايمكن أسناد الميزانية للمجموعة Account {0},
"Budget cannot be assigned against {0}, as it's not an Income or Expense account",لا يمكن تعيين الميزانية مقابل {0}، حيث إنها ليست حسابا للدخل أو للمصروفات,
Budgets,الميزانيات,
Buffer Time,الوقت الفاصل,
Buffered Cursor,مؤشر مخزن مؤقتًا,
Build All?,إنشاء الكل؟,
Build Tree,بناء الشجرة,
Buildable Qty,الكمية القابلة للإنشاء,
Buildings,المباني,
Bulk Rename Jobs,مهام إعادة التسمية المجمعة,
Bulk Transaction Log,سجل المعاملات المجمعة,
Bulk Transaction Log Detail,تفاصيل سجل المعاملات المجمعة,
Bundle Items,أصناف الحزمة,
Bundle Qty,حزمة الكمية,
Bushel (UK),بوشل (المملكة المتحدة),
Bushel (US Dry Level),بوشل (مستوى جاف أمريكي),
Business Analyst,محلل أعمال,
Business Development Manager,مدير تطوير الأعمال,
Busy,مشغول,
Buy,الشراء,
Buyer of Goods and Services.,مشتري السلع والخدمات.,
Buying,المشتريات,
Buying & Selling Settings,إعدادات الشراء والبيع,
Buying Amount,قيمة الشراء,
Buying Price List,قائمة أسعار الشراء,
Buying Rate,معدل الشراء,
Buying Settings,إعدادات الشراء,
Buying and Selling,الشراء والبيع,
"Buying must be checked, if Applicable For is selected as {0}",يجب أن يتم التحقق الشراء، إذا تم تحديد مطبق للك {0},
"By default, the Supplier Name is set as per the Supplier Name entered. If you want Suppliers to be named by a <a href='https://docs.erpnext.com/docs/user/manual/en/setting-up/settings/naming-series' target='_blank'>Naming Series</a> choose the 'Naming Series' option.",بشكل افتراضي، يتم تعيين اسم المورد حسب اسم المورد المدخل. إذا كنت تريد تسمية الموردين بواسطة <a href='https://docs.erpnext.com/docs/user/manual/en/setting-up/settings/naming-series' target='_blank'>سلسلة تسمية</a>، فاختر خيار 'سلسلة التسمية'.,
Bypass Credit Limit Check at Sales Order,تجاوز الحد الائتماني في طلب المبيعات,
Bypass credit check at Sales Order,تجاوز التحقق من الائتمان في أمر البيع,
CC To,CC إلى,
CODE-39,CODE-39,
COGS By Item Group,تكلفة البضاعة المباعة حسب مجموعة الأصناف,
COGS Debit,مدين تكلفة البضاعة المباعة,
CRM,إدارة علاقات الزبائن,
CRM Note,ملاحظة إدارة علاقات العملاء,
CRM Settings,إعدادات إدارة علاقات العملاء,
CWIP Account,حساب CWIP,
Caballeria,كاباليريا,
Cable Length,طول الكابل,
Cable Length (UK),طول الكابل (المملكة المتحدة),
Cable Length (US),طول الكابل (الولايات المتحدة),
Calculate Ageing With,حساب التقادم مع,
Calculate Based On,إحسب الربح بناء على,
Calculate Depreciation,حساب الاهلاك,
Calculate Estimated Arrival Times,حساب أوقات الوصول المقدرة,
Calculate Product Bundle Price based on Child Items' Rates,حساب سعر حزمة المنتج بناءً على أسعار الأصناف الفرعية,
Calculate daily depreciation using total days in depreciation period,حساب الإهلاك اليومي باستخدام إجمالي الأيام في فترة الإهلاك,
Calculated Amount,المبلغ المحتسب,
Calculated Bank Statement balance,حساب رصيد الحساب المصرفي,
Calculated Discount Mismatch,عدم تطابق الخصم المحتسب,
Calculations,العمليات الحسابية,
Calendar Event,حدث التقويم,
Calibration,معايرة,
Calibre,عيار,
Call Again,اتصل مرة أخرى,
Call Connected,اتصال متصل,
Call Details,تفاصيل المكالمة,
Call Duration in seconds,مدة المكالمة بالثواني,
Call Ended,انتهت المكالمة,
Call Handling Schedule,جدول معالجة المكالمات,
Call Log,سجل المكالمات,
Call Missed,دعوة غاب,
Call Received By,تم استلام المكالمة بواسطة,
Call Receiving Device,جهاز استقبال المكالمات,
Call Routing,توجيه المكالمات,
Call Schedule Row {0}: To time slot should always be ahead of From time slot.,صف جدول المكالمات {0}: يجب أن يكون وقت الانتهاء دائمًا متقدمًا على وقت البدء.,
Call Summary,ملخص الاتصال,
Call Summary Saved,تم حفظ ملخص المكالمة,
Call Type,نوع المكالمة,
Callback,إعادة الاتصال,
Calorie (Food),سعر حراري (طعام),
Calorie (It),سعر حراري (It),
Calorie (Mean),سعر حراري (متوسط),
Calorie (Th),سعر حراري (Th),
Calorie/Seconds,سعر حراري/ثانية,
Campaign Efficiency,كفاءة الحملة,
Campaign Email Schedule,جدول البريد الإلكتروني للحملة,
Campaign Item,صنف الحملة,
Campaign Name,اسم الحملة,
Campaign Naming By,حملة التسمية بواسطة,
Campaign Schedules,جداول الحملة,
Campaign {0} not found,الحملة {0} غير موجودة,
Can be approved by {0},يمكن الموافقة عليها بواسطة {0},
Can not close Work Order. Since {0} Job Cards are in Work In Progress state.,لا يمكن إغلاق أمر العمل. نظرًا لوجود {0} بطاقات عمل في حالة العمل قيد التقدم.,
"Can not filter based on Cashier, if grouped by Cashier",لا يمكن التصفية على أساس Cashier، إذا تم تجميعها بواسطة Cashier,
"Can not filter based on Child Account, if grouped by Account",لا يمكن التصفية بناءً على حساب فرعي، إذا تم التجميع حسب الحساب,
"Can not filter based on Customer, if grouped by Customer",لا يمكن التصفية بناءً على العميل، إذا تم تجميعه بواسطة العميل,
"Can not filter based on POS Profile, if grouped by POS Profile",لا يمكن التصفية بناءً على ملف تعريف نقطة البيع، إذا تم تجميعها حسب ملف تعريف نقطة البيع,
"Can not filter based on Payment Method, if grouped by Payment Method",لا يمكن التصفية بناءً على طريقة الدفع، إذا تم تجميعها حسب طريقة الدفع,
"Can not filter based on Voucher No, if grouped by Voucher",لا يمكن الفلتره علي اساس (رقم الأيصال)، إذا تم وضعه في مجموعة على اساس (ايصال),
Can only make payment against unbilled {0},يمكن إجراء دفعة فقط مقابل فاتورة غير مدفوعة {0},
Can refer row only if the charge type is 'On Previous Row Amount' or 'Previous Row Total',يمكن الإشارة إلى الصف فقط إذا كان نوع الرسوم 'على مبلغ الصف السابق' أو 'إجمالي الصف السابق',
"Can't change the valuation method, as there are transactions against some items which do not have its own valuation method",لا يمكن تغيير طريقة التقييم، حيث توجد معاملات لبعض الأصناف التي ليس لها طريقة تقييم خاصة بها,
Cancel At End Of Period,الغاء في نهاية الفترة,
Cancel Material Visit {0} before cancelling this Warranty Claim,إلغاء الزيارة {0} قبل إلغاء طلب الضمانة,
Cancel Material Visits {0} before cancelling this Maintenance Visit,إلغاء المواد الخاصة بالزيارة {0} قبل إلغاء زيارة الصيانة هذه,
Cancel Subscription,إلغاء الاشتراك,
Cancel Subscription After Grace Period,إلغاء الاشتراك بعد فترة السماح,
Cancelation Date,تاريخ الإلغاء,
Cannot Calculate Arrival Time as Driver Address is Missing.,لا يمكن حساب وقت الوصول حيث أن عنوان برنامج التشغيل مفقود.,
Cannot Change Inventory Account Setting,لا يمكن تغيير إعداد حساب المخزون,
Cannot Create Return,لا يمكن إنشاء إرجاع,
Cannot Merge,لا يمكن الدمج,
Cannot Optimize Route as Driver Address is Missing.,لا يمكن تحسين المسار لأن عنوان برنامج التشغيل مفقود.,
Cannot Relieve Employee,لا يمكن إعفاء الموظف,
Cannot Resubmit Ledger entries for vouchers in Closed fiscal year.,لا يمكن إعادة إرسال قيود دفتر الأستاذ للإيصالات في سنة مالية مغلقة.,
"Cannot amend {0} {1}, please create a new one instead.",لا يمكن تعديل {0} {1}، يرجى إنشاء واحد جديد بدلاً من ذلك.,
Cannot apply TDS against multiple parties in one entry,لا يمكن تطبيق ضريبة الخصم من المنبع على أطراف متعددة في قيد واحد,
Cannot be a fixed asset item as Stock Ledger is created.,لا يمكن أن يكون عنصر الأصول الثابتة كما يتم إنشاء دفتر الأستاذ.,
Cannot cancel Asset Depreciation Schedule {0} as it has a draft journal entry {1}.,لا يمكن إلغاء جدول إهلاك الأصل {0} لوجود قيد يومية بحالة مسودة {1}.,
Cannot cancel POS Closing Entry,لا يمكن إلغاء قيد إغلاق نقطة البيع,
Cannot cancel as processing of cancelled documents is pending.,لا يمكن الإلغاء حيث أن معالجة المستندات الملغاة معلقة.,
Cannot cancel because submitted Stock Entry {0} exists,لا يمكن الإلغاء لان هناك قيود مخزون مقدمة {0} موجودة,
Cannot cancel the transaction. Reposting of item valuation on submission is not completed yet.,لا يمكن إلغاء المعاملة. لم يكتمل بعد إعادة ترحيل تقييم الصنف عند الإرسال.,
Cannot cancel this document as it is linked with the submitted Asset Value Adjustment <b>{0}</b>. Please cancel the Asset Value Adjustment to continue.,لا يمكن إلغاء هذا المستند لأنه مرتبط بتعديل قيمة الأصل المرحّل <b>{0}</b>. يرجى إلغاء تعديل قيمة الأصل للمتابعة.,
Cannot cancel this document as it is linked with the submitted asset {asset_link}. Please cancel the asset to continue.,لا يمكن إلغاء هذا المستند لأنه مرتبط بالأصل المرسل {asset_link}. يرجى إلغاء الأصل للمتابعة.,
Cannot cancel transaction for Completed Work Order.,لا يمكن إلغاء المعاملة لأمر العمل المكتمل.,
Cannot change Attributes after stock transaction. Make a new Item and transfer stock to the new Item,لا يمكن تغيير الخصائص بعد إجراء حركة مخزنية. أنشئ صنفًا جديدًا وحوّل المخزون إليه,
Cannot change Fiscal Year Start Date and Fiscal Year End Date once the Fiscal Year is saved.,لا يمكن تغيير تاريخ بدء السنه المالية وتاريخ انتهاء السنه المالية بمجرد حفظ السنه المالية.,
Cannot change Reference Document Type.,لا يمكن تغيير نوع المستند المرجعي.,
Cannot change Service Stop Date for item in row {0},لا يمكن تغيير تاريخ إيقاف الخدمة للعنصر الموجود في الصف {0},
Cannot change Variant properties after stock transaction. You will have to make a new Item to do this.,لا يمكن تغيير خصائص المتغير بعد معاملة المخزون. سيكون عليك عمل عنصر جديد للقيام بذلك.,
"Cannot change company's default currency, because there are existing transactions. Transactions must be cancelled to change the default currency.",لا يمكن تغيير العملة الافتراضية للشركة، لأن هناك معاملات موجودة. يجب إلغاء المعاملات لتغيير العملة الافتراضية.,
Cannot complete task {0} as its dependant task {1} are not completed / cancelled.,لا يمكن إكمال المهمة {0} حيث أن المهمة التابعة لها {1} لم تكتمل / لم تلغ.,
Cannot convert Cost Center to ledger as it has child nodes,لا يمكن تحويل مركز التكلفة إلى حساب دفتر الأستاذ لانه مرتبط بعقدة فرعية,
Cannot convert Task to non-group because the following child Tasks exist: {0}.,لا يمكن تحويل المهمة إلى غير مجموعة لوجود المهام الفرعية التالية: {0}.,
Cannot convert to Group because Account Type is selected.,لا يمكن التحويل إلى مجموعة لأنه تم تحديد نوع الحساب.,
Cannot covert to Group because Account Type is selected.,لا يمكن تحويل الحساب إلى تصنيف مجموعة لأن نوع الحساب تم اختياره.,
Cannot create Stock Reservation Entries for future dated Purchase Receipts.,لا يمكن إنشاء قيود حجز المخزون لإيصالات الشراء ذات التاريخ المستقبلي.,
Cannot create a pick list for Sales Order {0} because it has reserved stock. Please unreserve the stock in order to create a pick list.,لا يمكن إنشاء قائمة انتقاء لأمر البيع {0} لأنه يحتوي على مخزون محجوز. يرجى إلغاء حجز المخزون لإنشاء قائمة انتقاء.,
Cannot create accounting entries against disabled accounts: {0},لا يمكن إنشاء قيود محاسبية مقابل الحسابات المعطلة: {0},
Cannot create return for consolidated invoice {0}.,لا يمكن إنشاء إرجاع للفاتورة الموحدة {0}.,
Cannot deactivate or cancel BOM as it is linked with other BOMs,لا يمكن تعطيل أو إلغاء قائمة المواد لانها مترابطة مع قوائم مواد اخرى,
"Cannot declare as lost, because Quotation has been made.",لا يمكن ان تعلن بانها فقدت، لأنه تم تقديم عرض مسعر.,
Cannot deduct when category is for 'Valuation' or 'Valuation and Total',"لا يمكن الخصم عندما تكون الفئة ""التقييم"" أو ""التقييم والإجمالي""",
Cannot delete Exchange Gain/Loss row,لا يمكن حذف صف مكاسب/خسائر الصرف,
"Cannot delete Serial No {0}, as it is used in stock transactions",لا يمكن حذف الرقم التسلسلي {0}، لانه يتم استخدامها في قيود المخزون,
Cannot delete an item which has been ordered,لا يمكن حذف صنف تم طلبه,
Cannot delete protected core DocType: {0},لا يمكن حذف نوع مستند أساسي محمي: {0},
Cannot disassemble more than produced quantity.,لا يمكن تفكيك أكثر من الكمية المنتجة.,
Cannot ensure delivery by Serial No as Item {0} is added with and without Ensure Delivery by Serial No.,لا يمكن ضمان التسليم بواسطة Serial No حيث أن العنصر {0} مضاف مع وبدون ضمان التسليم بواسطة Serial No.,
Cannot find Item or Warehouse with this Barcode,لا يمكن العثور على صنف أو مستودع بهذا الرمز الشريطي,
Cannot find Item with this Barcode,لا يمكن العثور على عنصر بهذا الرمز الشريطي,
Cannot find a default warehouse for item {0}. Please set one in the Item Master or in Stock Settings.,لا يمكن العثور على مستودع افتراضي للصنف {0}. يرجى تعيين واحد في بيانات الصنف الرئيسية أو في إعدادات المخزون.,
Cannot produce more Item {0} than Sales Order quantity {1} {2},لا يمكن إنتاج كمية من الصنف {0} أكبر من كمية أمر البيع {1} {2},
Cannot produce more item for {0},لا يمكن إنتاج المزيد من الصنف لـ {0},
Cannot produce more than {0} items for {1},لا يمكن إنتاج أكثر من {0} أصناف لـ {1},
Cannot receive from customer against negative outstanding,لا يمكن الاستلام من العميل مقابل رصيد مستحق سالب,
Cannot reduce quantity than ordered or purchased quantity,لا يمكن تخفيض الكمية عن الكمية المطلوبة أو المشتراة,
Cannot refer row number greater than or equal to current row number for this Charge type,لا يمكن أن يشير رقم الصف أكبر من أو يساوي رقم الصف الحالي لهذا النوع المسؤول,
Cannot retrieve link token for update. Check Error Log for more information,لا يمكن استرداد رمز الارتباط للتحديث. تحقق من سجل الأخطاء لمزيد من المعلومات,
Cannot retrieve link token. Check Error Log for more information,لا يمكن استرداد رمز الارتباط. تحقق من سجل الأخطاء لمزيد من المعلومات,
Cannot select charge type as 'On Previous Row Amount' or 'On Previous Row Total' for first row,"لا يمكن تحديد نوع التهمة باسم ' في الصف السابق المبلغ ' أو ' في السابق صف إجمالي "" ل لصف الأول",
Cannot set as Lost as Sales Order is made.,لا يمكن أن تعين كخسارة لأنه تم تقديم أمر البيع. <br>Cannot set as Lost as Sales Order is made.,
Cannot set authorization on basis of Discount for {0},لا يمكن تحديد التخويل على أساس الخصم ل {0},
Cannot set multiple Item Defaults for a company.,لا يمكن تعيين عدة عناصر افتراضية لأي شركة.,
Cannot set quantity less than delivered quantity,لا يمكن ضبط كمية أقل من الكمية المسلمة,
Cannot set quantity less than received quantity,لا يمكن تعيين كمية أقل من الكمية المستلمة,
Cannot set the field <b>{0}</b> for copying in variants,لا يمكن تعيين الحقل <b>{0}</b> للنسخ في المتغيرات,
Cannot start deletion. Another deletion {0} is already queued/running. Please wait for it to complete.,لا يمكن بدء الحذف. توجد عملية حذف أخرى {0} في قائمة الانتظار أو قيد التشغيل. يرجى انتظار اكتمالها.,
Cannot {0} from {1} without any negative outstanding invoice,لا يمكن {0} من {1} دون أي فاتورة مستحقة سالبة,
Canonical URI,URI الأساسي,
Capacity,سعة,
Capacity (Stock UOM),السعة (وحدة قياس المخزون),
Capacity Planning,القدرة على التخطيط,
"Capacity Planning Error, planned start time can not be same as end time",خطأ في تخطيط السعة، لا يمكن أن يكون وقت البدء المخطط له هو نفسه وقت الانتهاء,
Capacity Planning For (Days),القدرة على التخطيط لل(أيام),
Capacity in Stock UOM,السعة بوحدة قياس المخزون,
Capacity must be greater than 0,يجب أن تكون السعة أكبر من 0,
Capital Equipment,معدات رأسمالية,
Capital Stock,رأس المال,
Capital Work In Progress Account,حساب رأس المال قيد التنفيذ,
Capital Work in Progress,العمل الرأسمالي في التقدم,
Capitalize Asset,رسملة الأصل,
Capitalize Repair Cost,رسملة تكلفة الإصلاح,
Capitalize this asset before submitting.,قم برسملة هذا الأصل قبل الإرسال.,
Capitalized,مرسمل,
Carat,قيراط,
Carriage Paid To,النقل مدفوع حتى,
Carriage and Insurance Paid to,النقل والتأمين مدفوعان حتى,
Carrier,الناقل,
Carrier Service,خدمة الناقل,
Carry Forward Communication and Comments,ترحيل الاتصالات والتعليقات,
Cash,نقد,
Cash Entry,قيد نقدي,
Cash Flow,التدفق النقدي,
Cash Flow Statement,بيان التدفق النقدي,
Cash Flow from Financing,التدفق النقدي من التمويل,
Cash Flow from Investing,التدفق النقد من الاستثمار,
Cash Flow from Operations,التدفق النقدي من العمليات,
Cash In Hand,النقدية الحاضرة,
Cash or Bank Account is mandatory for making payment entry,الحساب النقدي أو البنكي مطلوب لعمل مدخل بيع <br>Cash or Bank Account is mandatory for making payment entry,
Cash/Bank Account,حساب النقد / البنك,
Cashier,أمين الصندوق,
Cashier Closing,إغلاق أمين الصندوق,
Cashier Closing Payments,مدفوعات إغلاق أمين الصندوق,
Catch All,قبض على الكل,
Categorize By,تصنيف حسب,
Categorize by,تصنيف حسب,
Categorize by Account,تصنيف حسب الحساب,
Categorize by Item,تصنيف حسب الصنف,
Categorize by Party,تصنيف حسب الطرف,
Categorize by Supplier,تصنيف حسب المورد,
Categorize by Voucher,تصنيف حسب السند,
Categorize by Voucher (Consolidated),تصنيف حسب السند (موحد),
Category Details,تفاصيل التصنيف,
Category-wise Asset Value,قيمة الأصول حسب الفئة,
Caution,الحذر,
Caution: This might alter frozen accounts.,تحذير: قد يؤدي هذا إلى تغيير الحسابات المجمدة.,
Cellphone Number,رقم الهاتف المحمول,
Celsius,سلسيوس,
Cental,سنتال,
Centiarea,سنتي آر,
Centigram/Litre,سنتيجرام/لتر,
Centilitre,سنتيلتر,
Centimeter,سنتيمتر,
Certificate,شهادة,
Certificate Details,تفاصيل الشهادة,
Certificate Limit,حد الشهادة,
Certificate No,شهادة رقم,
Certificate Required,الشهادة مطلوبة,
Chain,سلسلة,
Change Amount,تغيير المبلغ,
Change Release Date,تغيير تاريخ الإصدار,
Change in Stock Value,التغير في قيمة المخزون,
Change the account type to Receivable or select a different account.,"قم بتغيير نوع الحساب إلى ""ذمم مدينة"" أو حدد حسابًا مختلفًا.",
Change this date manually to setup the next synchronization start date,قم بتغيير هذا التاريخ يدويًا لإعداد تاريخ بدء المزامنة التالي,
Changed customer name to '{}' as '{}' already exists.,تم تغيير اسم العميل إلى '{}' لأن '{}' موجود بالفعل.,
Changes in {0},التغييرات في {0},
Changing Customer Group for the selected Customer is not allowed.,لا يسمح بتغيير مجموعة العملاء للعميل المحدد.,
"Changing the valuation method to Moving Average will affect new transactions. If backdated entries are added, earlier FIFO-based entries will be reposted, which may change closing balances.",سيؤثر تغيير طريقة التقييم إلى المتوسط المتحرك على المعاملات الجديدة. إذا تمت إضافة قيود بأثر رجعي، فسيتم إعادة ترحيل القيود السابقة القائمة على طريقة الوارد أولاً يصرف أولاً (FIFO)، مما قد يغير أرصدة الإقفال.,
Channel Partner,شريك القناة,
Charge of type 'Actual' in row {0} cannot be included in Item Rate or Paid Amount,لا يمكن تضمين الرسوم من نوع 'فعلي' في الصف {0} في سعر الصنف أو المبلغ المدفوع,
Chargeable,خاضع للرسوم,
Charges Incurred,الرسوم المتكبدة,
Charges are updated in Purchase Receipt against each item,يتم تحديث الرسوم في إيصال الشراء مقابل كل صنف,
"Charges will be distributed proportionately based on item qty or amount, as per your selection",سيتم توزيع الرسوم بشكل تناسبي بناءً على كمية الصنف أو المبلغ، حسب اختيارك,
Chart Of Accounts,دليل الحسابات,
Chart Of Accounts Template,نمودج دليل الحسابات,
Chart Preview,معاينة الرسم البياني,
Chart Tree,شجرة الرسم البياني,
Chart of Accounts,الشجرة المحاسبية,
Chart of Accounts Importer,مخطط حسابات المستورد,
Chart of Cost Centers,دليل مراكز التكلفة,
Charts Based On,الرسوم البيانية على أساس,
Chassis No,رقم الشاسيه,
Check Availability in Warehouse,تحقق من التوفر في المستودع,
Check Supplier Invoice Number Uniqueness,التحقق من رقم الفتورة المرسلة من المورد مميز (ليس متكرر),
Check if it is a hydroponic unit,تحقق ما إذا كان هو وحدة الزراعة المائية,
Check if material transfer entry is not required,تحقق مما إذا كان إدخال نقل المواد غير مطلوب,
Check row {0} for account {1}: Party Type is only allowed for Receivable or Payable accounts,راجع الصف {0} للحساب {1}: نوع الطرف مسموح به فقط للحسابات المدينة أو الدائنة,
Check this to disallow fractions. (for Nos),حدد هذا الخيار لعدم السماح بالكسور مع الارقام (for Nos),
Checked On,تم التحقق في,
Checking this will round off the tax amount to the nearest integer,سيؤدي تحديد هذا إلى تقريب مبلغ الضريبة إلى أقرب عدد صحيح,
Checkout,الدفع,
Checkout Order / Submit Order / New Order,طلب الخروج / إرسال الطلب / طلب جديد,
Chemical,الكيميائية,
Cheque,شيك,
Cheque Date,تاريخ الشيك,
Cheque Height,ارتفاع الصك,
Cheque Number,رقم الشيك,
Cheque Print Template,نمودج طباعة الشيك,
Cheque Size,مقاس الصك,
Cheque Width,عرض الشيك,
Cheque/Reference Date,تاريخ الصك / السند المرجع,
Cheque/Reference No,رقم الصك / السند المرجع,
Cheques Required,الشيكات المطلوبة,
Cheques and Deposits Incorrectly cleared,الشيكات والإيداعات التي تم تسويتها بشكل غير صحيح,
Cheques and Deposits incorrectly cleared,الشيكات والودائع موضحة او المقاصة تمت بشكل غير صحيح,
Chief Executive Officer,الرئيس التنفيذي,
Chief Financial Officer,المدير المالي,
Chief Operating Officer,المدير التنفيذي للعمليات,
Chief Technology Officer,المدير التقني,
Child DocTypes,أنواع المستندات الفرعية,
Child Docname,اسم الطفل,
Child Row Reference,مرجع الصف الفرعي,
Child Table Not Allowed,الجدول الفرعي غير مسموح به,
Child Task exists for this Task. You can not delete this Task.,مهمة تابعة موجودة لهذه المهمة. لا يمكنك حذف هذه المهمة.,
Child nodes can be only created under 'Group' type nodes,العقد التابعة يمكن أن تنشأ إلا في إطار 'مجموعة' نوع العُقد,
Child warehouse exists for this warehouse. You can not delete this warehouse.,مستودع فرعي موجود لهذا المستودع. لا يمكنك حذف هذا المستودع.,
Circular Reference Error,خطأ مرجع دائري,
Claimed Landed Cost Amount (Company Currency),مبلغ التكلفة النهائية المطالب بها (عملة الشركة),
Class / Percentage,الفئة / النسبة المئوية,
Classification of Customers by region,تصنيف العملاء حسب المنطقة,
Clauses and Conditions,الشروط والأحكام,
Clear Demo Data,مسح بيانات العرض التوضيحي,
Clear Notifications,مسح الإشعارات,
Clear Table,مسح الجدول,
Clearance Date,تاريخ الاستحقاق,
Clearance Date not mentioned,لم يتم ذكر تاريخ الاستحقاق,
Clearance Date updated,تم تحديث تاريخ التخليص,
Clearing Demo Data...,جارٍ مسح بيانات العرض التوضيحي...,
Click on 'Get Finished Goods for Manufacture' to fetch the items from the above Sales Orders. Items only for which a BOM is present will be fetched.,انقر على 'الحصول على السلع الجاهزة للتصنيع' لجلب الأصناف من أوامر البيع المذكورة أعلاه. سيتم جلب الأصناف التي لها قائمة مواد فقط.,
Click on Add to Holidays. This will populate the holidays table with all the dates that fall on the selected weekly off. Repeat the process for populating the dates for all your weekly holidays,انقر على إضافة إلى العطلات. سيؤدي هذا إلى ملء جدول العطلات بجميع التواريخ التي تقع في الإجازة الأسبوعية المحددة. كرر العملية لملء التواريخ لجميع عطلاتك الأسبوعية,
Click on Get Sales Orders to fetch sales orders based on the above filters.,انقر على الحصول على أوامر البيع لجلب أوامر البيع بناءً على عوامل التصفية المذكورة أعلاه.,
Click on Import Invoices button once the zip file has been attached to the document. Any errors related to processing will be shown in the Error Log.,انقر على زر استيراد الفواتير بمجرد إرفاق الملف المضغوط بالوثيقة. سيتم عرض أي أخطاء متعلقة بالمعالجة في سجل الأخطاء.,
Click on the link below to verify your email and confirm the appointment,انقر على الرابط أدناه للتحقق من بريدك الإلكتروني وتأكيد الموعد,
Click to add email / phone,انقر لإضافة البريد الإلكتروني / الهاتف,
Close Issue After Days,اغلاق المشكلة بعد ايام,
Close Loan,إغلاق القرض,
Close Replied Opportunity After Days,إغلاق الفرصة التي تم الرد عليها بعد أيام,
Close the POS,أغلق POS,
Closed Document,وثيقة مغلقة,
Closed Documents,وثائق مغلقة,
Closed Work Order can not be stopped or Re-opened,لا يمكن إيقاف أو إعادة فتح أمر العمل المغلق,
Closed order cannot be cancelled. Unclose to cancel.,الطلب المغلق لايمكن إلغاؤه. ازالة الاغلاق لكي تتمكن من الالغاء,
Closing,الإغلاق,
Closing (Cr),إغلاق (دائن),
Closing (Dr),إغلاق (مدين),
Closing (Opening + Total),الإغلاق (الافتتاحي + الإجمالي),
Closing Account Head,اقفال حساب المركز الرئيسي,
Closing Account {0} must be of type Liability / Equity,يجب ان يكون الحساب الختامي {0} من النوع متطلبات/الأسهم,
Closing Amount,مبلغ الإغلاق,
Closing Balance,الرصيد الختامي,
Closing Balance as per Bank Statement,رصيد الإقفال حسب كشف الحساب البنكي,
Closing Balance as per ERP,رصيد الإقفال حسب نظام تخطيط موارد المؤسسات,
Closing Date,تاريخ الاغلاق,
Closing Text,نص ختامي,
Closing [Opening + Total] ,إقفال [افتتاح + إجمالي] ,
Code List,قائمة الرموز,
Cold Calling,الاتصال البارد,
Collect Outstanding Amount,تحصيل المبلغ المستحق,
Collect Progress,اجمع التقدم,
Collection Factor (=1 LP),عامل التجميع (= 1 ليرة لبنانية),
Collection Rules,قواعد الجمع,
Collection Tier,مجموعة الصف,
Colour,اللون,
Column in Bank File,العمود في ملف البنك,
Columns are not according to template. Please compare the uploaded file with standard template,الأعمدة ليست وفقًا للقالب. يرجى مقارنة الملف الذي تم تحميله بالقالب القياسي,
Combined invoice portion must equal 100%,يجب أن يساوي جزء الفاتورة المجمع 100٪,
Commercial,تجاري,
Commission,عمولة,
Commission Rate,نسبة العمولة,
Commission Rate %,معدل العمولة ٪,
Commission Rate (%),معدل العمولة (٪),
Commission on Sales,عمولة على المبيعات,
Common Code,الرمز المشترك,
Communication Channel,قناة الاتصال,
Communication Medium,الاتصالات متوسطة,
Communication Medium Timeslot,الاتصالات المتوسطة Timeslot,
Communication Medium Type,الاتصالات المتوسطة النوع,
Compact Item Print,مدمجة البند طباعة,
Companies,شركات,
Company,شركة,
Company Abbreviation,اختصار الشركة,
Company Abbreviation cannot have more than 5 characters,لا يمكن أن يحتوي اختصار الشركة على أكثر من 5 أحرف,
Company Account,حساب الشركة,
Company Account is mandatory,حساب الشركة إلزامي,
Company Address,عنوان الشركة,
Company Address Display,عرض عنوان الشركة,
Company Address Name,اسم عنوان الشركة,
Company Bank Account,حساب بنك الشركة,
Company Billing Address,عنوان فوترة الشركة,
Company Contact Person,مسؤول الاتصال بالشركة,
Company Description,وصف الشركة,
Company Details,تفاصيل الشركة,
Company Email,البريد الإلكتروني الخاص بالشركة,
Company Field,حقل الشركة,
Company Logo,شعار الشركة,
Company Name cannot be Company,اسم الشركة لا يمكن أن تكون شركة,
Company Not Linked,شركة غير مرتبطة,
Company Shipping Address,عنوان شحن الشركة,
Company Tax ID,الرقم الضريبي للشركة,
Company and Posting Date is mandatory,الشركة وتاريخ الترحيل إلزامي,
Company currencies of both the companies should match for Inter Company Transactions.,يجب أن تتطابق عملات الشركة لكلتا الشركتين مع معاملات Inter Inter Company.,
Company field is required,حقل الشركة مطلوب,
Company is mandatory,الشركة إلزامية,
Company is mandatory for company account,الشركة إلزامية لحساب الشركة,
Company is mandatory for generating an invoice. Please set a default company in Global Defaults.,الشركة إلزامية لإنشاء فاتورة. يرجى تعيين شركة افتراضية في الإعدادات العامة.,
Company name not same,اسم الشركة ليس مماثل,
Company of asset {0} and purchase document {1} doesn't matches.,شركة الأصل {0} ومستند الشراء {1} غير متطابقين.,
Company registration numbers for your reference. Tax numbers etc.,ارقام تسجيل الشركة و ارقام ملفات الضرائب..... الخ,
Company which internal customer represents,الشركة التي يمثلها العميل الداخلي,
Company which internal customer represents.,الشركة التي يمثلها العميل الداخلي.,
Company which internal supplier represents,الشركة التي يمثلها المورد الداخلي,
Company {0} added multiple times,تمت إضافة الشركة {0} عدة مرات,
Company {0} does not exist,الشركة {0} غير موجودة,
Company {0} is added more than once,تمت إضافة الشركة {0} أكثر من مرة,
Company {} does not exist yet. Taxes setup aborted.,الشركة {} غير موجودة بعد. تم إحباط إعداد الضرائب.,
Company {} does not match with POS Profile Company {},الشركة {} لا تتطابق مع شركة ملف تعريف نقاط البيع {},
Competitor,منافس,
Competitor Detail,تفاصيل المنافس,
Competitor Name,اسم المنافس,
Competitors,المنافسون,
Complete Job,إكمال مهمة العمل,
Complete Order,إكمال الطلب,
Completed By,اكتمل بواسطة,
Completed On,تم الإكمال في,
Completed On cannot be greater than Today,لا يمكن أن يكون تاريخ الإكمال أكبر من تاريخ اليوم,
Completed Operation,العملية المكتملة,
Completed Projects,المشاريع المنجزة,
Completed Qty,الكمية المكتملة,
Completed Qty cannot be greater than 'Qty to Manufacture',"لا يمكن أن تكون الكمية المكتملة أكبر من ""الكمية إلى التصنيع""",
Completed Quantity,الكمية المكتملة,
Completed Tasks,المهام المكتملة,
Completed Time,وقت الإكمال,
Completed Work Orders,أوامر العمل المكتملة,
Completion,إكمال,
Completion By,اكتمال بواسطة,
Completion Date,تاريخ الانتهاء,
Completion Date can not be before Failure Date. Please adjust the dates accordingly.,لا يمكن أن يكون تاريخ الإكمال قبل تاريخ الفشل. يرجى تعديل التواريخ وفقًا لذلك.,
Completion Status,استكمال الحالة,
Component Expense Account,حساب مصروفات المكونات,
Component Name,اسم المكون,
Composite Asset,أصل مركّب,
Composite Component,مكوّن مركّب,
Comprehensive Insurance,تأمين شامل,
Computer,الحاسوب,
Conditional Rule,قاعدة شرطية,
Conditional Rule Examples,أمثلة على القواعد الشرطية,
Conditions will be applied on all the selected items combined. ,سيتم تطبيق الشروط على جميع العناصر المختارة مجتمعة. ,
Configure Product Assembly,تكوين تجميع المنتج,
Configure the action to stop the transaction or just warn if the same rate is not maintained.,تكوين الإجراء لإيقاف المعاملة أو التحذير فقط إذا لم يتم الحفاظ على نفس السعر.,
Configure the default Price List when creating a new Purchase transaction. Item prices will be fetched from this Price List.,تكوين قائمة الأسعار الافتراضية عند إنشاء معاملة شراء جديدة. سيتم جلب أسعار العناصر من قائمة الأسعار هذه.,
Confirmation Date,تاريخ التأكيد,
Connection,الارتباط,
Consider Accounting Dimensions,ضع في اعتبارك أبعاد المحاسبة,
Consider Minimum Order Qty,اعتبار الحد الأدنى لكمية الطلب,
Consider Process Loss,ضع في اعتبارك خسائر العملية,
Consider Projected Qty in Calculation,اعتبار الكمية المتوقعة في الحساب,
Consider Projected Qty in Calculation (RM),اعتبار الكمية المتوقعة في الحساب (المواد الخام),
Consider Rejected Warehouses,اعتبار المستودعات المرفوضة,
Consider Tax or Charge for,النظر في ضريبة أو رسم ل,
Consider for Tax Withholding,ضع في اعتبارك اقتطاع الضرائب,
Consider for Tax Withholding ,ضع في اعتبارك اقتطاع الضرائب ,
Considered In Paid Amount,تم اعتباره في المبلغ المدفوع,
Consolidate Sales Order Items,توحيد أصناف أوامر البيع,
Consolidate Sub Assembly Items,توحيد أصناف التجميع الفرعية,
Consolidated,موحّد,
Consolidated Credit Note,إشعار دائن موحد,
Consolidated Financial Statement,القوائم المالية الموحدة,
Consolidated Sales Invoice,فاتورة المبيعات الموحدة,
Consolidated Trial Balance,ميزان المراجعة الموحد,
Consultant,مستشار,
Consulting,الاستشارات,
Consumable,مستهلك,
Consumables,المواد الاستهلاكية,
Consumed,مستهلك,
Consumed Amount,القيمة المستهلكة,
Consumed Asset Total Value,إجمالي قيمة الأصول المستهلكة,
Consumed Assets,الأصول المستهلكة,
Consumed Items,العناصر المستهلكة,
Consumed Items Cost,تكلفة الأصناف المستهلكة,
Consumed Qty,تستهلك الكمية,
Consumed Qty cannot be greater than Reserved Qty for item {0},لا يمكن أن تكون الكمية المستهلكة أكبر من الكمية المحجوزة للصنف {0},
Consumed Quantity,الكمية المستهلكة,
Consumed Stock Items,أصناف المخزون المستهلكة,
"Consumed Stock Items, Consumed Asset Items or Consumed Service Items is mandatory for Capitalization",أصناف المخزون المستهلكة، أصناف الأصول المستهلكة أو أصناف الخدمات المستهلكة إلزامية للرسملة,
Consumed Stock Total Value,إجمالي قيمة المخزون المستهلك,
Consumed quantity of item {0} exceeds transferred quantity.,الكمية المستهلكة من الصنف {0} تتجاوز الكمية المحوّلة.,
Consumer Products,المنتجات الاستهلاكية,
Consumption Rate,معدل الاستهلاك,
Contact Desc,الاتصال التفاصيل,
Contact HTML,الاتصال HTML,
Contact Info,معلومات الاتصال,
Contact Information,معلومات الاتصال,
Contact List,قائمة جهات الاتصال,
Contact Mobile,رقم هاتف جهة الاتصال,
Contact Mobile No,الاتصال المحمول لا,
Contact Name,اسم جهة الاتصال,
Contact No.,الاتصال رقم,
Contact Person,الشخص الذي يمكن الاتصال به,
Contact Person does not belong to the {0},مسؤول الاتصال لا ينتمي إلى {0},
Contact:,اتصال:,
Contact: ,اتصال: ,
Contra Entry,قيد مقابل,
Contract,عقد,
Contract Details,تفاصيل العقد,
Contract End Date,تاريخ نهاية العقد,
Contract Fulfilment Checklist,قائمة مراجعة إنجاز العقد,
Contract Period,مدة العقد,
Contract Template,قالب العقد,
Contract Template Fulfilment Terms,شروط استيفاء قالب العقد,
Contract Template Help,مساعدة قالب العقد,
Contract Terms,شروط العقد,
Contract Terms and Conditions,شروط وأحكام العقد,
Contribution %,المساهمة ٪,
Contribution (%),المساهمة (٪),
Contribution Amount,قيمة المساهمة,
Contribution Qty,كمية المساهمة,
Contribution to Net Total,المساهمة في صافي إجمالي,
Control Action,التحكم في العمل,
Control Action for Cumulative Expense,إجراء التحكم للمصروفات التراكمية,
Control Historical Stock Transactions,التحكم في معاملات المخزون التاريخية,
Conversion Factor,معامل التحويل,
Conversion Rate,معدل التحويل,
Conversion factor for default Unit of Measure must be 1 in row {0},معامل التحويل الافتراضي لوحدة القياس يجب أن يكون 1 في الصف {0},
Conversion factor for item {0} has been reset to 1.0 as the uom {1} is same as stock uom {2}.,تم إعادة تعيين معامل التحويل للصنف {0} إلى 1.0 لأن وحدة القياس {1} هي نفسها وحدة قياس المخزون {2}.,
Conversion rate cannot be 0,لا يمكن أن يكون معدل التحويل 0,
"Conversion rate is 1.00, but document currency is different from company currency",معدل التحويل هو 1.00، ولكن عملة المستند تختلف عن عملة الشركة,
Conversion rate must be 1.00 if document currency is same as company currency,يجب أن يكون معدل التحويل 1.00 إذا كانت عملة المستند هي نفسها عملة الشركة,
Convert Item Description to Clean HTML in Transactions,تحويل وصف الصنف إلى HTML نظيف في المعاملات,
Convert to Group,تحويل إلى تصنيف (مجموعة),
Convert to Group,تحويل إلى تصنيف (مجموعة),Warehouse
Convert to Item Based Reposting,تحويل إلى إعادة ترحيل قائمة على الصنف,
Convert to Ledger,تحويل إلى دفتر الأستاذ,Warehouse
Convert to Non-Group,تحويل الي تصنيف (غير المجموعه),
Converted,تحويل,
Copied From,تم نسخها من,
Copy Fields to Variant,نسخ الحقول إلى متغير,
Corrective,تصحيحي,
Corrective Action,اجراء تصحيحي,
Corrective Job Card,بطاقة عمل تصحيحية,
Corrective Operation,العملية التصحيحية,
Corrective Operation Cost,تكلفة العملية التصحيحية,
Corrective/Preventive,التصحيحية / الوقائية,
Cosmetics,مستحضرات التجميل,
Cost,كلفة,
Cost Center,مركز التكلفة,
Cost Center Allocation,تخصيص مركز التكلفة,
Cost Center Allocation Percentage,نسبة تخصيص مركز التكلفة,
Cost Center Allocation Percentages,نسب تخصيص مركز التكلفة,
Cost Center Name,اسم مركز تكلفة,
Cost Center Number,رقم مركز التكلفة,
Cost Center and Budgeting,مركز التكلفة والميزانية,
Cost Center for Item rows has been updated to {0},تم تحديث مركز التكلفة لصفوف الأصناف إلى {0},
"Cost Center is a part of Cost Center Allocation, hence cannot be converted to a group",مركز التكلفة جزء من تخصيص مركز التكلفة، وبالتالي لا يمكن تحويله إلى مجموعة,
Cost Center is required in row {0} in Taxes table for type {1},مركز التكلفة مطلوب في الصف {0} في جدول الضرائب للنوع {1},
Cost Center with Allocation records can not be converted to a group,لا يمكن تحويل مركز التكلفة الذي يحتوي على سجلات تخصيص إلى مجموعة,
Cost Center with existing transactions can not be converted to group,"مركز التكلفة لديه حركات مالية, لا يمكن تحويه لمجموعة",
Cost Center with existing transactions can not be converted to ledger,مركز التكلفة مع المعاملات الحالية لا يمكن تحويلها إلى حساب استاد,
Cost Center {0} cannot be used for allocation as it is used as main cost center in other allocation record.,لا يمكن استخدام مركز التكلفة {0} للتخصيص لأنه يُستخدم كمركز تكلفة رئيسي في سجل تخصيص آخر.,
Cost Center {} doesn't belong to Company {},مركز التكلفة {} لا ينتمي إلى الشركة {},
Cost Center {} is a group cost center and group cost centers cannot be used in transactions,مركز التكلفة {} هو مركز تكلفة مجموعة ولا يمكن استخدام مراكز تكلفة المجموعة في المعاملات,
Cost Center: {0} does not exist,مركز التكلفة: {0} غير موجود,
Cost Centers,مراكز التكلفة,
Cost Configuration,تكوين التكلفة,
Cost Per Unit,التكلفة لكل وحدة,
Cost and Freight,التكلفة والشحن,
Cost of Delivered Items,تكلفة السلع والمواد المسلمة,
Cost of Goods Sold,تكلفة البضاعة المباعة,
Cost of Goods Sold Account in Items Table,حساب تكلفة البضاعة المباعة في جدول الأصناف,
Cost of Issued Items,تكلفة المواد المصروفة,
Cost of Poor Quality Report,تقرير تكلفة الجودة الرديئة,
Cost of Purchased Items,تكلفة البنود التي تم شراؤها,
Cost of various activities,تكلفة الأنشطة المختلفة,
Cost to Company (CTC),التكلفة على الشركة (CTC),
"Cost, Insurance and Freight",التكلفة والتأمين والشحن,
Costing,تكلف,
Costing Amount,أجمالي الكلفة,
Costing Details,تفاصيل التكلفة,
Costing Rate,سعر التكلفة,
Costing and Billing,التكلفة و الفواتير,
Costing and Billing fields has been updated,تم تحديث حقول التكلفة والفواتير,
Could Not Delete Demo Data,تعذر حذف بيانات العرض التوضيحي,
Could not auto create Customer due to the following missing mandatory field(s):,تعذر إنشاء العميل تلقائيًا بسبب الحقول الإلزامية التالية المفقودة:,
"Could not create Credit Note automatically, please uncheck 'Issue Credit Note' and submit again","تعذر إنشاء إشعار دائن تلقائيًا، يُرجى إلغاء تحديد ""إشعار ائتمان الإصدار"" وإرساله مرة أخرى",
Could not detect the Company for updating Bank Accounts,تعذر اكتشاف الشركة لتحديث الحسابات البنكية,
Could not find a suitable shift to match the difference: {0},تعذر العثور على وردية مناسبة لمطابقة الفرق: {0},
Could not find path for ,تعذر العثور على مسار لـ ,
Could not retrieve information for {0}.,تعذر استرداد المعلومات ل {0}.,
Could not solve criteria score function for {0}. Make sure the formula is valid.,تعذر حل الدالة سكور للمعايير {0}. تأكد من أن الصيغة صالحة.,
Could not solve weighted score function. Make sure the formula is valid.,تعذر حل وظيفة النتيجة المرجحة. تأكد من أن الصيغة صالحة.,
Coulomb,كولوم,
Country Code in File does not match with country code set up in the system,رمز البلد في الملف لا يتطابق مع رمز البلد الذي تم إعداده في النظام,
Country of Origin,بلد المنشأ,
Coupon Code,رمز الكوبون,
Coupon Code Based,كود الكوبون,
Coupon Description,وصف القسيمة,
Coupon Name,اسم القسيمة,
Coupon Type,نوع الكوبون,
Cr,دائن,
Create Chart Of Accounts Based On,إنشاء دليل الحسابات استنادا إلى,
Create Delivery Trip,استحداث رحلة تسليم,
Create Employee,إنشاء موظف,
Create Employee Records,إنشاء سجلات موظف,
Create Employee records.,إنشاء سجلات الموظفين.,
Create Grouped Asset,إنشاء أصل مجمع,
Create Inter Company Journal Entry,إنشاء Inter Journal Journal Entry,
Create Invoices,إنشاء الفواتير,
Create Job Card,إنشاء بطاقة العمل,
Create Job Card based on Batch Size,إنشاء بطاقة عمل بناءً على حجم الدفعة,
Create Journal Entries,إنشاء قيود يومية,
Create Journal Entry,إنشاء قيد اليومية,
Create Lead,إنشاء عميل محتمل,
Create Leads,إنشاء زبائن محتملين,
Create Ledger Entries for Change Amount,إنشاء قيود دفتر الأستاذ لمبلغ التغيير,
Create Link,إنشاء رابط,
Create MPS,إنشاء MPS,
Create Missing Party,إنشاء طرف مفقود,
Create Multi-level BOM,إنشاء قائمة مواد متعددة المستويات,
Create New Contact,إنشاء اتصال جديد,
Create New Customer,إنشاء عميل جديد,
Create New Lead,إنشاء عميل محتمل,
Create Opportunity,إنشاء فرصة,
Create POS Opening Entry,إنشاء مدخل فتح نقطة البيع,
Create Payment Entry,إنشاء قيد الدفع,
Create Payment Entry for Consolidated POS Invoices.,إنشاء قيد دفع لفواتير نقاط البيع الموحدة.,
Create Pick List,إنشاء قائمة انتقاء,
Create Print Format,إنشاء تنسيق طباعة,
Create Prospect,إنشاء عميل متوقع,
Create Purchase Order,إنشاء أمر الشراء,
Create Purchase Orders,إنشاء أمر شراء,
Create Quotation,إنشاء عرض سعر,
Create Receiver List,إنشاء قائمة استقبال,
Create Reposting Entries,إنشاء قيود إعادة ترحيل,
Create Reposting Entry,إنشاء قيد إعادة ترحيل,
Create Sales Invoice,إنشاء فاتورة مبيعات,
Create Sales Order,إنشاء أمر مبيعات,
Create Sales Orders to help you plan your work and deliver on-time,قم بإنشاء أوامر المبيعات لمساعدتك في تخطيط عملك وتقديمه في الوقت المحدد,
Create Stock Entry,إنشاء قيد مخزون,
Create Supplier Quotation,إنشاء عرض سعر مورد,
Create Tax Template,إنشاء قالب الضريبة,
Create Timesheet,إنشاء الجدول الزمني,
Create User,إنشاء مستخدم جديد,
Create User Permission,إنشاء صلاحية المستخدم,
Create Users,إنشاء المستخدمين,
Create Variant,إنشاء متغير,
Create Variants,إنشاء المتغيرات,
Create Workstation,إنشاء محطة عمل,
Create a variant with the template image.,إنشاء متغير بصورة القالب.,
Create an incoming stock transaction for the Item.,قم بإنشاء حركة مخزون واردة للصنف.,
Create customer quotes,إنشاء عروض مسعرة للزبائن,
Create in Draft Status,إنشاء في حالة المسودة,
Create missing customer or supplier.,إنشاء العملاء أو المورد المفقودين.,
Create {0} {1} ?,إنشاء {0} {1} ؟,
Created By Migration,تم إنشاؤه بواسطة الهجرة,
Created {0} scorecards for {1} between:,تم إنشاء {0} بطاقات أداء لـ {1} بين:,
Creating Accounts...,إنشاء حسابات...,
Creating Delivery Note ...,جارٍ إنشاء إذن تسليم...,
Creating Delivery Schedule...,تحديد موعد التسليم...,
Creating Dimensions...,إنشاء الأبعاد...,
Creating Journal Entries...,جارٍ إنشاء قيود يومية...,
Creating Packing Slip ...,جارٍ إنشاء قسيمة تعبئة...,
Creating Purchase Invoices ...,جارٍ إنشاء فواتير شراء...,
Creating Purchase Order ...,إنشاء أمر شراء...,
Creating Purchase Receipt ...,جارٍ إنشاء إيصال شراء...,
Creating Sales Invoices ...,جارٍ إنشاء فواتير بيع...,
Creating Stock Entry,جارٍ إنشاء قيد مخزون,
Creating Subcontracting Inward Order ...,إنشاء طلبات داخلية للتعاقد من الباطن...,
Creating Subcontracting Order ...,جارٍ إنشاء أمر تعاقد من الباطن...,
Creating Subcontracting Receipt ...,جارٍ إنشاء إيصال تعاقد من الباطن...,
Creating User...,جارٍ إنشاء مستخدم...,
Creating {} out of {} {},إنشاء {} من {} {},
Creation,إنشاء,
Creation of <b><a href='/app/{0}'>{1}(s)</a></b> successful,تم إنشاء <b><a href='/app/{0}'>{1}(s)</a></b> بنجاح,
"Creation of {0} failed.
				Check <b><a href=""/app/bulk-transaction-log"">Bulk Transaction Log</a></b>","فشل إنشاء {0}.
				تحقق من <b><a href=""/app/bulk-transaction-log"">سجل المعاملات المجمعة</a></b>",
"Creation of {0} partially successful.
				Check <b><a href=""/app/bulk-transaction-log"">Bulk Transaction Log</a></b>","نجح إنشاء {0} جزئيًا.
				تحقق من <b><a href=""/app/bulk-transaction-log"">سجل المعاملات المجمعة</a></b>",
Credit,دائن,
Credit (Transaction),دائن (معاملة),
Credit ({0}),دائن ({0}),
Credit Account,حساب دائن,
Credit Amount,مبلغ دائن,
Credit Amount in Account Currency,المبلغ الدائن بعملة الحساب,
Credit Amount in Reporting Currency,مبلغ الائتمان بعملة الإبلاغ,
Credit Amount in Transaction Currency,المبلغ الدائن بعملة المعاملة,
Credit Balance,رصيد دائن,
Credit Card,بطاقة ائتمان,
Credit Card Entry,قيد بطاقة ائتمان,
Credit Days,أيام الائتمان,
Credit Limit,الحد الائتماني,
Credit Limit Crossed,تم تجاوز حد الائتمان,
Credit Limit Settings,إعدادات حد الائتمان,
Credit Limit and Payment Terms,حدود الائتمان وشروط الدفع,
Credit Limit:,الحد الائتماني:,
Credit Limits,حدود الائتمان,
Credit Months,أشهر الائتمان,
Credit Note,إشعار دائن,
Credit Note Amount,مبلغ إشعار دائن,
Credit Note Issued,تم إصدار إشعار دائن,
"Credit Note will update it's own outstanding amount, even if 'Return Against' is specified.",سيقوم إشعار الدائن بتحديث مبلغه المستحق الخاص به، حتى لو تم تحديد 'إرجاع مقابل'.,
Credit Note {0} has been created automatically,تم إنشاء الإشعار الدائن {0} تلقائيًا,
Credit To,دائن الى,
Credit in Company Currency,الدائن بعملة الشركة,
Credit limit has been crossed for customer {0} ({1}/{2}),تم تجاوز حد الائتمان للعميل {0} ({1} / {2}),
Credit limit is already defined for the Company {0},تم تحديد حد الائتمان بالفعل للشركة {0},
Credit limit reached for customer {0},تم بلوغ حد الائتمان للعميل {0},
Creditor Turnover Ratio,نسبة دوران الدائنين,
Creditors,الدائنين,
Criteria,المعايير,
Criteria Formula,معايير الصيغة,
Criteria Name,اسم المعايير,
Criteria Setup,إعداد المعايير,
Criteria Weight,معايير الوزن,
Criteria weights must add up to 100%,يجب أن تصل أوزان المعايير إلى 100٪,
Cron Interval should be between 1 and 59 Min,يجب أن يكون الفاصل الزمني لـ Cron بين 1 و 59 دقيقة,
Cross Listing of Item in multiple groups,إدراج الصنف في مجموعات متعددة,
Cubic Centimeter,سنتيمتر مكعب,
Cubic Decimeter,ديسيمتر مكعب,
Cubic Foot,قدم مكعب,
Cubic Inch,بوصة مكعبة,
Cubic Meter,متر مكعب,
Cubic Millimeter,مليمتر مكعب,
Cubic Yard,ياردة مكعبة,
Cumulative Threshold,العتبة التراكمية,
Cup,كوب,
Currency Exchange,تصريف العملات,
Currency Exchange Settings,إعدادات صرف العملات,
Currency Exchange Settings Details,تفاصيل إعدادات صرف العملات,
Currency Exchange Settings Result,نتيجة إعدادات صرف العملات,
Currency Exchange must be applicable for Buying or for Selling.,يجب أن يكون صرف العملات ساريًا للشراء أو البيع.,
Currency and Price List,العملة وقائمة الأسعار,
Currency can not be changed after making entries using some other currency,لا يمكن تغيير العملة بعد إجراء إدخالات باستخدام بعض العملات الأخرى,
Currency for {0} must be {1},العملة ل {0} يجب أن تكون {1},
Currency of the Closing Account must be {0},عملة الحساب الختامي يجب أن تكون {0},
Currency of the price list {0} must be {1} or {2},العملة من قائمة الأسعار {0} يجب أن تكون {1} أو {2},
Currency should be same as Price List Currency: {0},يجب أن تكون العملة مماثلة لعملة قائمة الأسعار: {0},
Current Address,العنوان الحالي,
Current Address Is,العنوان الحالي هو,
Current Amount,المبلغ الحالي,
Current Asset,أصل متداول,
Current Asset Value,قيمة الأصول الحالية,
Current Assets,أصول متداولة,
Current BOM,قائمة المواد الحالية,
Current BOM and New BOM can not be same,فاتورة المواد الحالية وفاتورة المواد الجديدة لايمكن أن يكونوا نفس الفاتورة,
Current Exchange Rate,سعر الصرف الحالي,
Current Index,الفهرس الحالي,
Current Invoice End Date,تاريخ انتهاء الفاتورة الحالي,
Current Invoice Start Date,تاريخ بدء الفاتورة الحالي,
Current Level,المستوى الحالي,
Current Liabilities,الخصوم المتداولة,
Current Liability,التزام متداول,
Current Node,العقدة الحالية,
Current Qty,الكمية الحالية,
Current Ratio,نسبة التيار,
Current Serial / Batch Bundle,حزمة الرقم التسلسلي / الدفعة الحالية,
Current Serial No,الرقم التسلسلي الحالي,
Current State,الوضع الحالي,
Current Status,الحالة الحالية,
Current Stock,المخزون الحالية,
Current Valuation Rate,معدل التقييم الحالي,
Curves,منحنيات,
Custodian,وصي,
Custody,عهدة,
Custom API,واجهة برمجة تطبيقات مخصصة,
Custom Financial Statement,بيان مالي مخصص,
Custom Remarks,ملاحظات مخصصة,
Custom delimiters,محددات مخصصة,
Customer,العميل,
Customer ,العميل ,
Customer / Item / Item Group,العميل / الصنف / مجموعة الأصناف,
Customer / Lead Address,العميل/ عنوان العميل المحتمل,
Customer > Customer Group > Territory,العميل > مجموعة العملاء > المنطقة,
Customer Acquisition and Loyalty,اكتساب العملاء و الولاء,
Customer Address,عنوان العميل,
Customer Addresses And Contacts,عناوين العملاء وجهات الاتصال,
Customer Advances,تقدم العملاء,
Customer Code,رمز العميل,
Customer Contact,معلومات اتصال العميل,
Customer Contact Email,البريد الالكتروني للعميل,
Customer Credit Balance,رصيد العميل,
Customer Credit Limit,حد ائتمان العميل,
Customer Currency,عملة العميل,
Customer Defaults,إعدادات العميل الافتراضية,
Customer Details,تفاصيل العميل,
Customer Feedback,ملاحظات العميل,
Customer Group,مجموعة العميل,
Customer Group Item,صنف مجموعة العملاء,
Customer Group Name,أسم فئة العميل,
Customer Group: {0} does not exist,مجموعة العملاء: {0} غير موجودة,
Customer Groups,مجموعات العميل,
Customer Item,صنف العميل,
Customer Items,منتجات العميل,
Customer LPO,العميل لبو,
Customer LPO No.,العميل لبو رقم,
Customer Ledger Summary,ملخص دفتر الأستاذ,
Customer Mobile No,رقم محمول العميل,
Customer Name,اسم العميل,
Customer Name: ,اسم العميل: ,
Customer Naming By,تسمية العملاء بواسطة,
Customer Number,رقم العميل,
Customer Number At Supplier,رقم العميل لدى المورد,
Customer Numbers,أرقام العملاء,
Customer PO,PO العملاء,
Customer PO Details,تفاصيل طلب شراء العميل,
Customer POS ID,معرّف نقطة البيع للعميل,
Customer Portal Users,مستخدمو بوابة العملاء,
Customer Primary Address,عنوان العميل الرئيسي,
Customer Primary Contact,جهة الاتصال الرئيسية للعميل,
Customer Provided,العملاء المقدمة,
Customer Provided Item Cost,تكلفة السلعة المقدمة من العميل,
Customer Service,خدمة العملاء,
Customer Service Representative,ممثل خدمة العملاء,
Customer Territory,منطقة العملاء,
Customer Type,نوع العميل,
Customer Warehouse,مستودع العملاء,
Customer Warehouse (Optional),مستودع العميل (اختياري),
Customer Warehouse {0} does not belong to Customer {1}.,مستودع العميل {0} لا ينتمي إلى العميل {1}.,
Customer contact updated successfully.,تم تحديث جهة اتصال العميل بنجاح.,
Customer is required,العميل مطلوب,
Customer isn't enrolled in any Loyalty Program,العميل غير مسجل في أي برنامج ولاء,
Customer or Item,عميل أو بند,
Customer required for 'Customerwise Discount',الزبون مطلوب للخصم المعني بالزبائن,
Customer {0} does not belong to project {1},العميل {0} لا ينتمي الى المشروع {1},
Customer's Item Code,كود صنف العميل,
Customer's Purchase Order,طلب شراء الزبون,
Customer's Purchase Order Date,تاريخ امر الشراء العميل,
Customer's Purchase Order No,رقم أمر الشراء الصادر من الزبون,
Customer's Vendor,مورد العميل,
Customer-wise Item Price,سعر البند العملاء الحكيم,
Customer/Lead Name,اسم العميل / العميل المتوقع,
Customer: ,العميل: ,
Customers,العملاء,
Customers Without Any Sales Transactions,زبائن بدون أي معاملات مبيعات,
Customers not selected.,العملاء لم يتم اختيارهم.,
Customerwise Discount,التخفيض من ناحية الزبائن,
Customs Tariff Number,رقم التعريفة الجمركية,
Cycle/Second,دورة/ثانية,
D - E,د - هـ,
DFS,DFS,
Daily Project Summary for {0},ملخص المشروع اليومي لـ {0},
Daily Reminders,تذكير يومي,
Daily Time to send,الوقت اليومي للإرسال,
Daily Timesheet Summary,ملخص سجل الدوام اليومي,
Data Based On,البيانات بناءً على,
Data Fetch Method,طريقة جلب البيانات,
Data Import Configuration,تكوين استيراد البيانات,
Data Import and Settings,استيراد البيانات والإعدادات,
Data Source,مصدر البيانات,
Date ,التاريخ ,
Date Based On,تاريخ بناء على,
Date Of Retirement,تاريخ التقاعد,
Date Settings,إعدادات التاريخ,
Date must be between {0} and {1},يجب أن يكون التاريخ بين {0} و {1},
Date of Birth,تاريخ الميلاد,
Date of Birth cannot be greater than today.,تاريخ الميلاد لا يمكن أن يكون بعد تاريخ اليوم.,
Date of Commencement,تاريخ البدء,
Date of Commencement should be greater than Date of Incorporation,يجب أن يكون تاريخ البدء أكبر من تاريخ التأسيس,
Date of Establishment,تاريخ التأسيس,
Date of Incorporation,تاريخ التأسيس,
Date of Issue,تاريخ الإصدار,
Date of Joining,تاريخ الالتحاق بالعمل,
Date of Transaction,تاريخ المعاملة,
Date: {0} to {1},التاريخ: من {0} إلى {1},
Dates,التواريخ,
Dates to Process,مواعيد المعالجة,
Day Of Week,يوم من الأسبوع,
Day to Send,يوم لإرسال,
Day(s) after invoice date,يوم (أيام) بعد تاريخ الفاتورة,
Day(s) after the end of the invoice month,يوم (أيام) بعد نهاية شهر الفاتورة,
Days,أيام,
Days Since Last Order,أيام منذ آخر طلب,
Days Since Last order,الأيام منذ آخر طلب,
Days Until Due,أيام حتى موعد الاستحقاق,
Days before the current subscription period,أيام قبل فترة الاشتراك الحالية,
DeLinked,غير مرتبط,
Deal Owner,مالك الصفقة,
Dealer,تاجر,
Debit,مدين,
Debit (Transaction),مدين (معاملة),
Debit ({0}),مدين ({0}),
Debit / Credit Note Posting Date,تاريخ ترحيل إشعار الخصم / إشعار الدائن,
Debit Account,حساب مدين,
Debit Amount,مبلغ مدين,
Debit Amount in Account Currency,المبلغ المدين بعملة الحساب,
Debit Amount in Reporting Currency,المبلغ المدين بعملة التقارير,
Debit Amount in Transaction Currency,المبلغ المدين بعملة المعاملة,
Debit Note,إشعار مدين,
Debit Note Amount,مبلغ إشعار المدين,
Debit Note Issued,تم إصدار إشعار مدين,
"Debit Note will update it's own outstanding amount, even if 'Return Against' is specified.",سيقوم إشعار المدين بتحديث مبلغه المستحق الخاص به، حتى لو تم تحديد 'إرجاع مقابل'.,
Debit To,مدين إلى,
Debit To is required,حقل مدين إلى مطلوب,
Debit and Credit not equal for {0} #{1}. Difference is {2}.,المدين و الدائن غير متساوي ل {0} # {1}. الفرق هو {2}.,
Debit in Company Currency,المدين بعملة الشركة,
Debit to,مدين إلى,
Debit-Credit Mismatch,عدم تطابق المدين-الدائن,
Debit-Credit mismatch,عدم تطابق المدين-الدائن,
Debtor/Creditor,مدين/دائن,
Debtor/Creditor Advance,دفعات مقدمة مدين/دائن,
Debtors,مدينون,
Decigram/Litre,ديسيجرام/لتر,
Decilitre,ديسيلتر,
Decimeter,ديسيمتر,
Declare Lost,أعلن فقدت,
Deduct,خصم,
Deduct Tax On Basis,خصم الضريبة على أساس,
Deducted From,تم خصمها من,
Deductee Details,تفاصيل الخصم,
Deductions or Loss,الخصومات أو الخسارة,
Default Account,الافتراضي حساب,
Default Accounts,الحسابات الافتراضية,
Default Activity Cost exists for Activity Type - {0},تكلفة النشاط الافتراضي موجودة لنوع النشاط - {0},
Default Advance Account,حساب الدفعات المقدمة الافتراضي,
Default Advance Paid Account,حساب الدفعات المقدمة المدفوعة الافتراضي,
Default Advance Received Account,حساب الدفعات المقدمة المستلمة الافتراضي,
Default Ageing Range,نطاق العمر الافتراضي,
Default BOM,الافتراضي BOM,
Default BOM ({0}) must be active for this item or its template,يجب أن تكون قائمة المواد الافتراضية ({0}) نشطة لهذا الصنف أو قوالبه,
Default BOM for {0} not found,فاتورة المواد ل {0} غير موجودة,
Default BOM not found for FG Item {0},لم يتم العثور على قائمة مواد افتراضية للصنف الجاهز {0},
Default BOM not found for Item {0} and Project {1},لم يتم العثور على قائمة المواد الافتراضية للمادة {0} والمشروع {1},
Default Bank Account,حساب المصرف الافتراضي,
Default Billing Rate,سعر الفوترة الافتراضي,
Default Buying Cost Center,مركز التكلفة المشتري الافتراضي,
Default Buying Price List,قائمة اسعار الشراء الافتراضية,
Default Buying Terms,شروط الشراء الافتراضية,
Default COGS Account,حساب تكلفة البضاعة المباعة الافتراضي,
Default Cash Account,حساب النقد الافتراضي,
Default Common Code,الرمز المشترك الافتراضي,
Default Company,الشركة الافتراضية,
Default Company Bank Account,الحساب البنكي الافتراضي للشركة,
Default Cost Center,مركز التكلفة الافتراضي,
Default Cost of Goods Sold Account,الحساب الافتراضي لتكلفة البضائع المباعة,
Default Costing Rate,سعر التكلفة الافتراضي,
Default Currency,العملة الافتراضية,
Default Customer Group,المجموعة الافتراضية العملاء,
Default Deferred Expense Account,حساب النفقات المؤجلة الافتراضي,
Default Deferred Revenue Account,حساب الإيرادات المؤجلة الافتراضي,
Default Dimension,البعد الافتراضي,
Default Discount Account,حساب الخصم الافتراضي,
Default Distance Unit,وحدة قياس المسافة الافتراضية,
Default Expense Account,حساب النفقات الافتراضي,
Default Finance Book,دفتر المالية الافتراضي,
Default Finished Goods Warehouse,المخزن الافتراضي للبضائع التامة الصنع,
Default Holiday List,قائمة العطل الافتراضية,
Default In-Transit Warehouse,مستودع العبور الافتراضي,
Default Income Account,حساب الدخل الافتراضي,
Default Inventory Account,حساب المخزون الافتراضي,
Default Item Group,المجموعة الافتراضية للمواد,
Default Item Manufacturer,الشركة المصنعة الافتراضية للعنصر,
Default Manufacturer Part No,رقم الجزء الافتراضي للشركة المصنعة,
Default Material Request Type,النوع الافتراضي لـ مستند 'طلب مواد',
Default Operating Cost Account,حساب تكلفة التشغيل الافتراضي,
Default Payable Account,حساب الدائنون الافتراضي,
Default Payment Discount Account,حساب خصم الدفع الافتراضي,
Default Payment Request Message,رسالة 'طلب الدفع' الافتراضيه,
Default Payment Terms Template,نموذج شروط الدفع الافتراضية,
Default Price List,قائمة الأسعار الافتراضي,
Default Priority,الأولوية الافتراضية,
Default Provisional Account,الحساب المؤقت الافتراضي,
Default Provisional Account (Service),الحساب المؤقت الافتراضي (خدمة),
Default Purchase Unit of Measure,وحدة الشراء الافتراضية للقياس,
Default Quotation Validity Days,عدد أيام صلاحية عرض الأسعار الافتراضي,
Default Receivable Account,حساب المدينون الافتراضي,
Default Sales Contact,جهة اتصال المبيعات الافتراضية,
Default Sales Unit of Measure,وحدة قياس المبيعات الافتراضية,
Default Scrap Warehouse,مستودع الخردة الافتراضي,
Default Selling Cost Center,مركز تكلفة المبيعات الافتراضي,
Default Selling Terms,شروط البيع الافتراضية,
Default Service Level Agreement,اتفاقية مستوى الخدمة الافتراضية,
Default Service Level Agreement for {0} already exists.,اتفاقية مستوى الخدمة الافتراضية لـ {0} موجودة بالفعل.,
Default Source Warehouse,المستودع المصدر الافتراضي,
Default Stock UOM,وحدة قياس المخزون الافتراضية,
Default Stock Valuation Method,طريقة التقييم الافتراضية للمخزون,
Default Supplier,مزود الافتراضي,
Default Supplier Group,مجموعة الموردين الافتراضية,
Default Target Warehouse,المخزن الوجهة الافتراضي,
Default Territory,الإقليم الافتراضي,
Default Unit of Measure,وحدة القياس الافتراضية,
Default Unit of Measure for Item {0} cannot be changed directly because you have already made some transaction(s) with another UOM. You need to either cancel the linked documents or create a new Item.,لا يمكن تغيير وحدة القياس الافتراضية للصنف {0} مباشرة لأنك قمت بالفعل ببعض المعاملات بوحدة قياس أخرى. تحتاج إما إلى إلغاء المستندات المرتبطة أو إنشاء صنف جديد.,
Default Unit of Measure for Item {0} cannot be changed directly because you have already made some transaction(s) with another UOM. You will need to create a new Item to use a different Default UOM.,لا يمكن تغيير وحدة القياس الافتراضية للبند {0} مباشرة لأنك قمت بالفعل ببعض المعاملات (المعاملة) مع UOM أخرى. ستحتاج إلى إنشاء عنصر جديد لاستخدام واجهة مستخدم افتراضية مختلفة.,
Default Unit of Measure for Variant '{0}' must be same as in Template '{1}',وحدة القياس الافتراضية للمتغير '{0}' يجب أن تكون كما في النمودج '{1}',
Default Valuation Method,أسلوب التقييم الافتراضي,
Default Warehouse,النماذج الافتراضية,
Default Warehouse for Sales Return,المستودع الافتراضي لعائد المبيعات,
Default Workstation,محطة العمل الافتراضية,
Default account will be automatically updated in POS Invoice when this mode is selected.,سيتم تحديث الحساب الافتراضي تلقائيا في فاتورة نقاط البيع عند تحديد هذا الوضع.,
Default settings for your stock-related transactions,الإعدادات الافتراضية لمعاملاتك المتعلقة بالمخزون,
"Default tax templates for sales, purchase and items are created.",تم إنشاء قوالب الضرائب الافتراضية للمبيعات والمشتريات والأصناف.,
Default: 10 mins,الافتراضي: 10 دقائق,
Defense,الدفاع,
Deferred Accounting,المحاسبة المؤجلة,
Deferred Accounting Defaults,إعدادات المحاسبة المؤجلة الافتراضية,
Deferred Accounting Settings,إعدادات المحاسبة المؤجلة,
Deferred Expense,المصروفات المؤجلة,
Deferred Expense Account,حساب المصروفات المؤجلة,
Deferred Revenue,الإيرادات المؤجلة,
Deferred Revenue Account,حساب الإيرادات المؤجلة,
Deferred Revenue and Expense,الإيرادات والمصروفات المؤجلة,
Deferred accounting failed for some invoices:,فشلت المحاسبة المؤجلة لبعض الفواتير:,
Define Project type.,تعريف نوع المشروع.,
Dekagram/Litre,ديكاجرام/لتر,
Delay (In Days),التأخير (بالأيام),
Delay (in Days),التأخير (بالأيام),
Delay between Delivery Stops,التأخير بين توقفات التسليم,
Delay in payment (Days),التأخير في الدفع (أيام),
Delayed Days,الأيام المتأخرة,
Delayed Item Report,تأخر تقرير البند,
Delayed Order Report,تأخر تقرير الطلب,
Delayed Tasks Summary,ملخص المهام المتأخرة,
Delete Accounting and Stock Ledger Entries on deletion of Transaction,حذف قيود دفتر الأستاذ المحاسبي والمخزون عند حذف المعاملة,
Delete Bins,حذف الصناديق,
Delete Cancelled Ledger Entries,حذف قيود دفتر الأستاذ الملغاة,
Delete Dimension,حذف البعد,
Delete Leads and Addresses,حذف العملاء المحتملين والعناوين,
Delete Transactions,حذف المعاملات,
Delete all the Transactions for this Company,حذف كل المعاملات المتعلقة بالشركة,
Deleted Documents,المستندات المحذوفة,
Deleting {0} and all associated Common Code documents...,جارٍ حذف {0} وجميع مستندات الرمز المشترك المرتبطة...,
Deletion in Progress!,الحذف قيد التقدم!,
Deletion is not permitted for country {0},الحذف غير مسموح به في البلد {0},
Delimiter options,خيارات المحدد,
Delivered,تسليم,
Delivered Amount,القيمة التي تم تسليمها,
Delivered At Place,التسليم في المكان,
Delivered At Place Unloaded,التسليم في المكان بدون تفريغ,
Delivered By Supplier,سلمت من قبل المورد,
Delivered Duty Paid,التسليم والرسوم مدفوعة,
Delivered Items To Be Billed,مواد سلمت و لم يتم اصدار فواتيرها,
Delivered Qty,الكمية المستلمة,
Delivered Qty (in Stock UOM),الكمية المُسلَّمة (وحدة القياس المتوفرة في المخزون),
Delivered Quantity,كمية تسليمها,
Delivered by Supplier (Drop Ship),سلمت من قبل مورد (إسقاط عملية الشحن),
Delivered: {0},تسليم: {0},
Delivery,تسليم,
Delivery Date,تاريخ التسليم,
Delivery Details,تفاصيل التسليم,
Delivery From Date,تاريخ التسليم,
Delivery Manager,مدير التسليم,
Delivery Note,إشعار التسليم,
Delivery Note Item,صنف إشعار التسليم,
Delivery Note No,رقم إشعار التسليم,
Delivery Note Packed Item,صنف معبأ في إذن التسليم,
Delivery Note Trends,توجهات إشعارات التسليم,
Delivery Note {0} is not submitted,لم يتم اعتماد إشعار التسليم {0},
Delivery Notes,إشعارات التسليم,
Delivery Notes should not be in draft state when submitting a Delivery Trip. The following Delivery Notes are still in draft state: {0}. Please submit them first.,يجب ألا تكون أذونات التسليم في حالة المسودة عند إرسال رحلة تسليم. أذونات التسليم التالية لا تزال في حالة المسودة: {0}. يرجى إرسالها أولاً.,
Delivery Notes {0} updated,تم تعديل إشعار  التسليم {0},
Delivery Schedule,تفاصيل التسليم,
Delivery Schedule Item,جدول التسليم,
Delivery Settings,إعدادات التسليم,
Delivery Stop,توقف التسليم,
Delivery Stops,توقف التسليم,
Delivery To,التسليم إلى,
Delivery To Date,التسليم حتى تاريخه,
Delivery Trip,رحلة التسليم,
Delivery User,مستخدم التسليم,
Delivery Warehouse,مستودع تسليم,
Delivery to,التسليم إلى,
Delivery warehouse required for stock item {0},مستودع التسليم مطلوب للبند المستودعي {0},
Demand,الطلب,
Demand Qty,كمية الطلب,
Demo Bank Account,حساب بنكي تجريبي,
Demo Company,شركة العرض التوضيحي,
Demo data cleared,تم مسح بيانات العرض التوضيحي,
Department Stores,المتاجر الكبرى,
Departure Time,وقت المغادرة,
Dependant SLE Voucher Detail No,رقم تفاصيل سند قيد دفتر الأستاذ للمخزون التابع,
Dependent Task,مهمة تابعة,
Dependent Task {0} is not a Template Task,المهمة التابعة {0} ليست مهمة قالب,
Dependent Tasks,المهام التابعة,
Depends on Tasks,تعتمد على المهام,
Deposit,إيداع,
Depreciate based on daily pro-rata,الإهلاك بناءً على النسبة اليومية,
Depreciate based on shifts,الإهلاك بناءً على الورديات,
Depreciated Amount,المبلغ المستهلك,
Depreciation,إهلاك,
Depreciation Amount,قيمة الإهلاك,
Depreciation Amount during the period,قيمة الإهلاك خلال الفترة,
Depreciation Date,تاريخ الإهلاك,
Depreciation Details,تفاصيل الإهلاك,
Depreciation Eliminated due to disposal of assets,تم إلغاء الإهلاك بسبب التخلص من الأصول,
Depreciation Entry,حركة الإهلاك,
Depreciation Entry Posting Status,حالة ترحيل قيد الإهلاك,
Depreciation Entry against asset {0},قيد إهلاك مقابل الأصل {0},
Depreciation Entry against {0} worth {1},قيد إهلاك مقابل {0} بقيمة {1},
Depreciation Expense Account,حساب نفقات الاهلاك,
Depreciation Expense Account should be an Income or Expense Account.,يجب أن يكون حساب مصروف الإهلاك حساب إيرادات أو مصروفات.,
Depreciation Method,طريقة الإهلاك,
Depreciation Options,خيارات الإهلاك,
Depreciation Posting Date,تاريخ ترحيل الإهلاك,
Depreciation Posting Date cannot be before Available-for-use Date,لا يمكن أن يكون تاريخ ترحيل الإهلاك قبل تاريخ الإتاحة للاستخدام,
Depreciation Row {0}: Depreciation Posting Date cannot be before Available-for-use Date,صف الإهلاك {0}: لا يمكن أن يكون تاريخ ترحيل الإهلاك قبل تاريخ الإتاحة للاستخدام,
Depreciation Row {0}: Expected value after useful life must be greater than or equal to {1},صف الإهلاك {0}: يجب أن تكون القيمة المتوقعة بعد العمر الافتراضي أكبر من أو تساوي {1},
Depreciation Schedule,جدول الاهلاك الزمني,
Depreciation Schedule View,عرض جدول الإهلاك,
Depreciation cannot be calculated for fully depreciated assets,لا يمكن حساب الإهلاك للأصول المهلكة بالكامل,
Depreciation eliminated via reversal,تم إلغاء الإهلاك عن طريق العكس,
Description of Content,وصف المحتوى,
Designer,مصمم,
Detailed Reason,سبب مفصل,
Determine Address Tax Category From,تحديد عنوان ضريبة الفئة من,
Diesel,ديزل,
Difference,فرق,
Difference (Dr - Cr),الفرق ( المدين - الدائن ),
Difference Account,حساب الفرق,
Difference Account in Items Table,حساب الفروقات في جدول الأصناف,
"Difference Account must be a Asset/Liability type account (Temporary Opening), since this Stock Entry is an Opening Entry",يجب أن يكون حساب الفروقات حسابًا من نوع أصل/التزام (افتتاح مؤقت)، لأن قيد المخزون هذا هو قيد افتتاح,
"Difference Account must be a Asset/Liability type account, since this Stock Reconciliation is an Opening Entry",حساب الفرق يجب أن يكون حساب الأصول / حساب نوع الالتزام، حيث يعتبر تسوية المخزون بمثابة قيد افتتاحي,
Difference Amount,مقدار الفرق,
Difference Amount (Company Currency),فروق المبلغ ( عملة الشركة ).,
Difference Amount must be zero,مبلغ الفرق يجب أن يكون صفر,
Difference In,الفرق في,
Difference Posting Date,تاريخ ترحيل الفرق,
Difference Qty,كمية الفرق,
Difference Value,قيمة الفرق,
Different 'Source Warehouse' and 'Target Warehouse' can be set for each row.,يمكن تعيين 'مستودع المصدر' و 'مستودع الهدف' مختلفين لكل صف.,
Different UOM for items will lead to incorrect (Total) Net Weight value. Make sure that Net Weight of each item is in the same UOM.,UOM المختلفة للعناصر سوف ترتبط بقيمة الحجم الصافي الغير صحيحة. تاكد الحجم الصافي لكل عنصر هي نفس UOM,
Dimension Defaults,افتراضيات البعد,
Dimension Details,تفاصيل البعد,
Dimension Filter,مرشح البعد,
Dimension Filter Help,مساعدة مرشح البعد,
Dimension Name,اسم البعد,
Dimension-wise Accounts Balance Report,تقرير رصيد الحسابات حسب البعد,
Dimensions,الأبعاد,
Direct Expense,مصروف مباشر,
Direct Expenses,النفقات المباشرة,
Direct Income,إيراد مباشر,
Disable,تعطيل,
Disable Capacity Planning,تعطيل تخطيط القدرات,
Disable Cumulative Threshold,تعطيل العتبة التراكمية,
Disable In Words,تعطيل خاصية التفقيط,
Disable Last Purchase Rate,تعطيل آخر سعر شراء,
Disable Rounded Total,تعطيل الاجمالي المقرب,
Disable Serial No And Batch Selector,تعطيل محدد الرقم التسلسلي والدفعة,
Disable Transaction Threshold,تعطيل حد المعاملات,
Disable template to prevent use in reports,قم بتعطيل القالب لمنع استخدامه في التقارير,
Disabled Account Selected,تم تحديد حساب معطل,
Disabled Warehouse {0} cannot be used for this transaction.,لا يمكن استخدام المستودع المعطل {0} لهذه المعاملة.,
Disabled pricing rules since this {} is an internal transfer,تم تعطيل قواعد التسعير لأن هذا {} هو تحويل داخلي,
Disabled tax included prices since this {} is an internal transfer,تم تعطيل الأسعار شاملة الضريبة لأن هذا {} هو تحويل داخلي,
Disabled template must not be default template,يجب ألا يكون النموذج المعطل هو النموذج الافتراضي,
Disables auto-fetching of existing quantity,تعطيل الجلب التلقائي للكمية الموجودة,
Disassemble,تفكيك,
Disassemble Order,أمر تفكيك,
Disassemble Qty cannot be less than or equal to <b>0</b>.,لا يمكن أن تكون كمية التفكيك أقل من أو تساوي <b>0</b>.,
Disassembled Qty,الكمية المفككة,
Disburse Loan,صرف القرض,
Disbursed,مصروف,
Discard Changes and Load New Invoice,تجاهل التغييرات وتحميل فاتورة جديدة,
Discount,خصم,
Discount (%),الخصم (٪),
Discount (%) on Price List Rate with Margin,الخصم (٪) على سعر قائمة الأسعار مع الهامش,
Discount Account,حساب الخصم,
Discount Amount,قيمة الخصم,
Discount Amount in Transaction,مبلغ الخصم في المعاملة,
Discount Date,تاريخ الخصم,
Discount Percentage,نسبة الخصم,
Discount Percentage in Transaction,نسبة الخصم في المعاملة,
Discount Settings,إعدادات الخصم,
Discount Type,نوع الخصم,
Discount Validity,صلاحية الخصم,
Discount Validity Based On,صلاحية الخصم بناءً على,
Discount and Margin,الخصم والهامش,
Discount cannot be greater than 100%,لا يمكن أن يكون الخصم أكبر من 100٪,
Discount cannot be greater than 100%.,لا يمكن أن يكون الخصم أكبر من 100٪.,
Discount must be less than 100,يجب أن يكون الخصم أقل من 100,
Discount of {} applied as per Payment Term,تم تطبيق خصم {} حسب شروط الدفع,
Discount on Other Item,خصم على بند آخر,
Discount on Price List Rate (%),الخصم على سعر قائمة الأسعار (٪),
Discounted Amount,المبلغ المخصوم,
Discounted Invoice,فاتورة مخفضة,
Discounts,الخصومات,
"Discounts to be applied in sequential ranges like buy 1 get 1, buy 2 get 2, buy 3 get 3 and so on",الخصومات التي سيتم تطبيقها في نطاقات متسلسلة مثل اشترِ 1 واحصل على 1، اشترِ 2 واحصل على 2، اشترِ 3 واحصل على 3 وما إلى ذلك,
Discrepancy between General and Payment Ledger,التناقض بين دفتر الأستاذ العام ودفتر الأستاذ للمدفوعات,
Discretionary Reason,سبب تقديري,
Dislikes,يكره,
Dispatch,ارسال,
Dispatch Address,عنوان الإرسال,
Dispatch Address Details,تفاصيل عنوان الإرسال,
Dispatch Address Name,اسم عنوان الإرسال,
Dispatch Address Template,قالب عنوان الإرسال,
Dispatch Information,معلومات الإرسال,
Dispatch Notification,إعلام الإرسال,
Dispatch Notification Attachment,مرفق إعلام الإرسال,
Dispatch Notification Template,قالب إعلام الإرسال,
Dispatch Settings,إعدادات الإرسال,
Display Name,اسم العرض,
Disposal Date,تاريخ التخلص,
Disposal date {0} cannot be before {1} date {2} of the asset.,لا يمكن أن يكون تاريخ التخلص {0} قبل تاريخ {1} {2} للأصل.,
Distance,مسافه: بعد,
Distance UOM,المسافة UOM,
Distance from left edge,المسافة من الحافة اليسرى,
Distance from top edge,المسافة من الحافة العلوية,
Distinct Item and Warehouse,الصنف والمستودع المميزان,
Distinct unit of an Item,وحدة مميزة من الصنف,
Distribute Additional Costs Based On ,توزيع التكاليف الإضافية بناءً على ,
Distribute Charges Based On,توزيع الرسوم بناء على,
Distribute Equally,وزّع بالتساوي,
Distribute Manually,توزيع يدوي,
Distributed Discount Amount,مبلغ الخصم الموزع,
Distribution Frequency,تردد التوزيع,
Distribution Name,توزيع الاسم,
Distributor,موزع,
Dividends Paid,توزيع الأرباح,
Divorced,مطلق,
Do Not Contact,عدم الاتصال,
Do Not Explode,لا تفجر,
Do Not Update Serial / Batch on Creation of Auto Bundle,لا تقم بتحديث الرقم التسلسلي / الدفعة عند إنشاء الحزمة التلقائية,
Do Not Use Batch-wise Valuation,لا تستخدم التقييم حسب الدفعة,
Do not show any symbol like $ etc next to currencies.,لا تظهر أي رمز مثل $ بجانب العملات.,
Do not update variants on save,لا تقم بتحديث المتغيرات عند الحفظ,
Do you really want to restore this scrapped asset?,هل تريد حقا استعادة هذه الأصول المخردة؟,
Do you still want to enable immutable ledger?,هل ما زلت تريد تمكين دفتر الأستاذ غير القابل للتغيير؟,
Do you still want to enable negative inventory?,هل ما زلت تريد تمكين المخزون السالب؟,
Do you want to change valuation method?,هل تريد تغيير طريقة التقييم؟,
Do you want to notify all the customers by email?,هل تريد أن تخطر جميع العملاء عن طريق البريد الإلكتروني؟,
Do you want to submit the material request,هل ترغب في تقديم طلب المواد,
Do you want to submit the stock entry?,هل ترغب في إرسال بيانات المخزون؟,
DocType {0} does not exist,نوع المستند {0} غير موجود,
Docs Search,بحث المستندات,
Document Count,عدد المستندات,
Document Type ,نوع الوثيقة ,
Document Type already used as a dimension,نوع المستند مستخدم بالفعل كبعد,
Documentation,التوثيق,
Documents Processed on each trigger. Queue Size should be between 5 and 100,المستندات التي تتم معالجتها عند كل مشغل. يجب أن يكون حجم قائمة الانتظار بين 5 و 100,
Documents: {0} have deferred revenue/expense enabled for them. Cannot repost.,المستندات: {0} لديها إيرادات/مصروفات مؤجلة ممكّنة لها. لا يمكن إعادة الترحيل.,
Don't Create Loyalty Points,لا تنشئ نقاط ولاء,
Don't Enforce Free Item Qty,لا تفرض كمية الصنف المجاني,
Don't Recompute Tax,لا تعيد حساب الضريبة,
Don't Reserve Sales Order Qty on Sales Return,لا تحجز كمية أمر البيع عند إرجاع المبيعات,
Doors,الأبواب,
Double Declining Balance,اهلاك تناقصي,
Download CSV Template,تنزيل قالب CSV,
Download PDF for Supplier,تنزيل PDF للمورد,
Download Required Materials,تنزيل المواد المطلوبة,
Downtime,التوقف,
Downtime (In Hours),التوقف (بالساعات),
Downtime Analysis,تحليل وقت التعطل,
Downtime Entry,قيد وقت التوقف,
Downtime Reason,سبب التوقف,
Dram,درام,
Driver,سائق,
Driver Address,عنوان السائق,
Driver Email,سائق البريد الإلكتروني,
Driver Name,اسم السائق,
Driver licence class,فئة رخصة القيادة,
Driving License Categories,فئات رخصة القيادة,
Driving License Category,رخصة قيادة الفئة,
Drop Ship,إسقاط الشحن,
Due Date cannot be after {0},لا يمكن أن يكون تاريخ الاستحقاق بعد {0},
Due Date cannot be before {0},لا يمكن أن يكون تاريخ الاستحقاق قبل {0},
"Due to stock closing entry {0}, you cannot repost item valuation before {1}",بسبب إدخال إقفال المخزون {0}، لا يمكنك إعادة ترحيل تقييم الصنف قبل {1},
Dunning,إنذار بالدفع,
Dunning Amount,مبلغ المطالبة,
Dunning Amount (Company Currency),مبلغ المطالبة (عملة الشركة),
Dunning Fee,رسوم المطالبة,
Dunning Letter,رسالة تذكير,
Dunning Letter Text,طلب نص الرسالة,
Dunning Level,مستوى المطالبة,
Dunning Type,نوع الطلب,
Duplicate Customer Group,مجموعة عملاء مكررة,
Duplicate DocType,نوع مستند مكرر,
Duplicate Entry. Please check Authorization Rule {0},إدخال مكرر. يرجى التحقق من قاعدة التخويل {0},
Duplicate Finance Book,دفتر مالي مكرر,
Duplicate Item Group,مجموعة أصناف مكررة,
Duplicate Item Under Same Parent,عنصر مكرر تحت نفس الأصل,
Duplicate POS Fields,حقول نقاط بيع مكررة,
Duplicate POS Invoices found,تم العثور على فواتير نقاط بيع مكررة,
Duplicate Project with Tasks,مشروع مكرر مع المهام,
Duplicate Sales Invoices found,تم العثور على فواتير مبيعات مكررة,
Duplicate Serial Number Error,خطأ في الرقم التسلسلي المكرر,
Duplicate Stock Closing Entry,إدخال إقفال مخزون مكرر,
Duplicate customer group found in the customer group table,تم العثور على مجموعة عملاء مكررة في جدول مجموعات العملاء,
Duplicate entry against the item code {0} and manufacturer {1},إدخال مكرر مقابل رمز العنصر {0} والشركة المصنعة {1},
Duplicate entry: {0}{1},إدخال مكرر: {0}{1},
Duplicate item group found in the item group table,تم العثور علي مجموعه عناصر مكرره في جدول مجموعه الأصناف,
Duplicate project has been created,تم إنشاء مشروع مكرر,
Duplicate row {0} with same {1},صف مكرر {0} مع نفس {1},
Duplicate {0} found in the table,مكرر {0} موجود في الجدول,
Duration (Days),المدة (أيام),
Duration in Days,المدة في أيام,
Duties and Taxes,الرسوم والضرائب,
Dynamic Condition,شرط ديناميكي,
Dyne,داين,
E-Invoicing Information Missing,الفواتير الإلكترونية معلومات مفقودة,
EAN,EAN,
EAN-13,EAN-13,
EAN-8,EAN-8,
EMU Of Charge,وحدة كهرومغناطيسية للشحنة,
EMU of current,وحدة كهرومغناطيسية للتيار,
ERPNext Settings,إعدادات النظام,
ERPNext User ID,معرف المستخدم ERPNext,
Each Transaction,كل عملية,
Earliest,أولا,
Earliest Age,أقدم عمر,
Earnest Money,العربون,
Edit BOM,تعديل قائمة المواد,
Edit Capacity,تعديل السعة,
Edit Cart,تعديل السلة,
Edit Not Allowed,تحرير غير مسموح به,
Edit Note,تعديل الملاحظة,
Edit Posting Date and Time,تحرير تاريخ النشر والوقت,
Edit Receipt,تحرير الإيصال,
Edit Tax Withholding Entries,تعديل إدخالات اقتطاع الضرائب,
Editing {0} is not allowed as per POS Profile settings,تعديل {0} غير مسموح به حسب إعدادات ملف تعريف نقاط البيع,
Education,التعليم,
Educational Qualification,المؤهلات العلمية,
Either 'Selling' or 'Buying' must be selected,يجب تحديد 'بيع' أو 'شراء',
Either Workstation or Workstation Type is mandatory,محطة العمل أو نوع محطة العمل إلزامي,
Either target qty or target amount is mandatory,الكمية المستهدفة أو المبلغ المستهدف، أحدهما إلزامي,
Either target qty or target amount is mandatory.,الكمية المستهدفة أو المبلغ المستهدف، أحدهما إلزامي,
Electric,كهربائي,
Electrical,كهربائي,
Electricity,كهرباء,
Electricity down,انقطاع الكهرباء,
Electronic Equipment,معدات إلكترونية,
Electronic Invoice Register,تسجيل الفاتورة الإلكترونية,
Electronics,الإلكترونيات,
Ells (UK),إلز (المملكة المتحدة),
Email Address (required),عنوان البريد الإلكتروني (مطلوب),
"Email Address must be unique, it is already used in {0}",يجب أن يكون عنوان البريد الإلكتروني فريدًا، فهو مستخدم بالفعل في {0},
Email Campaign,حملة البريد الإلكتروني,
Email Campaign Error,خطأ في حملة البريد الإلكتروني,
Email Campaign For ,حملة البريد الإلكتروني ل ,
Email Campaign Send Error,خطأ في إرسال حملة البريد الإلكتروني,
Email Details,تفاصيل البريد الإلكتروني,
Email Digest,ملخص مرسل عن طريق الايميل,
Email Digest Recipient,مستلم ملخص البريد الإلكتروني,
Email Digest Settings,إعدادات الملخصات المرسله عبر الايميل,
Email Digest: {0},ملخص البريد الإلكتروني: {0},
Email Receipt,إيصال البريد الإلكتروني,
Email Sent,إرسال البريد الإلكتروني,
Email Sent to Supplier {0},تم إرسال بريد إلكتروني إلى المورد {0},
Email or Phone/Mobile of the Contact are mandatory to continue.,البريد الإلكتروني أو الهاتف/الجوال لجهة الاتصال إلزامي للمتابعة.,
Email sent successfully.,تم إرسال البريد الإلكتروني بنجاح.,
Email sent to,تم ارسال الايميل الي,
Email sent to {0},أرسل بريد إلكتروني إلى {0},
Email verification failed.,فشل التحقق من البريد الإلكتروني.,
Email:,البريد الإلكتروني:,
Emails Queued,رسائل البريد الإلكتروني في قائمة الانتظار,
Emergency Contact,الاتصال في حالات الطوارئ,
Emergency Contact Name,الطوارئ اسم الاتصال,
Emergency Phone,هاتف حالات الطوارئ,
Employee,الموظف,
Employee ,موظف ,
Employee Advance,تقدم الموظف,
Employee Advances,سلف الموظفين,
Employee Benefits Obligation,التزامات مزايا الموظفين,
Employee Detail,تفاصيل الموظف,
Employee Education,المستوى التعليمي للموظف,
Employee External Work History,سجل عمل الموظف خارج الشركة,
Employee Group,مجموعة الموظفين,
Employee Group Table,جدول مجموعة الموظفين,
Employee ID,هوية الموظف,
Employee Internal Work History,سجل عمل الموظف داخل الشركة,
Employee Name,اسم الموظف,
Employee Number,رقم الموظف,
Employee User Id,معرف مستخدم الموظف,
Employee cannot report to himself.,الموظف لا يمكن أن يقدم تقريرا إلى نفسه.,
Employee is required while issuing Asset {0},الموظف مطلوب أثناء إصدار الأصول {0},
Employee {0} does not belong to the company {1},الموظف {0} لا ينتمي إلى الشركة {1},
Employee {0} is currently working on another workstation. Please assign another employee.,الموظف {0} يعمل حاليًا في محطة عمل أخرى. يرجى تعيين موظف آخر.,
Employees,الموظفين,
Empty,فارغة,
Ems(Pica),إمز (بيكا),
Enable Accounting Dimensions,تفعيل الأبعاد المحاسبية,
Enable Allow Partial Reservation in the Stock Settings to reserve partial stock.,قم بتمكين السماح بالحجز الجزئي في إعدادات المخزون لحجز مخزون جزئي.,
Enable Appointment Scheduling,تمكين جدولة موعد,
Enable Auto Email,تفعيل البريد الإلكتروني التلقائي,
Enable Auto Re-Order,تمكين إعادة الطلب التلقائي,
Enable Automatic Party Matching,تمكين المطابقة التلقائية للطرف,
Enable Capital Work in Progress Accounting,تمكين العمل في رأس المال,
Enable Common Party Accounting,تمكين المحاسبة المشتركة للطرف,
Enable Cut-Off Date on Bulk Delivery Note Creation,تمكين تاريخ القطع عند إنشاء إذن تسليم مجمع,
Enable Deferred Expense,تمكين المصروفات المؤجلة,
Enable Deferred Revenue,تمكين الإيرادات المؤجلة,
Enable Discount Accounting for Selling,تمكين محاسبة الخصم للبيع,
Enable Discounts and Margin,تفعيل الخصومات والهامش,
Enable European Access,تمكين الوصول الأوروبي,
Enable Fuzzy Matching,تمكين المطابقة التقريبية,
Enable Health Monitor,تمكين مراقبة السلامة,
Enable Immutable Ledger,تمكين دفتر الأستاذ غير القابل للتغيير,
Enable Item-wise Inventory Account,تفعيل حساب المخزون حسب الصنف,
Enable Loyalty Point Program,تفعيل برنامج نقاط الولاء,
Enable Parallel Reposting,تفعيل إعادة النشر المتوازية,
Enable Perpetual Inventory,تمكين المخزون الدائم,
Enable Provisional Accounting For Non Stock Items,تمكين المحاسبة المؤقتة للأصناف غير المخزنية,
Enable Stock Reservation,تمكين حجز المخزون,
Enable UTM,تفعيل UTM,
"Enable Urchin Tracking Module parameters in Quotation, Sales Order, Sales Invoice, POS Invoice, Lead,  and Delivery Note.",تفعيل معاملات وحدة تتبع Urchin في عرض السعر وأمر البيع وفاتورة المبيعات وفاتورة نقطة البيع والعميل المحتمل وإشعار التسليم.,
Enable YouTube Tracking,تمكين تتبع يوتيوب,
Enable it if users want to consider rejected materials to dispatch.,قم بتمكينه إذا كان المستخدمون يريدون اعتبار المواد المرفوضة لإرسالها.,
Enable this checkbox even if you want to set the zero priority,قم بتمكين مربع الاختيار هذا حتى إذا كنت تريد تعيين أولوية صفر,
"Enable this option to calculate daily depreciation by considering the total number of days in the entire depreciation period, (including leap years) while using daily pro-rata based depreciation",قم بتمكين هذا الخيار لحساب الإهلاك اليومي من خلال اعتبار العدد الإجمالي للأيام في فترة الإهلاك بأكملها، (بما في ذلك السنوات الكبيسة) أثناء استخدام الإهلاك القائم على النسبة اليومية,
Enable to apply SLA on every {0},قم بتمكين تطبيق اتفاقية مستوى الخدمة على كل {0},
Enable tracking sales commissions,تفعيل تتبع عمولات المبيعات,
Enabling the check box will fetch timesheet on select of a Project in Sales Invoice,سيؤدي تمكين مربع الاختيار إلى جلب جدول الدوام عند تحديد مشروع في فاتورة المبيعات,
Enabling this checkbox will force each Job Card Time Log to have From Time and To Time,سيؤدي تمكين مربع الاختيار هذا إلى فرض أن يكون لكل سجل وقت لبطاقة العمل وقت بدء ووقت انتهاء,
Enabling this ensures each Purchase Invoice has a unique value in Supplier Invoice No. field within a particular fiscal year,يضمن تمكين هذا أن يكون لكل فاتورة شراء قيمة فريدة في حقل رقم فاتورة المورد خلال سنة مالية معينة,
Enabling this option will allow you to record - <br><br> 1. Advances Received in a <b>Liability Account</b> instead of the <b>Asset Account</b><br><br>2. Advances Paid in an <b>Asset Account</b> instead of the <b> Liability Account</b>,سيسمح لك تمكين هذا الخيار بتسجيل - <br><br> 1. الدفعات المقدمة المستلمة في <b>حساب التزام</b> بدلاً من <b>حساب الأصول</b><br><br>2. الدفعات المقدمة المدفوعة في <b>حساب أصول</b> بدلاً من <b>حساب الالتزام</b>,
Enabling this will allow creation of multi-currency invoices against single party account in company currency,سيسمح تمكين هذا بإنشاء فواتير متعددة العملات مقابل حساب طرف واحد بعملة الشركة,
Enabling this will change the way how cancelled transactions are handled.,سيغير تمكين هذا طريقة التعامل مع المعاملات الملغاة.,
Encashment Date,تاريخ التحصيل,
End Date cannot be before Start Date.,لا يمكن أن يكون تاريخ الانتهاء قبل تاريخ البدء.,
End Time,وقت الانتهاء,
End Transit,إنهاء العبور,
End Year,نهاية السنة,
End Year cannot be before Start Year,نهاية العام لا يمكن أن يكون قبل بداية العام,
End date cannot be before start date,لا يمكن أن يكون تاريخ الانتهاء قبل تاريخ البدء,
End date of current invoice's period,تاريخ نهاية فترة الفاتورة الحالية,
End of Life,نهاية الحياة,
End of the current subscription period,نهاية فترة الاشتراك الحالية,
Energy,الطاقة,
Enforce Time Logs,فرض سجلات الوقت,
Engineer,مهندس,
Enough Parts to Build,يكفي لبناء أجزاء,
Ensure Delivery Based on Produced Serial No,ضمان التسليم على أساس المسلسل المنتجة,
Enter API key in Google Settings.,أدخل مفتاح API في إعدادات Google.,
Enter Company Details,أدخل تفاصيل الشركة,
"Enter First and Last name of Employee, based on Which Full Name will be updated. IN transactions, it will be Full Name which will be fetched.",أدخل الاسم الأول والأخير للموظف، وبناءً عليه سيتم تحديث الاسم الكامل. في المعاملات، سيتم جلب الاسم الكامل.,
Enter Manually,إدخال يدوي,
Enter Serial Nos,أدخل الأرقام التسلسلية,
Enter Supplier,أدخل المورد,
Enter Value,أدخل القيمة,
Enter Visit Details,أدخل تفاصيل الزيارة,
Enter a name for Routing.,أدخل اسمًا للمسار.,
"Enter a name for the Operation, for example, Cutting.",أدخل اسمًا للعملية، على سبيل المثال، القطع.,
Enter a name for this Holiday List.,أدخل اسمًا لقائمة العطلات هذه.,
Enter amount to be redeemed.,أدخل المبلغ المراد استرداده.,
"Enter an Item Code, the name will be auto-filled the same as Item Code on clicking inside the Item Name field.",أدخل رمز الصنف، سيتم ملء الاسم تلقائيًا بنفس رمز الصنف عند النقر داخل حقل اسم الصنف.,
Enter customer's email,أدخل البريد الإلكتروني الخاص بالعميل,
Enter customer's phone number,أدخل رقم هاتف العميل,
Enter date to scrap asset,أدخل تاريخ تخريد الأصل,
Enter depreciation details,أدخل تفاصيل الاستهلاك,
Enter discount percentage.,أدخل نسبة الخصم.,
Enter each serial no in a new line,أدخل كل رقم تسلسلي في سطر جديد,
Enter the Bank Guarantee Number before submitting.,أدخل رقم الضمان البنكي قبل الإرسال.,
"Enter the Operation, the table will fetch the Operation details like Hourly Rate, Workstation automatically.

 After that, set the Operation Time in minutes and the table will calculate the Operation Costs based on the Hourly Rate and Operation Time.","أدخل العملية، سيقوم الجدول بجلب تفاصيل العملية مثل السعر بالساعة، محطة العمل تلقائيًا.

 بعد ذلك، قم بتعيين وقت العملية بالدقائق وسيقوم الجدول بحساب تكاليف العملية بناءً على السعر بالساعة ووقت العملية.",
Enter the name of the Beneficiary before submitting.,أدخل اسم المستفيد قبل الإرسال.,
Enter the name of the bank or lending institution before submitting.,أدخل اسم البنك أو المؤسسة المقرضة قبل الإرسال.,
Enter the opening stock units.,أدخل وحدات المخزون الافتتاحي.,
Enter the quantity of the Item that will be manufactured from this Bill of Materials.,أدخل كمية الصنف التي سيتم تصنيعها من قائمة المواد هذه.,
Enter the quantity to manufacture. Raw material Items will be fetched only when this is set.,أدخل الكمية المطلوب تصنيعها. سيتم جلب أصناف المواد الخام فقط عند تعيين هذا.,
Enter {0} amount.,أدخل مبلغ {0}.,
Entertainment & Leisure,الترفيه والتسلية,
Entertainment Expenses,نفقات الترفيه,
Entity,كيان,
Entry Type,نوع القيد,
Equity,حقوق الملكية,
Equity/Liability Account,حساب الأسهم / المسؤولية,
Erg,إرج,
Error Description,وصف خاطئ,
Error Occurred,حدث خطأ,
Error during caller information update,خطأ أثناء تحديث معلومات المتصل,
Error evaluating the criteria formula,حدث خطأ أثناء تقييم صيغة المعايير,
Error in party matching for Bank Transaction {0},خطأ في مطابقة الطرف للمعاملة البنكية {0},
Error while posting depreciation entries,خطأ أثناء ترحيل قيود الإهلاك,
Error while processing deferred accounting for {0},خطأ أثناء معالجة المحاسبة المؤجلة لـ {0},
Error while reposting item valuation,خطأ أثناء إعادة ترحيل تقييم الصنف,
"Error: This asset already has {0} depreciation periods booked.
					The `depreciation start` date must be at least {1} periods after the `available for use` date.
					Please correct the dates accordingly.","خطأ: هذا الأصل لديه بالفعل {0} فترات إهلاك مسجلة.
					يجب أن يكون تاريخ `بدء الإهلاك` على الأقل {1} فترات بعد تاريخ `الإتاحة للاستخدام`.
					يرجى تصحيح التواريخ وفقًا لذلك.",
Error: {0} is mandatory field,الخطأ: {0} هو حقل إلزامي,
Errors Notification,إشعار الأخطاء,
Estimated Arrival,الوصول المتوقع,
Estimated Cost,التكلفة التقديرية,
Estimated Time and Cost,الوقت المقدر والتكلفة,
Evaluation Period,فترة التقييم,
Ex Works,تسليم المصنع,
Example URL,مثال على عنوان URL,
Example of a linked document: {0},مثال على مستند مرتبط: {0},
"Example: ABCD.#####
If series is set and Serial No is not mentioned in transactions, then automatic serial number will be created based on this series. If you always want to explicitly mention Serial Nos for this item. leave this blank.","مثال: ABCD.#####
إذا تم تعيين السلسلة ولم يتم ذكر الرقم التسلسلي في المعاملات، فسيتم إنشاء رقم تسلسلي تلقائي بناءً على هذه السلسلة. إذا كنت تريد دائمًا ذكر الأرقام التسلسلية صراحةً لهذا الصنف، فاترك هذا فارغًا.",
"Example: ABCD.#####. If series is set and Batch No is not mentioned in transactions, then automatic batch number will be created based on this series. If you always want to explicitly mention Batch No for this item, leave this blank. Note: this setting will take priority over the Naming Series Prefix in Stock Settings.",مثال: ABCD. #####. إذا تم ضبط المسلسل ولم يتم ذكر رقم الدفعة في المعاملات، فسيتم إنشاء رقم الدفعة تلقائيًا استنادًا إلى هذه السلسلة. إذا كنت تريد دائمًا الإشارة صراحة إلى Batch No لهذا العنصر، فاترك هذا فارغًا. ملاحظة: سيأخذ هذا الإعداد الأولوية على بادئة Naming Series في إعدادات المخزون.,
Example: Serial No {0} reserved in {1}.,مثال: الرقم التسلسلي {0} محجوز في {1}.,
Exception Budget Approver Role,دور الموافقة على الموازنة الاستثنائية,
Excess Materials Consumed,المواد الزائدة المستهلكة,
Excess Transfer,نقل زائد,
Excessive machine set up time,وقت إعداد الماكينة المفرط,
Exchange Gain / Loss,مكاسب / خسائر الصرف,
Exchange Gain / Loss Account,حساب الربح / الخسارة الناتتج عن الصرف,
Exchange Gain Or Loss,مكاسب أو خسائر الصرف,
Exchange Gain/Loss,أرباح / خسائر الناتجة عن صرف العملة,
Exchange Gain/Loss amount has been booked through {0},تم تسجيل مبلغ مكاسب/خسائر الصرف من خلال {0},
Exchange Rate,سعر الصرف,
Exchange Rate Revaluation,إعادة تقييم سعر الصرف,
Exchange Rate Revaluation Account,حساب إعادة تقييم سعر الصرف,
Exchange Rate Revaluation Settings,إعدادات إعادة تقييم سعر الصرف,
Exchange Rate must be same as {0} {1} ({2}),يجب أن يكون سعر الصرف نفس {0} {1} ({2}),
Excise Entry,قيد المكوس,
Excise Invoice,المكوس الفاتورة,
Excise Page Number,رقم صفحة الضريبة,
Exclude Zero Balance Parties,استبعاد الحفلات ذات الرصيد الصفري,
Excluded DocTypes,أنواع المستندات المستبعدة,
Excluded Fee,الرسوم المستثناة,
Execution,تنفيذ,
Executive Assistant,مساعد تنفيذي,
Executive Search,البحث التنفيذي,
Exempt Supplies,الإمدادات المعفاة,
Exempted Role,الدور المعفى,
Exhibition,معرض,
Existing Asset,أصل قائم,
Existing Company,الشركة القائمة,
Existing Company ,الشركة الحالية ,
Existing Customer,عميل حالي,
Exit Interview Held On,أجريت مقابلة الخروج,
Expected,متوقع,
Expected Amount,المبلغ المتوقع,
Expected Arrival Date,وصول التاريخ المتوقع,
Expected Balance Qty,كمية الرصيد المتوقعة,
Expected Closing Date,تاريخ الإغلاق المتوقع,
Expected Delivery Date,تاريخ التسليم المتوقع,
Expected Delivery Date should be after Sales Order Date,يجب أن يكون تاريخ التسليم المتوقع بعد تاريخ أمر المبيعات,
Expected End Date,تاريخ الانتهاء المتوقع,
Expected End Date should be less than or equal to parent task's Expected End Date {0}.,يجب أن يكون تاريخ الانتهاء المتوقع أقل من أو يساوي تاريخ الانتهاء المتوقع للمهمة الأصل {0}.,
Expected Hrs,الساعات المتوقعة,
Expected Start Date,تاريخ البدأ المتوقع,
Expected Stock Value,قيمة المخزون المتوقعة,
Expected Time (in hours),الوقت المتوقع (بالساعات),
Expected Time Required (In Mins),الوقت المتوقع المطلوب (بالدقائق),
Expected Value After Useful Life,القيمة المتوقعة بعد حياة مفيدة,
Expense,نفقة,
Expense / Difference account ({0}) must be a 'Profit or Loss' account,حساب نفقات / قروق ({0}) يجب ان يكون حساب ارباح و خسائر,
Expense Account,حساب النفقات,
Expense Account Missing,حساب المصاريف مفقود,
Expense Claim,مطالبة المصاريف,
Expense Head,عنوان المصروف,
Expense Head Changed,تغيير رأس المصاريف,
Expense account is mandatory for item {0},اجباري حساب النفقات للصنف {0},
Expenses,النفقات,
Expenses Included In Asset Valuation,النفقات المدرجة في تقييم الأصول,
Expenses Included In Valuation,المصروفات متضمنة في تقييم السعر,
Expired Batches,دفعات منتهية الصلاحية,
Expiry,انتهاء الصلاحية,
Expiry (In Days),انتهاء (في يوم),
Expiry Date,تاريخ انتهاء الصلاحية,
Expiry Date Mandatory,تاريخ الانتهاء إلزامي,
Expiry Duration (in days),مدة الصلاحية (بالأيام),
Exploded Items,العناصر المتفجرة,
Exponential Smoothing Forecasting,تنبؤ تجانس أسي,
Export E-Invoices,تصدير الفواتير الإلكترونية,
Extended Bank Statement,كشف حساب بنكي موسع,
External Work History,سجل العمل الخارجي,
Extra Consumed Qty,كمية مستهلكة إضافية,
Extra Job Card Quantity,كمية بطاقة عمل إضافية,
Extra Large,كبير جدا,
Extra Material Transfer,نقل مواد إضافية,
Extra Small,صغير جدا,
FIFO,FIFO,
FIFO Queue,قائمة انتظار FIFO,
FIFO Queue vs Qty After Transaction Comparison,مقارنة قائمة انتظار FIFO مقابل الكمية بعد المعاملة,
"FIFO Stock Queue (qty, rate)",قائمة انتظار مخزون FIFO (الكمية، السعر),
FIFO/LIFO Queue,قائمة انتظار FIFO/LIFO,
Fahrenheit,فهرنهايت,
Failed Entries,القيود الفاشلة,
Failed to Authenticate the API key.,فشل مصادقة مفتاح API.,
"Failed to erase demo data, please delete the demo company manually.",فشل في مسح بيانات العرض التوضيحي، يرجى حذف شركة العرض التوضيحي يدويًا.,
Failed to install presets,فشل في تثبيت الإعدادات المسبقة,
Failed to login,فشل في تسجيل الدخول,
Failed to post depreciation entries,فشل في ترحيل قيود الإهلاك,
Failed to setup company,أخفق إعداد الشركة,
Failed to setup defaults,فشل في إعداد الإعدادات الافتراضية,
Failed to setup defaults for country {0}. Please contact support.,فشل في إعداد الإعدادات الافتراضية للبلد {0}. يرجى الاتصال بالدعم.,
Failure Date,تاريخ الفشل,
Failure Description,وصف الفشل,
Failure: {0},فشل: {0},
Family Background,معلومات عن العائلة,
Faraday,فراداي,
Fathom,قَامَة,
Feedback By,ردود الفعل من,
Fees,رسوم,
Fetch Based On,جلب بناءً على,
Fetch Customers,جلب العملاء,
Fetch Items from Warehouse,جلب العناصر من المستودع,
Fetch Latest Exchange Rate,جلب أحدث سعر صرف,
Fetch Overdue Payments,جلب المدفوعات المتأخرة,
Fetch Subscription Updates,جلب تحديثات الاشتراك,
Fetch Timesheet,جلب جدول الدوام,
Fetch Timesheet in Sales Invoice,جلب جدول الدوام في فاتورة المبيعات,
Fetch Value From,جلب القيمة من,
Fetch exploded BOM (including sub-assemblies),جلب BOM انفجرت (بما في ذلك المجالس الفرعية),
Fetched only {0} available serial numbers.,تم جلب {0} أرقام تسلسلية متاحة فقط.,
Fetching Error,خطأ في الجلب,
Fetching Material Requests...,جاري جلب طلبات المواد...,
Fetching Sales Orders...,جلب طلبات المبيعات...,
Fetching exchange rates ...,جارٍ جلب أسعار الصرف...,
Fetching...,جارٍ الجلب...,
Field Mapping,رسم الخرائط الميدانية,
Field in Bank Transaction,الحقل في المعاملات المصرفية,
Fields will be copied over only at time of creation.,سيتم نسخ الحقول فقط في وقت الإنشاء.,
File does not belong to this Transaction Deletion Record,الملف لا ينتمي إلى سجل حذف المعاملات هذا,
File not found,لم يتم العثور على الملف,
File to Rename,إعادة تسمية الملف,
Filter Based On,عامل التصفية على أساس,
Filter Duration (Months),مدة الفلتر (شهور),
Filter Total Zero Qty,تصفية مجموع صفر الكمية,
Filter by Reference Date,تصفية حسب تاريخ المرجع,
Filter by invoice status,تصفية حسب حالة الفاتورة,
Filter on Invoice,تصفية على الفاتورة,
Filter on Payment,تصفية على الدفع,
Filters for Material Requests,فلاتر طلبات المواد,
Filters for Sales Orders,فلاتر أوامر البيع,
Filters missing,عوامل التصفية مفقودة,
Final BOM,قائمة المواد النهائية,
Final Product,المنتج النهائي,
Finance Book,كتاب المالية,
Finance Book Detail,كتاب المالية التفاصيل,
Finance Book Id,رقم دفتر تمويل,
Finance Books,كتب المالية,
Finance Manager,مدير مالي,
Financial Ratios,النسب المالية,
Financial Report Row,صف التقرير المالي,
Financial Report Template,نموذج تقرير مالي,
Financial Report Template {0} is disabled,نموذج التقرير المالي {0} معطل,
Financial Report Template {0} not found,لم يتم العثور على نموذج التقرير المالي {0},
Financial Reports,التقارير المالية,
Financial Services,الخدمات المالية,
Financial Statements,البيانات المالية,
Financial Year Begins On,تبدأ السنة المالية في,
Financial reports will be generated using GL Entry doctypes (should be enabled if Period Closing Voucher is not posted for all years sequentially or missing) ,سيتم إنشاء التقارير المالية باستخدام أنواع مستندات قيد دفتر الأستاذ العام (يجب تمكينه إذا لم يتم ترحيل سند إقفال الفترة لجميع السنوات بالتسلسل أو إذا كانت مفقودة) ,
Finish,إنهاء,
Finished Good,جيد جيد,
Finished Good BOM,قائمة مواد المنتج النهائي,
Finished Good Item,صنف المنتج النهائي,
Finished Good Item Code,انتهى رمز السلعة جيدة,
Finished Good Item Qty,كمية صنف المنتج النهائي,
Finished Good Item Quantity,كمية صنف المنتج النهائي,
Finished Good Item is not specified for service item {0},لم يتم تحديد صنف المنتج النهائي لصنف الخدمة {0},
Finished Good Item {0} Qty can not be zero,لا يمكن أن تكون كمية صنف المنتج النهائي {0} صفرًا,
Finished Good Item {0} must be a sub-contracted item,يجب أن يكون صنف المنتج النهائي {0} صنفًا متعاقدًا عليه من الباطن,
Finished Good Qty,كمية المنتج النهائي,
Finished Good Quantity ,كمية المنتج النهائي ,
Finished Good Serial / Batch,رقم تسلسلي / دفعة المنتج النهائي,
Finished Good UOM,وحدة قياس المنتج النهائي,
Finished Good {0} does not have a default BOM.,المنتج النهائي {0} ليس له قائمة مواد افتراضية.,
Finished Good {0} is disabled.,المنتج النهائي {0} معطل.,
Finished Good {0} must be a stock item.,يجب أن يكون المنتج النهائي {0} صنفًا مخزنيًا.,
Finished Good {0} must be a sub-contracted item.,يجب أن يكون المنتج النهائي {0} صنفًا متعاقدًا عليه من الباطن.,
Finished Goods,السلع تامة الصنع,
Finished Goods Based Operating Cost,تكلفة التشغيل القائمة على السلع الجاهزة,
Finished Goods Item,صنف السلع الجاهزة,
Finished Goods Reference,مرجع السلع الجاهزة,
Finished Goods Return,إرجاع المنتجات النهائية,
Finished Goods Value,قيمة السلع الجاهزة,
Finished Goods Warehouse,مستودع البضائع الجاهزة,
Finished Goods based Operating Cost,تكلفة التشغيل القائمة على السلع الجاهزة,
Finished Item {0} does not match with Work Order {1},الصنف النهائي {0} لا يتطابق مع أمر العمل {1},
First Delivery Date,تاريخ التسليم الأول,
First Email,البريد الإلكتروني الأول,
First Responded On,أجاب أولا على,
First Response Due,موعد الاستجابة الأولى,
First Response SLA Failed by {},فشل اتفاقية مستوى الخدمة للاستجابة الأولى بواسطة {},
First Response Time,وقت الاستجابة الأول,
First Response Time for Issues,وقت الاستجابة الأول للمشكلات,
First Response Time for Opportunity,وقت الاستجابة الأول للفرصة,
"Fiscal Regime is mandatory, kindly set the fiscal regime in the company {0}",النظام المالي إلزامي ، يرجى تعيين النظام المالي في الشركة {0},
Fiscal Year,السنة المالية,
Fiscal Year Company,السنة المالية للشركة,
Fiscal Year End Date should be one year after Fiscal Year Start Date,يجب أن يكون تاريخ انتهاء السنة المالية بعد سنة واحدة من تاريخ بدء السنة المالية,
Fiscal Year Start Date and Fiscal Year End Date are already set in Fiscal Year {0},تم تحديد تاريخ بداية السنة المالية و تاريخ نهاية السنة المالية للسنة المالية {0},
Fiscal Year {0} Does Not Exist,السنة المالية {0} غير موجودة,
Fiscal Year {0} does not exist,السنة المالية {0} غير موجودة,
Fiscal Year {0} is not available for Company {1}.,السنة المالية {0} غير متاحة للشركة {1}.,
Fiscal Year {0} is required,السنة المالية {0} مطلوبة,
Fix SABB Entry,إصلاح دخول SABB,
Fixed,ثابت,
Fixed Asset,الأصول الثابتة,
Fixed Asset Account,حساب الأصول الثابتة,
Fixed Asset Defaults,إعدادات الأصول الثابتة الافتراضية,
Fixed Asset Item must be a non-stock item.,يجب أن يكون بند الأصول الثابتة عنصرا غير مخزون.<br>\nFixed Asset Item must be a non-stock item.,
Fixed Asset Register,سجل الأصول الثابتة,
Fixed Asset Turnover Ratio,نسبة دوران الأصول الثابتة,
Fixed Asset item {0} cannot be used in BOMs.,لا يمكن استخدام عنصر الأصول الثابتة {0} في قوائم المواد.,
Fixed Assets,الاصول الثابتة,
Fixed Deposit Number,رقم الوديعة الثابتة,
Fixed Outgoing Email Account,حساب بريد إلكتروني صادر ثابت,
Fixed Rate,سعر الصرف الثابت,
Fixed Time,وقت ثابت,
Fleet Manager,مدير قافلة المركبات,
Floor,الطابق,
Floor Name,اسم الطابق,
Fluid Ounce (UK),أونصة سائلة (المملكة المتحدة),
Fluid Ounce (US),أونصة سائلة (الولايات المتحدة),
Focus on Item Group filter,التركيز على عامل تصفية مجموعة العناصر,
Focus on search input,ركز على إدخال البحث,
Folio no.,فوليو نو.,
Follow Calendar Months,اتبع التقويم الأشهر,
Following Material Requests have been raised automatically based on Item's re-order level,تم رفع طلبات المواد التالية تلقائيا بناء على مستوى اعادة الطلب للبنود,
Following fields are mandatory to create address:,الحقول التالية إلزامية لإنشاء العنوان:,
"Food, Beverage & Tobacco",الأغذية والمشروبات والتبغ,
Foot,قدم,
Foot Of Water,قدم ماء,
Foot/Minute,قدم/دقيقة,
Foot/Second,قدم/ثانية,
For,لأجل,
"For 'Product Bundle' items, Warehouse, Serial No and Batch No will be considered from the 'Packing List' table. If Warehouse and Batch No are same for all packing items for any 'Product Bundle' item, those values can be entered in the main Item table, values will be copied to 'Packing List' table.",لبنود حزمة المنتج والمستودع والرقم المتسلسل ورقم الدفعة ستأخذ بعين الاعتبار من جدول قائمة التغليف. اذا كان للمستودع ورقم الدفعة نفس البند من بنود التغليف لأي بند من حزمة المنتج. هذه القيم يمكن ادخالها في جدول البند الرئيسي. والقيم سيتم نسخها الى جدول قائمة التغليف.,
For All Stock Asset Accounts,لجميع حسابات أصول المخزون,
For Buying,للشراء,
For Company,للشركة,
For Default Supplier (Optional),للمورد الافتراضي (اختياري),
For Item,للصنف,
For Item {0} cannot be received more than {1} qty against the {2} {3},لا يمكن استلام أكثر من {1} كمية للصنف {0} مقابل {2} {3},
For Job Card,لبطاقة العمل,
For Operation,للعملية,
For Price List,لائحة الأسعار,
For Production,للإنتاج,
For Quantity (Manufactured Qty) is mandatory,للكمية (الكمية المصنعة) إلزامية,
For Raw Materials,للمواد الخام,
"For Return Invoices with Stock effect, '0' qty Items are not allowed. Following rows are affected: {0}",بالنسبة لفواتير الإرجاع ذات التأثير على المخزون، لا يُسمح بأصناف بكمية '0'. الصفوف التالية متأثرة: {0},
For Selling,للبيع,
For Supplier,للمورد,
For Warehouse,لمستودع,
For Work Order,لأمر العمل,
"For an item {0}, quantity must be negative number",بالنسبة إلى عنصر {0} ، يجب أن تكون الكمية رقمًا سالبًا,
"For an item {0}, quantity must be positive number",بالنسبة إلى عنصر {0} ، يجب أن تكون الكمية رقمًا موجبًا,
For dunning fee and interest,لرسوم المطالبة والفوائد,
"For e.g. 2012, 2012-13",على سبيل المثال 2012، 2013,
For how much spent = 1 Loyalty Point,كم تنفق = 1 نقطة الولاء,
For individual supplier,عن مورد فردي,
"For item <b>{0}</b>, only <b>{1}</b> asset have been created or linked to <b>{2}</b>. Please create or link <b>{3}</b> more asset with the respective document.",بالنسبة للصنف <b>{0}</b>، تم إنشاء أو ربط <b>{1}</b> أصل فقط بـ <b>{2}</b>. يرجى إنشاء أو ربط <b>{3}</b> أصل إضافي بالمستند المعني.,
"For item {0}, rate must be a positive number. To Allow negative rates, enable {1} in {2}",بالنسبة للصنف {0}، يجب أن يكون السعر رقمًا موجبًا. للسماح بالأسعار السالبة، قم بتمكين {1} في {2},
For operation {0}: Quantity ({1}) can not be greater than pending quantity({2}),بالنسبة للعملية {0}: لا يمكن أن تكون الكمية ({1}) أكبر من الكمية المعلقة ({2}),
For quantity {0} should not be greater than allowed quantity {1},بالنسبة للكمية {0} يجب ألا تكون أكبر من الكمية المسموح بها {1},
For reference,للرجوع إليها,
"For row {0} in {1}. To include {2} in Item rate, rows {3} must also be included",بالنسبة للصف {0} في {1}. لتضمين {2} في سعر الصنف، يجب أيضًا تضمين الصفوف {3},
For row {0}: Enter Planned Qty,بالنسبة إلى الصف {0}: أدخل الكمية المخطط لها,
For service item,لعنصر الخدمة,
For the 'Apply Rule On Other' condition the field {0} is mandatory,"بالنسبة لشرط ""تطبيق القاعدة على أخرى"" ، يكون الحقل {0} إلزاميًا",
"For the convenience of customers, these codes can be used in print formats like Invoices and Delivery Notes",لتسهيل الأمر على العملاء، يمكن استخدام هذه الرموز في تنسيقات الطباعة مثل الفواتير وأذونات التسليم,
"For the item {0}, the consumed quantity should be {1} according to the BOM {2}.",بالنسبة للصنف {0}، يجب أن تكون الكمية المستهلكة {1} وفقاً لقائمة المواد {2}.,
"For the new {0} to take effect, would you like to clear the current {1}?",لكي يسري مفعول {0} الجديد، هل ترغب في مسح {1} الحالي؟,Clear payment terms template and/or payment schedule when due date is changed
"For the {0}, no stock is available for the return in the warehouse {1}.",بالنسبة لـ {0}، لا يوجد مخزون متاح للإرجاع في المستودع {1}.,
"For the {0}, the quantity is required to make the return entry",بالنسبة لـ {0}، الكمية مطلوبة لإنشاء قيد الإرجاع,
Force-Fetch Subscription Updates,جلب تحديثات الاشتراك بالقوة,
Forecast,توقعات,
Forecast Demand,توقعات الطلب,
Foreign Trade Details,تفاصيل التجارة الخارجية,
Formula Based Criteria,معايير قائمة على الصيغة,
Forum Activity,نشاط المنتدى,
Forum Posts,مشاركات المنتدى,
Forum URL,رابط المنتدى,
Free Alongside Ship,تسليم بجانب السفينة,
Free Carrier,تسليم للناقل,
Free Item,بند مجاني,
Free Item Rate,سعر الصنف المجاني,
Free On Board,تسليم على ظهر السفينة,
Free item code is not selected,لم يتم تحديد رمز العنصر المجاني,
Free item not set in the pricing rule {0},عنصر حر غير مضبوط في قاعدة التسعير {0},
Freeze Stocks Older Than (Days),تجميد المخزونات أقدم من (أيام),
Freight and Forwarding Charges,رسوم الشحن,
Frequency To Collect Progress,تردد لتجميع التقدم,
Frequency of Depreciation (Months),تواتر او تكرار الاهلاك (أشهر),
Frequently Read Articles,اقرأ المقالات بشكل متكرر,
From BOM,من BOM,
From BOM No,من رقم BOM,
From Company,من شركة,
From Corrective Job Card,من بطاقة العمل التصحيحية,
From Currency,من العملة,
From Currency and To Currency cannot be same,"لا يمكن أن تكون ""من عملة"" و""إلى عملة"" متطابقتين",
From Customer,من العملاء,
From Date and To Date are Mandatory,من تاريخ وتاريخ إلزامي,
From Date and To Date are mandatory,تاريخ البدء وتاريخ الانتهاء إلزامي,
From Date and To Date are required,تاريخ البدء وتاريخ الانتهاء مطلوبان,
From Date and To Date lie in different Fiscal Year,من التاريخ والوقت تكمن في السنة المالية المختلفة,
From Date cannot be greater than To Date,"لا يمكن أن يكون ""من تاريخ"" أكبر من ""إلى تاريخ""",
From Date is mandatory,تاريخ البدء إلزامي,
From Date must be before To Date,يجب أن تكون من تاريخ إلى تاريخ قبل,
From Date should be within the Fiscal Year. Assuming From Date = {0},"يجب أن يكون ""من تاريخ"" ضمن السنة المالية. بافتراض ""من تاريخ"" = {0}",
From Date: {0} cannot be greater than To date: {1},تاريخ البدء: {0} لا يمكن أن يكون أكبر من تاريخ الانتهاء: {1},
From Datetime,من (التاريخ والوقت),
From Delivery Date,من تاريخ التسليم,
From Delivery Note,من اشعار التسليم,
From Doctype,من نوع المستند,
From Due Date,من تاريخ الاستحقاق,
From Employee,من الموظف,
From Employee is required while issuing Asset {0},يلزم إدخال بيانات الموظف عند إصدار الأصل {0},
From External Ecomm Platform,من منصة التجارة الإلكترونية الخارجية,
From Fiscal Year,من السنة المالية,
From Fiscal Year cannot be greater than To Fiscal Year,لا يمكن أن تكون قيمة السنة المالية من السنة المالية الحالية أكبر من قيمة السنة المالية المنتهية.,
From Folio No,من فوليو نو,
From Invoice Date,من تاريخ الفاتورة,
From No,من رقم,
From Package No.,من رقم الحزمة,
From Payment Date,من تاريخ الدفع,
From Posting Date,من تاريخ النشر,
From Range,من المدى,
From Range has to be less than To Range,"يجب أن يكون ""من النطاق"" أقل من ""إلى النطاق""",
From Reference Date,من تاريخ المرجع,
From Shareholder,من المساهم,
From Template,من القالب,
From Time,من وقت,
From Time ,من وقت ,
From Time Should Be Less Than To Time,من وقت يجب أن يكون أقل من الوقت,
From Value,من القيمة,
From Voucher Detail No,من رقم تفاصيل السند,
From Voucher No,من رقم السند,
From Voucher Type,من نوع السند,
From Warehouse,من المخزن,
From and To Dates are required.,مطلوب من وإلى التواريخ.,
From and To dates are required,تاريخ البدء وتاريخ الانتهاء مطلوبان,
From date cannot be greater than To date,"لا يمكن أن يكون ""من تاريخ"" أكبر من ""إلى تاريخ""",
From value must be less than to value in row {0},"يجب أن تكون ""من قيمة"" أقل من ""إلى قيمة"" في الصف {0}",
Frozen,مجمد,
Fuel Type,نوع الوقود,
Fuel UOM,وحدة قياس الوقود,
Fulfilled,استيفاء,
Fulfillment,استيفاء,
Fulfillment User,وفاء المستخدم,
Fulfilment Deadline,الموعد النهائي للوفاء,
Fulfilment Details,تفاصيل الاستيفاء,
Fulfilment Status,حالة الوفاء,
Fulfilment Terms,شروط الوفاء,
Fulfilment Terms and Conditions,شروط وأحكام الوفاء,
"Full Name, Email or Phone/Mobile of the user are mandatory to continue.",الاسم الكامل أو البريد الإلكتروني أو الهاتف/الجوال للمستخدم إلزامي للمتابعة.,
Full and Final Statement,الكشف الكامل والنهائي,
Fully Billed,وصفت تماما,
Fully Completed,يكتمل,
Fully Delivered,سلمت بالكامل,
Fully Depreciated,استهلكت بالكامل,
Fully Paid,مدفوع بالكامل,
Furlong,فرلنج,
Furniture and Fixtures,الأثاث والتجهيزات,
"Further accounts can be made under Groups, but entries can be made against non-Groups",يمكن إنشاء المزيد من الحسابات تحت المجموعة، لكن إدخالات القيود يمكن ان تكون فقط مقابل حسابات فردية و ليست مجموعة,
Further cost centers can be made under Groups but entries can be made against non-Groups,يمكن إنشاء مراكز تكلفة إضافية ضمن المجموعات ولكن يمكن إجراء الإدخالات مقابل غير المجموعات,
Further nodes can be only created under 'Group' type nodes,العقد الإضافية التي يمكن أن تنشأ إلا في ظل العقد نوع ' المجموعة ',
Future Payment Amount,مبلغ الدفع المستقبلي,
Future Payment Ref,الدفع في المستقبل المرجع,
Future Payments,المدفوعات المستقبلية,
Future date is not allowed,التاريخ المستقبلي غير مسموح به,
G - D,ز - د,
GL Balance,رصيد دفتر الأستاذ العام,
GL Entry,قيد دفتر الأستاذ العام,
GL Entry Processing Status,حالة معالجة قيد دفتر الأستاذ العام,
GL reposting index,فهرس إعادة ترحيل دفتر الأستاذ العام,
GS1,GS1,
GTIN,GTIN,
GTIN-14,GTIN-14,
Gain/Loss,الربح / الخسارة,
Gain/Loss Account on Asset Disposal,حساب الربح / الخسارة الخاص بالتخلص من الأصول,
Gain/Loss accumulated in foreign currency account. Accounts with '0' balance in either Base or Account currency,المكاسب/الخسائر المتراكمة في حساب العملة الأجنبية. الحسابات ذات الرصيد '0' إما بالعملة الأساسية أو بعملة الحساب,
Gain/Loss already booked,المكاسب/الخسائر المسجلة بالفعل,
Gain/Loss from Revaluation,المكاسب/الخسائر من إعادة التقييم,
Gain/Loss on Asset Disposal,الربح / الخسارة عند التخلص من الأصول,
Gallon (UK),جالون (المملكة المتحدة),
Gallon Dry (US),جالون جاف (الولايات المتحدة),
Gallon Liquid (US),جالون سائل (الولايات المتحدة),
Gamma,غاما,
Gantt Chart,مخطط جانت,
Gantt chart of all tasks.,مخطط جانت لجميع المهام.,
Gauss,جاوس,
General Ledger,دفتر الأستاذ العام,
General Ledger,دفتر الأستاذ العام,Warehouse
General Settings,الإعدادات العامة,
General and Payment Ledger Comparison,مقارنة دفتر الأستاذ العام ودفتر الأستاذ للمدفوعات,
General and Payment Ledger mismatch,عدم تطابق دفتر الأستاذ العام ودفتر الأستاذ للمدفوعات,
Generate Demand,توليد الطلب,
Generate Demo Data for Exploration,إنشاء بيانات عرض توضيحي للاستكشاف,
Generate E-Invoice,إنشاء فاتورة إلكترونية,
Generate Invoice At,إنشاء الفاتورة في,
Generate New Invoices Past Due Date,إنشاء فواتير جديدة تجاوز تاريخ الاستحقاق,
Generate Schedule,إنشاء جدول,
Generate Stock Closing Entry,إنشاء إدخال إقفال المخزون,
Generate To Delete List,إنشاء قائمة الحذف,
"Generate packing slips for packages to be delivered. Used to notify package number, package contents and its weight.",إنشاء قسائم تعبئة للطرود المراد تسليمها. تُستخدم لإشعار رقم الطرد ومحتويات الطرد ووزنه.,
Generated,تم إنشاؤه,
Generating Preview,جارٍ إنشاء معاينة,
Get Actual Demand,احصل على الطلب الفعلي,
Get Advances Paid,الحصول على السلف المدفوعة,
Get Advances Received,الحصول على السلف المتلقاة,
Get Allocations,الحصول على التخصيصات,
Get Balance,عرض الرصيد,
Get Current Stock,الحصول على المخزون الحالي,
Get Customer Group Details,الحصول على تفاصيل مجموعة العملاء,
Get Delivery Schedule,احصل على جدول التسليم,
Get Entries,الحصول على مقالات,
Get Finished Goods,الحصول على السلع الجاهزة,
Get Finished Goods for Manufacture,الحصول على السلع الجاهزة للتصنيع,
Get Invoices,الحصول على الفواتير,
Get Invoices based on Filters,الحصول على الفواتير على أساس المرشحات,
Get Item Locations,الحصول على مواقع البند,
Get Items From,الحصول على البنود من,
Get Items for Purchase / Transfer,الحصول على أصناف للشراء / النقل,
Get Items for Purchase Only,الحصول على أصناف للشراء فقط,
Get Items from BOM,تنزيل الاصناف من BOM,
Get Items from Material Requests against this Supplier,الحصول على عناصر من طلبات المواد ضد هذا المورد,
Get Items from Product Bundle,الحصول على أصناف من حزمة المنتج,
Get Latest Query,احصل على آخر استفسار,
Get Material Request,الحصول على المواد طلب,
Get Material Requests,الحصول على طلبات المواد,
Get Outstanding Invoices,الحصول على فواتير معلقة,
Get Outstanding Orders,الحصول على الطلبات المستحقة,
Get Payment Entries,جلب قيود الدفع,
Get Payments from,احصل على المدفوعات من,
Get Raw Materials Cost from Consumption Entry,الحصول على تكلفة المواد الخام من قيد الاستهلاك,
Get Sales Orders,الحصول على أوامر البيع,
Get Scrap Items,الحصول على أصناف الخردة,
Get Started Sections,تبدأ الأقسام,
Get Stock,الحصول على المخزون,
Get Sub Assembly Items,الحصول على أصناف التجميع الفرعية,
Get Suppliers,الحصول على الموردين,
Get Suppliers By,الحصول على الموردين من قبل,
Get Timesheets,الحصول على جداول الدوام,
Get Unreconciled Entries,جلب القيود غير المسوّاة,
Get stops from,الحصول على المحطات من,
Getting Scrap Items,جارٍ الحصول على أصناف الخردة,
Gift Card,كرت هدية,
Give free item for every N quantity,إعطاء صنف مجاني لكل كمية N,
Global Defaults,افتراضيات العالمية,
Go back,العودة,
Goal and Procedure,الهدف والإجراءات,
Goals,الأهداف,
Goods,السلع,
Goods In Transit,البضائع في العبور,
Goods Transferred,نقل البضائع,
Goods are already received against the outward entry {0},تم استلام البضائع بالفعل مقابل الإدخال الخارجي {0},
Government,حكومة,
Grace Period,فترة سماح,
Graduate,التخرج,
Grain,حبة,
Grain/Cubic Foot,حبة/قدم مكعب,
Grain/Gallon (UK),حبة/جالون (المملكة المتحدة),
Grain/Gallon (US),حبة/جالون (الولايات المتحدة),
Gram,جرام,
Gram-Force,جرام-قوة,
Gram/Cubic Centimeter,جرام/سنتيمتر مكعب,
Gram/Cubic Meter,جرام/متر مكعب,
Gram/Cubic Millimeter,جرام/مليمتر مكعب,
Gram/Litre,جرام/لتر,
Grand Total,المجموع الإجمالي,
Grand Total (Company Currency),المجموع الكلي (العملات شركة),
Grand Total (Transaction Currency),الإجمالي الكلي (عملة المعاملة),
Grant Commission,منح عمولة,
Greater Than Amount,أكبر من المبلغ,
Greeting Message,رسالة ترحيب,
Greeting Subtitle,الترجمة التحية,
Greeting Title,عنوان الترحيب,
Greetings Section,قسم التحيات,
Grocery,البقالة,
Gross Margin,هامش الربح الإجمالي,
Gross Margin %,هامش الربح الإجمالي ٪,
Gross Profit,الربح الإجمالي,
Gross Profit / Loss,الربح الإجمالي / الخسارة,
Gross Profit Percent,نسبة الربح الإجمالي,
Gross Profit Ratio,نسبة الربح الإجمالي,
Gross Total,الإجمالي,
Gross Weight,الوزن الإجمالي,
Gross Weight UOM,الوزن الإجمالي UOM,
Gross and Net Profit Report,تقرير الربح الإجمالي والصافي,
Group By Customer,المجموعة حسب العميل,
Group By Supplier,المجموعة حسب المورد,
Group Name,اسم المجموعة,
Group Node,عقدة المجموعة,
Group Same Items,تجميع العناصر المتشابهة,
Group Warehouses cannot be used in transactions. Please change the value of {0},لا يمكن استخدام مستودعات المجموعة في المعاملات. يرجى تغيير قيمة {0},
Group by,المجموعة حسب,
Group by Material Request,تجميع حسب طلب المواد,
Group by Party,مجموعة حسب الحزب,
Group by Purchase Order,تجميع حسب أمر الشراء,
Group by Sales Order,التجميع حسب طلب المبيعات,
Group by Voucher,المجموعة بواسطة سند,
Group node warehouse is not allowed to select for transactions,لا يسمح مستودع عقدة مجموعة لتحديد للمعاملات,
Group same items,مادة نفس المجموعة,
Groups,مجموعات,
Growth View,عرض النمو,
H - F,ح - و,
HR Manager,مدير الموارد البشرية,
HR User,مستخدم الموارد البشرية,
Half-Yearly,نصف سنوية,
Hand,يد,
Handle Employee Advances,معالجة سلف الموظفين,
Hardware,المعدات,
Has Alternative Item,لديه صنف بديل,
Has Batch No,ودفعة واحدة لا,
Has Certificate ,لديه شهادة ,
Has Corrective Cost,لديه تكلفة تصحيحية,
Has Expiry Date,تاريخ انتهاء الصلاحية,
Has Item Scanned,تم مسح الصنف,
Has Operating Cost,تتضمن تكاليف التشغيل,
Has Print Format,لديها تنسيق طباعة,
Has Priority,له أولوية,
Has Serial No,يحتوي على رقم تسلسلي,
Has Subcontracted,تعاقد من الباطن,
Has Unit Price Items,لديه أصناف بسعر الوحدة,
Has Variants,يحتوي على متغيرات,
Have Default Naming Series for Batch ID?,هل لديك سلسلة تسمية افتراضية لمعرف الدفعة؟,
Head of Marketing and Sales,رئيس التسويق والمبيعات,
Heads (or groups) against which Accounting Entries are made and balances are maintained.,الرؤوس (أو المجموعات) التي يتم مقابلها إجراء قيود محاسبية والحفاظ على الأرصدة.,
Health Care,الرعاية الصحية,
Health Details,تفاصيل الحالة الصحية,
Hectare,هكتار,
Hectogram/Litre,هكتوجرام/لتر,
Hectometer,هكتومتر,
Hectopascal,هكتوباسكال,
Height (cm),الارتفاع (سم),
Help Results for,مساعدة نتائج,
Help Section,قسم المساعدة,
Help Text,نص المساعدة,
Helps you distribute the Budget/Target across months if you have seasonality in your business.,يساعدك على توزيع الميزانية/الهدف على الأشهر إذا كان لديك موسمية في عملك.,
Here are the error logs for the aforementioned failed depreciation entries: {0},فيما يلي سجلات الأخطاء لقيود الإهلاك الفاشلة المذكورة أعلاه: {0},
Here are the options to proceed:,فيما يلي خيارات المتابعة:,
"Here you can maintain family details like name and occupation of parent, spouse and children",هنا يمكنك إدراج تفاصيل عائلية مثل اسم العائلة ومهنة الزوج، الوالدين والأطفال,
"Here you can maintain height, weight, allergies, medical concerns etc",هنا يمكنك ادراج تفاصيل عن الحالة الصحية مثل الطول والوزن، الحساسية، المخاوف الطبية,
"Here, you can select a senior of this Employee. Based on this, Organization Chart will be populated.",هنا، يمكنك تحديد مسؤول أعلى لهذا الموظف. بناءً على ذلك، سيتم ملء المخطط التنظيمي.,
"Here, your weekly offs are pre-populated based on the previous selections. You can add more rows to also add public and national holidays individually.",هنا، يتم ملء إجازاتك الأسبوعية مسبقًا بناءً على التحديدات السابقة. يمكنك إضافة المزيد من الصفوف لإضافة العطلات الرسمية والوطنية بشكل فردي أيضًا.,
Hertz,هرتز,
"Hi,",مرحبًا،,
Hidden list maintaining the list of contacts linked to Shareholder,قائمة مخفية الحفاظ على قائمة من الاتصالات المرتبطة المساهم,
Hide Currency Symbol,إخفاء رمز العملة,
Hide Customer's Tax ID from Sales Transactions,إخفاء المعرّف الضريبي للعميل من معاملات المبيعات,
Hide If Zero,إخفاء إذا كان الصفر,
Hide Images,إخفاء الصور,
Hide Recent Orders,إخفاء الطلبات الحديثة,
Hide Unavailable Items,إخفاء العناصر غير المتوفرة,
Hide this line if amount is zero,أخفِ هذا السطر إذا كان المبلغ صفرًا,
Hide timesheets,إخفاء جداول الدوام,
"Higher the number, higher the priority",الرقم الأعلى له أولوية أكبر,
History In Company,الحركة التاريخيه في الشركة,
Hold,معلق,
Hold Invoice,عقد الفاتورة,
Hold Type,نوع التعليق,
Holiday,عطلة,
Holiday Date {0} added multiple times,تمت إضافة تاريخ العطلة {0} عدة مرات,
Holiday List,قائمة العطلات,
Holiday List Name,اسم قائمة العطلات,
Holidays,العطلات,
Horsepower,حصان بخاري,
Horsepower-Hours,حصان بخاري-ساعة,
Hour,ساعة,
Hour Rate,سعرالساعة,
Hours,ساعات,
Hours Spent,الساعات المنقضية,
How Pricing Rule is applied?,كيف يتم تطبيق قاعدة التسعير؟,
How frequently?,عدد المرات؟,
How often should Project and Company be updated based on Sales Transactions?,كم مرة يجب تحديث المشروع والشركة بناءً على معاملات المبيعات؟,
How often should Project be updated of Total Purchase Cost ?,كم مرة يجب تحديث المشروع بإجمالي تكلفة الشراء؟,
Hrs,ساعات,
Human Resources,الموارد البشرية,
Hundredweight (UK),قنطار (المملكة المتحدة),
Hundredweight (US),قنطار (الولايات المتحدة),
I - J,ط - ي,
I - K,ط - ك,
IBAN,رقم الحساب البنكي,
IMPORTANT: Create a backup before proceeding!,مهم: أنشئ نسخة احتياطية قبل المتابعة!,
IRS 1099,مصلحة الضرائب 1099,
ISBN,ISBN,
ISBN-10,ISBN-10,
ISBN-13,ISBN-13,
ISSN,ISSN,
Iches Of Water,بوصة ماء,
Id,هوية شخصية,
Identification of the package for the delivery (for print),تحديد حزمة لتسليم (للطباعة),
Identifying Decision Makers,تحديد صناع القرار,
Idle,خامل,
"If ""Months"" is selected, a fixed amount will be booked as deferred revenue or expense for each month irrespective of the number of days in a month. It will be prorated if deferred revenue or expense is not booked for an entire month","إذا تم تحديد ""الأشهر""، فسيتم حجز مبلغ ثابت كإيرادات أو مصروفات مؤجلة لكل شهر بغض النظر عن عدد الأيام في الشهر. سيتم تقسيمةا إذا لم يتم حجز الإيرادات أو المصاريف المؤجلة لمدة شهر كامل",
"If <b>Enabled</b> - Reconciliation happens on the <b>Advance Payment posting date</b><br>
If <b>Disabled</b> - Reconciliation happens on oldest of 2 Dates: <b>Invoice Date</b> or the <b>Advance Payment posting date</b><br>
","إذا كان <b>ممكنًا</b> - تحدث التسوية في <b>تاريخ ترحيل الدفعة المقدمة</b><br>
إذا كان <b>معطلاً</b> - تحدث التسوية في أقدم تاريخين: <b>تاريخ الفاتورة</b> أو <b>تاريخ ترحيل الدفعة المقدمة</b><br>
",
"If Auto Opt In is checked, then the customers will be automatically linked with the concerned Loyalty Program (on save)",إذا تم تحديد الاشتراك التلقائي، فسيتم ربط العملاء تلقائيًا ببرنامج الولاء المعني (عند الحفظ),
If Income or Expense,إذا دخل أو مصروف,
"If an operation is divided into sub operations, they can be added here.",إذا تم تقسيم العملية إلى عمليات فرعية، يمكن إضافتها هنا.,
"If blank, parent Warehouse Account or company default will be considered in transactions",إذا كان فارغًا، فسيتم اعتبار حساب المستودع الأصلي أو حساب الشركة الافتراضي في المعاملات,
"If checked, Rejected Quantity will be included while making Purchase Invoice from Purchase Receipt.",إذا تم تحديده، سيتم تضمين الكمية المرفوضة عند إنشاء فاتورة شراء من إيصال الشراء.,
"If checked, Stock will be reserved on <b>Submit</b>",إذا تم تحديده، سيتم حجز المخزون عند <b>الإرسال</b>,
"If checked, picked qty won't automatically be fulfilled on submit of pick list.",إذا تم تحديده، لن يتم استيفاء الكمية المنتقاة تلقائيًا عند إرسال قائمة الانتقاء.,
"If checked, the tax amount will be considered as already included in the Paid Amount in Payment Entry",إذا تم تحديده، سيتم اعتبار مبلغ الضريبة مضمنًا بالفعل في المبلغ المدفوع في قيد الدفع,
"If checked, the tax amount will be considered as already included in the Print Rate / Print Amount",إذا كانت محددة، سيتم النظر في مقدار ضريبة كمدرجة بالفعل في قيم الطباعة / مقدار الطباعة,
"If checked, we will create demo data for you to explore the system. This demo data can be erased later.",إذا تم تحديده، سنقوم بإنشاء بيانات عرض توضيحي لك لاستكشاف النظام. يمكن مسح بيانات العرض التوضيحي هذه لاحقًا.,
If different than customer address,إذا كان مختلفا عن عنوان العميل,
"If disable, 'In Words' field will not be visible in any transaction",إذا تم تعطيله، فلن يكون الحقل 'بالحروف' مرئيا في أي معاملة,
"If disable, 'Rounded Total' field will not be visible in any transaction","إذا تم تعطيله، فلن يكون الحقل ""أجمالي تقريب"" مرئيا في أي معاملة",
If enabled then system won't apply the pricing rule on the delivery note which will be create from the pick list,إذا تم تمكينه، فلن يطبق النظام قاعدة التسعير على إذن التسليم الذي سيتم إنشاؤه من قائمة الانتقاء,
If enabled then system won't override the picked qty / batches / serial numbers / warehouse.,في حال تفعيل هذا الخيار، لن يقوم النظام بتجاوز الكمية المختارة / الدفعات / الأرقام التسلسلية / المستودع.,
"If enabled, a print of this document will be attached to each email",إذا تم تمكينه، سيتم إرفاق نسخة مطبوعة من هذا المستند بكل بريد إلكتروني,
"If enabled, additional ledger entries will be made for discounts in a separate Discount Account",إذا تم تمكينه، سيتم إجراء قيود دفتر أستاذ إضافية للخصومات في حساب خصم منفصل,
"If enabled, all files attached to this document will be attached to each email",إذا تم تمكينه، سيتم إرفاق جميع الملفات المرفقة بهذا المستند بكل بريد إلكتروني,
"If enabled, do not update serial / batch values in the stock transactions on creation of auto Serial 
 / Batch Bundle. ",إذا تم تمكينه، لا تقم بتحديث قيم الرقم التسلسلي / الدفعة في معاملات المخزون عند إنشاء حزمة الرقم التسلسلي / الدفعة التلقائية. ,
"If enabled, formula for <b>Qty to Order</b>: <br>
Required Qty (BOM) - <a href=""https://docs.frappe.io/erpnext/user/manual/en/projected-quantity"">Projected Qty</a>. <br> This helps avoid over-ordering.","إذا تم تمكينه، فإن صيغة <b>الكمية للطلب</b>: <br>
الكمية المطلوبة (قائمة المواد) - <a href=""https://docs.frappe.io/erpnext/user/manual/en/projected-quantity"">الكمية المتوقعة</a>. <br> يساعد هذا في تجنب الطلب الزائد.",
"If enabled, formula for <b>Required Qty</b>: <br>
Required Qty (BOM) - <a href=""https://docs.frappe.io/erpnext/user/manual/en/projected-quantity"">Projected Qty</a>. <br> This helps avoid over-ordering.","إذا تم تمكينه، فإن صيغة <b>الكمية المطلوبة</b>: <br>
الكمية المطلوبة (قائمة المواد) - <a href=""https://docs.frappe.io/erpnext/user/manual/en/projected-quantity"">الكمية المتوقعة</a>. <br> يساعد هذا في تجنب الطلب الزائد.",
"If enabled, ledger entries will be posted for change amount in POS transactions",إذا تم تمكينه، سيتم ترحيل قيود دفتر الأستاذ لمبلغ التغيير في معاملات نقاط البيع,
"If enabled, the consolidated invoices will have rounded total disabled",إذا تم تمكينه، سيتم تعطيل الإجمالي المقرب في الفواتير الموحدة,
"If enabled, the item rate won't adjust to the valuation rate during internal transfers, but accounting will still use the valuation rate.",إذا تم تمكينه، لن يتم تعديل سعر الصنف إلى سعر التقييم أثناء التحويلات الداخلية، ولكن ستظل المحاسبة تستخدم سعر التقييم.,
"If enabled, the system will allow selecting UOMs in sales and purchase transactions only if the conversion rate is set in the item master.",إذا تم تمكينه، سيسمح النظام بتحديد وحدات القياس في معاملات البيع والشراء فقط إذا تم تعيين معدل التحويل في بيانات الصنف الرئيسية.,
"If enabled, the system will generate an accounting entry for materials rejected in the Purchase Receipt.",إذا تم تمكينه، سيقوم النظام بإنشاء قيد محاسبي للمواد المرفوضة في إيصال الشراء.,
"If enabled, the system will use the moving average valuation method to calculate the valuation rate for the batched items and will not consider the individual batch-wise incoming rate.",إذا تم تمكينه، سيستخدم النظام طريقة تقييم المتوسط المتحرك لحساب معدل التقييم للأصناف المجمعة ولن يأخذ في الاعتبار معدل الدخول الفردي حسب الدفعة.,
"If enabled, then system will only validate the pricing rule and not apply automatically. User has to manually set the discount percentage / margin / free items to validate the pricing rule",إذا تم تمكينه، فسيقوم النظام بالتحقق فقط من قاعدة التسعير ولن يطبقها تلقائيًا. يجب على المستخدم تعيين نسبة الخصم / الهامش / الأصناف المجانية يدويًا للتحقق من قاعدة التسعير,
"If enabled, user will be alerted before resetting posting date to current date in relevant transactions",في حال تفعيل هذه الخاصية، سيتم تنبيه المستخدم قبل إعادة تعيين تاريخ النشر إلى التاريخ الحالي في المعاملات ذات الصلة.,
"If item is a variant of another item then description, image, pricing, taxes etc will be set from the template unless explicitly specified",إذا كان البند هو البديل من بند آخر ثم وصف، صورة، والتسعير، والضرائب سيتم تعيين غيرها من القالب، ما لم يذكر صراحة,
"If items in stock, proceed with Material Transfer or Purchase.",إذا كانت الأصناف متوفرة في المخزون، فتابع بنقل المواد أو الشراء.,
"If mentioned, the system will allow only the users with this Role to create or modify any stock transaction earlier than the latest stock transaction for a specific item and warehouse. If set as blank, it allows all users to create/edit back-dated transactions.",إذا تم ذكره، سيسمح النظام فقط للمستخدمين الذين لديهم هذا الدور بإنشاء أو تعديل أي معاملة مخزون سابقة لأحدث معاملة مخزون لصنف ومستودع معينين. إذا تم تعيينه فارغًا، فإنه يسمح لجميع المستخدمين بإنشاء/تعديل المعاملات ذات التاريخ القديم.,
If more than one package of the same type (for print),إذا كان أكثر من حزمة واحدة من نفس النوع (للطباعة),
"If not, you can Cancel / Submit this entry",إذا لم يكن كذلك، يمكنك إلغاء / إرسال هذا الإدخال,
"If rate is zero then item will be treated as ""Free Item""","إذا كان السعر صفرًا، فسيتم التعامل مع الصنف على أنه ""صنف مجاني""",
"If the BOM results in Scrap material, the Scrap Warehouse needs to be selected.",إذا نتج عن قائمة المواد مواد خردة، فيجب تحديد مستودع الخردة.,
"If the account is frozen, entries are allowed to restricted users.",إذا الحساب مجمد، يسمح بالدخول إلى المستخدمين المحددين.,
"If the item is transacting as a Zero Valuation Rate item in this entry, please enable 'Allow Zero Valuation Rate' in the {0} Item table.","إذا كان العنصر يتعامل كعنصر سعر تقييم صفري في هذا الإدخال ، فالرجاء تمكين ""السماح بمعدل تقييم صفري"" في جدول العناصر {0}.",
"If the selected BOM has Operations mentioned in it, the system will fetch all Operations from BOM, these values can be changed.",إذا كانت قائمة المواد المحددة تحتوي على عمليات مذكورة فيها، فسيقوم النظام بجلب جميع العمليات من قائمة المواد، ويمكن تغيير هذه القيم.,
"If there is no assigned timeslot, then communication will be handled by this group",إذا لم يكن هناك مهلة زمنية محددة، فسيتم التعامل مع الاتصالات من قبل هذه المجموعة,
"If there is no title column, use the code column for the title.",إذا لم يكن هناك عمود عنوان، فاستخدم عمود الرمز للعنوان.,
"If this checkbox is checked, paid amount will be splitted and allocated as per the amounts in payment schedule against each payment term",إذا تم تحديد مربع الاختيار هذا، فسيتم تقسيم المبلغ المدفوع وتخصيصه وفقًا للمبالغ الموجودة في جدول الدفع مقابل كل مصطلح دفع,
If this is checked subsequent new invoices will be created on calendar  month and quarter start dates irrespective of current invoice start date,إذا تم التحقق من ذلك ، فسيتم إنشاء فواتير جديدة لاحقة في شهر التقويم وتواريخ بدء ربع السنة بغض النظر عن تاريخ بدء الفاتورة الحالي,
If this is unchecked Journal Entries will be saved in a Draft state and will have to be submitted manually,إذا كان هذا غير محدد، فسيتم حفظ قيود اليومية في حالة المسودة وسيتعين إرسالها يدويًا,
"If this is unchecked, direct GL entries will be created to book deferred revenue or expense",إذا لم يتم تحديد ذلك، فسيتم إنشاء إدخالات دفتر الأستاذ العام المباشرة لحجز الإيرادات أو المصاريف المؤجلة,
If this is undesirable please cancel the corresponding Payment Entry.,إذا كان هذا غير مرغوب فيه، يرجى إلغاء قيد الدفع المقابل.,
"If this item has variants, then it cannot be selected in sales orders etc.",إذا كان هذا البند لديها بدائل، فإنه لا يمكن اختيارها في أوامر البيع الخ,
"If this option is configured 'Yes', ERPNext will prevent you from creating a Purchase Invoice or Receipt without creating a Purchase Order first. This configuration can be overridden for a particular supplier by enabling the 'Allow Purchase Invoice Creation Without Purchase Order' checkbox in the Supplier master.","إذا تم تكوين هذا الخيار ""نعم""، سيمنعك ERPNext من إنشاء فاتورة شراء أو إيصال دون إنشاء أمر شراء أولاً. يمكن تجاوز هذا التكوين لمورد معين عن طريق تمكين مربع الاختيار ""السماح بإنشاء فاتورة الشراء بدون أمر شراء"" في مدير المورد.",
"If this option is configured 'Yes', ERPNext will prevent you from creating a Purchase Invoice without creating a Purchase Receipt first. This configuration can be overridden for a particular supplier by enabling the 'Allow Purchase Invoice Creation Without Purchase Receipt' checkbox in the Supplier master.","إذا تم تكوين هذا الخيار ""نعم""، سيمنعك ERPNext من إنشاء فاتورة شراء دون إنشاء إيصال شراء أولاً. يمكن تجاوز هذا التكوين لمورد معين عن طريق تمكين مربع الاختيار ""السماح بإنشاء فاتورة الشراء بدون إيصال شراء"" في مدير المورد.",
"If ticked, multiple materials can be used for a single Work Order. This is useful if one or more time consuming products are being manufactured.",إذا تم تحديده، يمكن استخدام مواد متعددة لطلب عمل واحد. يكون هذا مفيدًا إذا تم تصنيع منتج أو أكثر من المنتجات التي تستغرق وقتًا طويلاً.,
"If ticked, the BOM cost will be automatically updated based on Valuation Rate / Price List Rate / last purchase rate of raw materials.",إذا تم تحديدها، فسيتم تحديث تكلفة قائمة مكونات الصنف تلقائيًا استنادًا إلى معدل التقييم / سعر قائمة الأسعار / معدل الشراء الأخير للمواد الخام.,
"If unlimited expiry for the Loyalty Points, keep the Expiry Duration empty or 0.",إذا كانت صلاحية نقاط الولاء غير محدودة، فاترك مدة الصلاحية فارغة أو 0.,
"If yes, then this warehouse will be used to store rejected materials",إذا كانت الإجابة بنعم، فسيتم استخدام هذا المستودع لتخزين المواد المرفوضة,
"If you are maintaining stock of this Item in your Inventory, ERPNext will make a stock ledger entry for each transaction of this item.",إذا كنت تحتفظ بمخزون هذا الصنف في مخزونك، فسيقوم ERPNext بإنشاء قيد دفتر أستاذ مخزون لكل معاملة لهذا الصنف.,
"If you need to reconcile particular transactions against each other, then please select accordingly. If not, all the transactions will be allocated in FIFO order.",إذا كنت بحاجة إلى تسوية معاملات معينة مقابل بعضها البعض، فيرجى التحديد وفقًا لذلك. إذا لم يكن الأمر كذلك، فسيتم تخصيص جميع المعاملات بترتيب FIFO.,
"If you still want to proceed, please disable 'Skip Available Sub Assembly Items' checkbox.",إذا كنت لا تزال ترغب في المتابعة، فيرجى إلغاء تحديد مربع الاختيار 'تخطي أصناف التجميع الفرعية المتاحة'.,
"If you still want to proceed, please enable {0}.",إذا كنت لا تزال ترغب في المتابعة، فيرجى تمكين {0}.,
"If you {0} {1} quantities of the item {2}, the scheme {3} will be applied on the item.",إذا قمت {0} {1} بكميات العنصر {2} ، فسيتم تطبيق المخطط {3} على العنصر.,
"If you {0} {1} worth item {2}, the scheme {3} will be applied on the item.",إذا كنت {0} {1} تستحق العنصر {2} ، فسيتم تطبيق النظام {3} على العنصر.,
Ignore,تجاهل,
Ignore Account Closing Balance,تجاهل رصيد إقفال الحساب,
Ignore Closing Balance,تجاهل رصيد الإقفال,
Ignore Default Payment Terms Template,تجاهل قالب شروط الدفع الافتراضي,
Ignore Employee Time Overlap,تجاهل تداخل وقت الموظف,
Ignore Empty Stock,تجاهل المخزون الفارغ,
Ignore Exchange Rate Revaluation and Gain / Loss Journals,تجاهل سجلات إعادة تقييم سعر الصرف وسجلات الربح/الخسارة,
Ignore Existing Ordered Qty,تجاهل الكمية الموجودة المطلوبة,
Ignore Existing Projected Quantity,تجاهل الكمية الموجودة المتوقعة,
Ignore Is Opening check for reporting,"تجاهل التحقق من ""هل هو افتتاح"" للتقارير",
Ignore Pricing Rule,تجاهل (قاعدة التسعير),
Ignore Pricing Rule is enabled. Cannot apply coupon code.,تم تمكين تجاهل قاعدة التسعير. لا يمكن تطبيق رمز القسيمة.,
Ignore System Generated Credit / Debit Notes,تجاهل إشعارات الدائن / المدين التي تم إنشاؤها بواسطة النظام,
Ignore Tax Withholding Threshold,تجاهل الحد الأدنى لحجز الضريبة,
Ignore User Time Overlap,تجاهل تداخل وقت المستخدم,
Ignore Voucher Type filter and Select Vouchers Manually,تجاهل مرشح نوع السند وحدد السندات يدويًا,
Ignore Workstation Time Overlap,تجاهل تداخل وقت محطة العمل,
Ignores legacy Is Opening field in GL Entry that allows adding opening balance post the system is in use while generating reports,"يتجاهل حقل ""هل هو افتتاح"" القديم في قيد دفتر الأستاذ العام الذي يسمح بإضافة رصيد افتتاحي بعد استخدام النظام أثناء إنشاء التقارير",
Impairment,انخفاض القيمة,
Implementation Partner,شريك التنفيذ,
Import Chart of Accounts from a csv file,استيراد دليل الحسابات من ملف csv,
Import Data,بيانات الاستيراد,
Import Genericode File,استيراد ملف Genericode,
Import Invoices,استيراد الفواتير,
Import MT940 Fromat,استيراد صيغة MT940,
Import Successful,استيراد ناجح,
Import Summary,ملخص الاستيراد,
Import Supplier Invoice,استيراد فاتورة المورد,
Import Using CSV file,استيراد باستخدام ملف CSV,
Import completed. {0} common codes created.,اكتمل الاستيراد. تم إنشاء {0} رمزًا مشتركًا.,
Import in Bulk,استيراد بكميات كبيرة,
Imported {0} DocTypes,تم استيراد {0} من أنواع المستندات,
Importing Common Codes,جارٍ استيراد الرموز المشتركة,
In House,داخلي,
In Maintenance,في الصيانة,
In Mins,في دقائق,
In Party Currency,بعملة الطرف,
In Percentage,في المئة,
In Process,في عملية,
In Production,في الانتاج,
In Qty,كمية قادمة,
In Stock,في المخزون,
In Stock Qty,الكمية المتوفرة في المخزون,
In Transit,في مرحلة انتقالية,
In Transit Transfer,نقل قيد العبور,
In Transit Warehouse,مستودع قيد العبور,
In Value,القيمة القادمة,
In Words,في كلمات,
In Words (Company Currency),في الأحرف ( عملة الشركة ),
In Words (Export) will be visible once you save the Delivery Note.,بالحروف (تصدير) سوف تكون مرئية بمجرد حفظ اشعار التسليم.,
In Words will be visible once you save the Delivery Note.,بالحروف سوف تكون مرئية بمجرد حفظ اشعارالتسليم.,
In Words will be visible once you save the Sales Invoice.,وبعبارة تكون مرئية بمجرد حفظ فاتورة المبيعات.,
In Words will be visible once you save the Sales Order.,وبعبارة تكون مرئية بمجرد حفظ ترتيب المبيعات.,
In mins,بالدقائق,
In minutes,في دقائق,
"In row {0} of Appointment Booking Slots: ""To Time"" must be later than ""From Time"".","في الصف {0} من خانات حجز المواعيد: يجب أن يكون ""وقت الانتهاء"" بعد ""وقت البدء"".",
In stock,في المخزن,
"In the case of multi-tier program, Customers will be auto assigned to the concerned tier as per their spent",في حالة البرنامج متعدد المستويات، سيتم تعيين العملاء تلقائيًا إلى المستوى المعني حسب إنفاقهم,
"In this section, you can define Company-wide transaction-related defaults for this Item. Eg. Default Warehouse, Default Price List, Supplier, etc.",في هذا القسم، يمكنك تحديد الإعدادات الافتراضية المتعلقة بالمعاملات على مستوى الشركة لهذا الصنف. مثال: المستودع الافتراضي، قائمة الأسعار الافتراضية، المورد، إلخ.,
Inactive Customers,العملاء الغير النشطين,
Inactive Sales Items,عناصر المبيعات غير النشطة,
Inactive Status,الحالة غير النشطة,
Incentives,الحوافز,
Inch,بوصة,
Inch Pound-Force,بوصة رطل-قوة,
Inch/Minute,بوصة/دقيقة,
Inch/Second,بوصة/ثانية,
Inches Of Mercury,بوصة زئبق,
Include Account Currency,تضمين عملة الحساب,
Include Ageing Summary,قم بتضمين ملخص الشيخوخة,
Include Closed Orders,تضمين الطلبات المغلقة,
Include Default FB Assets,تضمين أصول الدفتر المالي الافتراضي,
Include Default FB Entries,تضمين إدخالات دفتر افتراضي,
Include Expired,تشمل منتهية الصلاحية,
Include Expired Batches,تضمين الدفعات منتهية الصلاحية,
Include Exploded Items,تشمل البنود المستبعدة,
Include Item In Manufacturing,تشمل البند في التصنيع,
Include Non Stock Items,تشمل الاصناف الغير مخزنية,
Include POS Transactions,تشمل معاملات نقطه البيع,
Include Payment,تضمين الدفع,
Include Payment (POS),تشمل الدفع (POS),
Include Reconciled Entries,تضمن القيود التي تم تسويتها,
Include Safety Stock in Required Qty Calculation,تضمين مخزون الأمان في حساب الكمية المطلوبة,
Include Sub-assembly Raw Materials,قم بتضمين المواد الخام التجميعية الفرعية,
Include Subcontracted Items,تضمين العناصر من الباطن,
Include Timesheets in Draft Status,تضمين جداول الدوام في حالة المسودة,
Include UOM,تضمين UOM,
Include Zero Stock Items,تضمين أصناف المخزون الصفري,
Include in Charts,أدرج في المخططات,
Include in gross,تدرج في الإجمالي,
Included Fee,الرسوم المشمولة,
Included in Gross Profit,المدرجة في الربح الإجمالي,
Including items for sub assemblies,بما في ذلك السلع للمجموعات الفرعية,
Income,الإيرادات,
Income Account,حساب الدخل,
Income and Expense,الإيرادات والمصروفات,
Incoming Bills,الفواتير الواردة,
Incoming Call Handling Schedule,جدول معالجة المكالمات الواردة,
Incoming Call Settings,إعدادات المكالمات الواردة,
Incoming Payment,دفعة واردة,
Incoming Rate,معدل الواردة,
Incoming Rate (Costing),سعر الدخول (التكلفة),
Incoming call from {0},مكالمة واردة من {0},
Incompatible Setting Detected,تم اكتشاف إعداد غير متوافق,
Incorrect Balance Qty After Transaction,كمية الرصيد غير الصحيحة بعد المعاملة,
Incorrect Batch Consumed,الدفعة المستهلكة غير صحيحة,
Incorrect Check in (group) Warehouse for Reorder,فحص غير صحيح في مستودع (المجموعة) لإعادة الطلب,
Incorrect Component Quantity,كمية المكون غير صحيحة,
Incorrect Date,تاريخ غير صحيح,
Incorrect Invoice,فاتورة غير صحيحة,
Incorrect Payment Type,نوع الدفع غير صحيح,
Incorrect Reference Document (Purchase Receipt Item),مستند مرجعي غير صحيح (صنف إيصال الشراء),
Incorrect Serial No Valuation,تقييم رقم تسلسلي غير صحيح,
Incorrect Serial Number Consumed,الرقم التسلسلي المستهلك غير صحيح,
Incorrect Serial and Batch Bundle,حزمة الرقم التسلسلي والدفعة غير صحيحة,
Incorrect Stock Value Report,تقرير قيمة المخزون غير الصحيحة,
Incorrect Type of Transaction,نوع المعاملة غير صحيح,
Incorrect Warehouse,مستودع غير صحيح,
Incorrect number of General Ledger Entries found. You might have selected a wrong Account in the transaction.,تم العثور على عدد غير صحيح من قيود دفتر الأستاذ العام. ربما حددت حسابًا خاطئًا في المعاملة.,
Incoterm,مصطلح التجارة الدولية,
Increase In Asset Life (Months),الزيادة في عمر الأصل (بالأشهر),
Increase In Asset Life(Months),الزيادة في عمر الأصل (بالأشهر),
Increment,الزيادة,
Increment cannot be 0,لا يمكن أن تكون الزيادة 0,
Increment for Attribute {0} cannot be 0,الاضافة للخاصية {0} لا يمكن أن تكون 0,
Indent Level,مستوى المسافة البادئة,
Indicates that the package is a part of this delivery (Only Draft),يشير إلى أن الحزمة هو جزء من هذا التسليم (مشروع فقط),
Indirect Expense,مصروف غير مباشر,
Indirect Expenses,نفقات غير مباشرة,
Indirect Income,دخل غير مباشرة,
Individual,فرد,
Individual GL Entry cannot be cancelled.,لا يمكن إلغاء قيد دفتر الأستاذ العام الفردي.,
Individual Stock Ledger Entry cannot be cancelled.,لا يمكن إلغاء قيد دفتر أستاذ المخزون الفردي.,
Industry,صناعة,
Industry Type,نوع صناعة,
Initial Email Notification Sent,تم إرسال إشعار البريد الإلكتروني المبدئي,
Initialize Summary Table,تهيئة جدول الملخص,
Initiated,بدأت,
Inspected By,تفتيش من قبل,
Inspection Rejected,تم رفض الفحص,
Inspection Required,التفتيش مطلوب,
Inspection Required before Delivery,التفتيش المطلوبة قبل تسليم,
Inspection Required before Purchase,التفتيش المطلوبة قبل الشراء,
Inspection Submission,تقديم الفحص,
Inspection Type,نوع التفتيش,
Installation Date,تثبيت تاريخ,
Installation Note,ملاحظة التثبيت,
Installation Note Item,ملاحظة تثبيت الإغلاق,
Installation Note {0} has already been submitted,مذكرة التسليم {0} ارسلت,
Installation Status,حالة التركيب,
Installation Time,تثبيت الزمن,
Installation date cannot be before delivery date for Item {0},تاريخ التركيب لا يمكن أن يكون قبل تاريخ التسليم للبند {0},
Installed Qty,الكميات الثابتة,
Installing presets,تثبيت الإعدادات المسبقة,
Instruction,التعليمات,
Insufficient Capacity,سعة غير كافية,
Insufficient Permissions,أذونات غير كافية,
Insufficient Stock,المالية غير كافية,
Insufficient Stock for Batch,مخزون غير كافٍ للدفعة,
Insufficient Stock for Product Bundle Items,لا يوجد مخزون كافٍ من عناصر حزمة المنتج,
Insurance,التأمين,
Insurance Company,تفاصيل التأمين,
Insurance Details,تفاصيل التأمين,
Insurance End Date,تاريخ انتهاء التأمين,
Insurance Start Date,تاريخ بداية التأمين,
Insurance Start date should be less than Insurance End date,يجب أن يكون تاريخ بداية التأمين قبل تاريخ نهاية التأمين,
Insured value,قيمة المؤمن,
Insurer,شركة التأمين,
Integration Details,تفاصيل التكامل,
Integration ID,معرف التكامل,
Inter Company Invoice Reference,الشركة المشتركة للفاتورة,
Inter Company Journal Entry,قيد يومية بين الشركات,
Inter Company Journal Entry Reference,مرجع قيد اليومية بين الشركات,
Inter Company Order Reference,مرجع طلب شركة Inter,
Inter Company Purchase Order,طلب شراء بين الشركات,
Inter Company Reference,بين شركة مرجع,
Inter Company Sales Order,طلب مبيعات بين الشركات,
Inter Transfer Reference,مرجع التحويل الداخلي,
Inter Warehouse Transfer Settings,إعدادات نقل المستودعات الداخلية,
Interest,فائدة,
Interest Expense,مصروفات الفائدة,
Interest Income,دخل الفوائد,
Interest and/or dunning fee,الفائدة و/أو رسوم المطالبة,
Interest on Fixed Deposits,الفائدة على الودائع الثابتة,
Interested,مهتم,
Internal,داخلي,
Internal Customer Accounting,محاسبة العميل الداخلي,
Internal Customer for company {0} already exists,العميل الداخلي للشركة {0} موجود بالفعل,
Internal Purchase Order,أمر شراء داخلي,
Internal Sale or Delivery Reference missing.,مرجع البيع أو التسليم الداخلي مفقود.,
Internal Sales Order,أمر بيع داخلي,
Internal Sales Reference Missing,مرجع المبيعات الداخلية مفقود,
Internal Supplier for company {0} already exists,المورد الداخلي للشركة {0} موجود بالفعل,
Internal Transfer,نقل داخلي,
Internal Transfer Reference Missing,مرجع التحويل الداخلي مفقود,
Internal Transfers,التحويلات الداخلية,
Internal Work History,سجل العمل الداخلي,
Internal transfers can only be done in company's default currency,لا يمكن إجراء التحويلات الداخلية إلا بعملة الشركة الافتراضية,
Internet Publishing,النشر عبر الإنترنت,
Interval should be between 1 to 59 MInutes,يجب أن يكون الفاصل الزمني بين 1 و 59 دقيقة,
Invalid Account,حساب غير صالح,
Invalid Allocated Amount,مبلغ مخصص غير صالح,
Invalid Amount,مبلغ غير صالح,
Invalid Attribute,خاصية غير صالحة,
Invalid Auto Repeat Date,تاريخ التكرار التلقائي غير صالح,
Invalid Barcode. There is no Item attached to this barcode.,الباركود غير صالح. لا يوجد عنصر مرفق بهذا الرمز الشريطي.,
Invalid Blanket Order for the selected Customer and Item,طلب فارغ غير صالح للعميل والعنصر المحدد,
Invalid Child Procedure,إجراء الطفل غير صالح,
Invalid Company Field,حقل شركة غير صالح,
Invalid Company for Inter Company Transaction.,شركة غير صالحة للمعاملات بين الشركات.,
Invalid Cost Center,مركز تكلفة غير صالح,
Invalid Delivery Date,تاريخ تسليم غير صالح,
Invalid Discount,خصم غير صالح,
Invalid Discount Amount,مبلغ الخصم غير صالح,
Invalid Document,مستند غير صالح,
Invalid Document Type,نوع المستند غير صالح,
Invalid Formula,صيغة غير صالحة,
Invalid Group By,تجميع حسب غير صالح,
Invalid Item,عنصر غير صالح,
Invalid Item Defaults,إعدادات الصنف الافتراضية غير صالحة,
Invalid Ledger Entries,قيود دفتر الأستاذ غير الصالحة,
Invalid Net Purchase Amount,مبلغ الشراء الصافي غير صالح,
Invalid Opening Entry,قيد افتتاحي غير صالح,
Invalid POS Invoices,فواتير نقاط البيع غير صالحة,
Invalid Parent Account,حساب الوالد غير صالح,
Invalid Part Number,رقم الجزء غير صالح,
Invalid Posting Time,وقت نشر غير صالح,
Invalid Primary Role,دور أساسي غير صالح,
Invalid Print Format,تنسيق طباعة غير صالح,
Invalid Priority,أولوية غير صالحة,
Invalid Process Loss Configuration,تكوين خسارة العملية غير صالح,
Invalid Purchase Invoice,فاتورة شراء غير صالحة,
Invalid Qty,كمية غير صالحة,
Invalid Quantity,كمية غير صحيحة,
Invalid Query,استعلام غير صالح,
Invalid Return,إرجاع غير صالح,
Invalid Sales Invoices,فواتير مبيعات غير صالحة,
Invalid Schedule,جدول غير صالح,
Invalid Selling Price,سعر البيع غير صالح,
Invalid Serial and Batch Bundle,حزمة الرقم التسلسلي والدفعة غير صالحة,
Invalid Source and Target Warehouse,مصدر ومستودع هدف غير صالحين,
Invalid Value,قيمة غير صالحة,
Invalid Warehouse,مستودع غير صالح,
Invalid amount in accounting entries of {} {} for Account {}: {},مبلغ غير صالح في قيود المحاسبة لـ {} {} للحساب {}: {},
Invalid condition expression,تعبير شرط غير صالح,
Invalid file URL,رابط ملف غير صالح,
"Invalid lost reason {0}, please create a new lost reason",سبب ضائع غير صالح {0} ، يرجى إنشاء سبب ضائع جديد,
Invalid naming series (. missing) for {0},سلسلة تسمية غير صالحة (. مفقود) لـ {0},
Invalid reference {0} {1},مرجع غير صالح {0} {1},
Invalid result key. Response:,مفتاح نتيجة غير صالح. الاستجابة:,
Invalid search query,استعلام بحث غير صالح,
Invalid value {0} for {1} against account {2},قيمة غير صالحة {0} لـ {1} مقابل الحساب {2},
Invalid {0},غير صالح {0},
Invalid {0} for Inter Company Transaction.,غير صالح {0} للمعاملات بين الشركات.,
Invalid {0}: {1},{0} غير صالح : {1},
Inventory,جرد,
Inventory Account Currency,عملة حساب المخزون,
Inventory Dimension,بعد المخزون,
Inventory Dimension Negative Stock,مخزون سالب لبعد المخزون,
Inventory Dimension key,مفتاح بعد المخزون,
Inventory Settings,إعدادات المخزون,
Inventory Turnover Ratio,معدل دوران المخزون,
Inventory Valuation,تقييم المخزون,
Investment Banking,الخدمات المصرفية الاستثمارية,
Investments,الاستثمارات,
Invoice,فاتورة,
Invoice Cancellation,إلغاء الفاتورة,
Invoice Date,تاريخ الفاتورة,
Invoice Discounting,خصم الفواتير,
Invoice Document Type Selection Error,خطأ في تحديد نوع مستند الفاتورة,
Invoice Grand Total,الفاتورة الكبرى المجموع,
Invoice ID,معرف الفاتورة,
Invoice Limit,حد الفاتورة,
Invoice Number,رقم الفاتورة,
Invoice Paid,تم دفع الفاتورة,
Invoice Portion,جزء الفاتورة,
Invoice Portion (%),جزء الفاتورة (٪),
Invoice Posting Date,تاريخ ترحيل الفاتورة,
Invoice Series,سلسلة الفاتورة,
Invoice Status,حالة الفاتورة,
Invoice Type,نوع الفاتورة,
Invoice already created for all billing hours,الفاتورة التي تم إنشاؤها بالفعل لجميع ساعات الفوترة,
Invoice and Billing,الفاتورة والفوترة,
Invoice can't be made for zero billing hour,لا يمكن إجراء الفاتورة لمدة صفر ساعة,
Invoiced Amount,قيمة الفواتير,
Invoiced Qty,الكمية المفوترة,
Invoices,الفواتير,
Invoices and Payments have been Fetched and Allocated,تم جلب الفواتير والمدفوعات وتخصيصها,
Invoicing,الفوترة,
Invoicing Features,ميزات الفوترة,
Inward,نحو الداخل,
Is Account Payable,هل هو حساب دائن,
Is Additional Item,هل هو صنف إضافي,
Is Additional Transfer Entry,هل هو إدخال تحويل إضافي؟,
Is Adjustment Entry,هل هو قيد تسوية,
Is Advance,هل مقدم,
Is Alternative,هل هو بديل,
Is Billable,هو قابل للفوترة,
Is Billing Contact,هل هو جهة اتصال فوترة,
Is Cancelled,هل ملغي,
Is Cash or Non Trade Discount,هل هو خصم نقدي أو غير تجاري,
Is Company,هي الشركة,
Is Company Account,هو حساب الشركة,
Is Consolidated,موحّدة,
Is Container,حاوية,
Is Corrective Job Card,هل هي بطاقة عمل تصحيحية,
Is Corrective Operation,هل هي عملية تصحيحية,
Is Cumulative,هو التراكمي,
Is Customer Provided Item,هل العميل يقدم الصنف,
Is Default Account,هو الحساب الافتراضي,
Is Default Language,هي اللغة الافتراضية,
Is Delivery Note Required for Sales Invoice Creation?,هل مطلوب إشعار التسليم لإنشاء فاتورة المبيعات؟,
Is Discounted,هو مخفضة,
Is Exchange Gain / Loss?,هل هو مكسب / خسارة صرف؟,
Is Expandable,هل هو قابل للتوسيع,
Is Final Finished Good,هل هو منتج نهائي نهائي,
Is Finished Item,هل هو صنف نهائي,
Is Fixed Asset,هو الأصول الثابتة,
Is Free Item,هو البند الحرة,
Is Frozen,مجمدة,
Is Fully Depreciated,هل هو مهلك بالكامل,
Is Group Warehouse,هل هو مستودع مجموعة,
Is Half Day,نصف يوم,
Is Internal Customer,هو عميل داخلي,
Is Internal Supplier,هو المورد الداخلي,
Is Mandatory,إلزامي,
Is Milestone,هو معلم,
Is Old Subcontracting Flow,هل هو تدفق تعاقد من الباطن قديم,
Is Opening,هل قيد افتتاحي,
Is Opening Entry,قيد افتتاحي؟,
Is Outward,هل هو صادر,
Is Packed,معبأة,
Is Paid,مدفوع,
Is Paused,هل هو متوقف مؤقتًا,
Is Period Closing Voucher Entry,هل هو إدخال سند إقفال الفترة,
Is Phantom Item,عنصر وهمي,
Is Purchase Order Required for Purchase Invoice & Receipt Creation?,هل طلب الشراء مطلوب لإنشاء فاتورة الشراء والإيصال؟,
Is Purchase Receipt Required for Purchase Invoice Creation?,هل إيصال الشراء مطلوب لإنشاء فاتورة الشراء؟,
Is Rate Adjustment Entry (Debit Note),هل هو إدخال تعديل السعر (إشعار مدين),
Is Recursive,هل هو متكرر,
Is Rejected,هل هو مرفوض,
Is Rejected Warehouse,هل هو مستودع مرفوض,
Is Return,مرتجع؟,
Is Return (Credit Note),مرتجع (إشعار دائن)؟,
Is Return (Debit Note),مرتجع (إشعار مدين)؟,
Is Sales Order Required for Sales Invoice & Delivery Note Creation?,هل طلب المبيعات مطلوب لإنشاء فاتورة المبيعات وإشعار التسليم؟,
Is Scrap Item,هل هو صنف خردة,
Is Short/Long Year,هل هي سنة قصيرة/طويلة,
Is Stock Item,هل هو صنف مخزون,
Is Sub Assembly Item,عنصر تجميعي,
Is Subcontracted,وتعاقد من الباطن,
Is Subcontracted Item,بند متعاقد عليه من الباطن,
Is Tax Withholding Account,هل هو حساب اقتطاع الضريبة,
Is Template,هل هو قالب,
Is Transporter,هو الناقل,
Is Your Company Address,هل هو عنوان شركتك,
Is a Subscription,هو الاشتراك,
Is created using POS,هل تم إنشاؤه باستخدام نقاط البيع,
Is this Tax included in Basic Rate?,هل هذه الضريبة متضمنة في الاسعار الأساسية؟,
Issue,بلاغ,
Issue Analytics,تحليلات المشكلات,
Issue Credit Note,إصدار إشعار الائتمان,
Issue Date,تاريخ القضية,
Issue Material,قضية المواد,
Issue Priority,أولوية الإصدار,
Issue Split From,قضية الانقسام من,
Issue Summary,ملخص المشكلات,
Issue Type,نوع القضية,
Issue a debit note with 0 qty against an existing Sales Invoice,إصدار إشعار مدين بكمية 0 مقابل فاتورة مبيعات موجودة,
Issued,نشر,
Issued Items Against Work Order,البنود الصادرة ضد طلب العمل,
Issues,قضايا,
Issuing Date,تاريخ الإصدار,
It can take upto few hours for accurate stock values to be visible after merging items.,قد يستغرق ظهور قيم المخزون الدقيقة بضع ساعات بعد دمج الأصناف.,
It is needed to fetch Item Details.,هناك حاجة لجلب تفاصيل البند.,
"It's not possible to distribute charges equally when total amount is zero, please set 'Distribute Charges Based On' as 'Quantity'",لا يمكن توزيع الرسوم بالتساوي عندما يكون المبلغ الإجمالي صفرًا، يرجى تعيين 'توزيع الرسوم بناءً على' كـ 'كمية',
Italic Text,نص مائل,
Item,صنف,
Item 1,صنف رقم 1,
Item 2,صنف رقم 2,
Item 3,صنف رقم 3,
Item 4,صنف رقم 4,
Item 5,صنف رقم 5,
Item Alternative,الصنف البديل,
Item Attribute,موصفات الصنف,
Item Attribute Value,قيمة مواصفة الصنف,
Item Attribute Values,قيم سمة العنصر,
Item Balance (Simple),البند الرصيد (بسيط),
Item Barcode,باركود الصنف,
Item Cart,سلة الأصناف,
Item Code,رمز السلعة,
Item Code (Final Product),رمز الصنف (المنتج النهائي),
Item Code cannot be changed for Serial No.,لا يمكن تغيير رمز السلعة للرقم التسلسلي,
Item Code required at Row No {0},رمز العنصر المطلوب في الصف رقم {0},
Item Code: {0} is not available under warehouse {1}.,رمز العنصر: {0} غير متوفر ضمن المستودع {1}.,
Item Customer Detail,تفاصيل العميل لهذا البند,
Item Default,البند الافتراضي,
Item Defaults,البند الافتراضي,
Item Description,وصف الصنف,
Item Details,بيانات الصنف,
Item Group,مجموعة الصنف,
Item Group Defaults,افتراضيات مجموعة العناصر,
Item Group Name,اسم مجموعة السلعة,
Item Group Tree,شجرة فئات البنود,
Item Group not mentioned in item master for item {0},فئة البند غير مذكورة في ماستر البند لهذا البند {0},
Item Group wise Discount,الخصم حسب مجموعة الأصناف,
Item Groups,مجموعات السلعة,
Item Image (if not slideshow),صورة البند (إن لم يكن عرض شرائح),
Item Information,معلومات الصنف,
Item Lead Time,مدة تجهيز المنتج,
Item Locations,مواقع البند,
Item Manager,مدير الصنف,
Item Manufacturer,مادة المصنع,
Item Name,اسم السلعة,
Item Naming By,تسمية السلعة بواسطة,
Item Out of Stock,المنتج غير متوفر,
Item Price,سعر الصنف,
Item Price Settings,إعدادات سعر الصنف,
Item Price Stock,سعر صنف المخزون,
Item Price added for {0} in Price List {1},تم اضافتة سعر الصنف لـ {0} في قائمة الأسعار {1},
"Item Price appears multiple times based on Price List, Supplier/Customer, Currency, Item, Batch, UOM, Qty, and Dates.",يظهر سعر الصنف عدة مرات بناءً على قائمة الأسعار، المورد/العميل، العملة، الصنف، الدفعة، وحدة القياس، الكمية، والتواريخ.,
Item Price updated for {0} in Price List {1},سعر الصنف محدث ل{0} في قائمة الأسعار {1},
Item Prices,أسعار الصنف,
Item Quality Inspection Parameter,معلمة تفتيش جودة الصنف,
Item Reference,مرجع الصنف,
Item Reorder,البند إعادة ترتيب,
Item Row,صف العنصر,
Item Row {0}: {1} {2} does not exist in above '{1}' table,صنف الصف {0}: {1} {2} غير موجود في جدول '{1}' أعلاه,
Item Serial No,الرقم التسلسلي للصنف,
Item Shortage Report,تقرير نقص الصنف,
Item Supplier,مورد الصنف,
Item Tax,ضريبة الصنف,
Item Tax Amount Included in Value,البند ضريبة المبلغ المدرجة في القيمة,
Item Tax Rate,معدل ضريبة الصنف,
Item Tax Row {0} must have account of type Tax or Income or Expense or Chargeable,ضريبة البند يجب أن يكون الصف {0} حسابا من نوع الضريبة أو الدخل أو المصاريف أو الرسوم,
Item Tax Row {0}: Account must belong to Company - {1},صف ضريبة الصنف {0}: يجب أن ينتمي الحساب إلى الشركة - {1},
Item Tax Template,قالب الضريبة البند,
Item Tax Template Detail,البند قالب الضريبة التفاصيل,
Item To Manufacture,الصنف لتصنيع,
Item UOM,وحدة قياس الصنف,
Item Variant,متغير الصنف,
Item Variant Attribute,وصف متغير الصنف,
Item Variant Details,الصنف تفاصيل متغير,
Item Variant Settings,إعدادات متنوع السلعة,
Item Variant {0} already exists with same attributes,متغير الصنف {0} موجود بالفعل مع نفس الخصائص,
Item Variants updated,تم تحديث متغيرات العنصر,
Item Warehouse based reposting has been enabled.,تم تمكين إعادة الترحيل القائمة على مستودع الصنف.,
Item Website Specification,مواصفات الموقع الإلكتروني للصنف,
Item Weight Details,تفاصيل وزن الصنف,
Item Wise Tax Detail,تفصيل ضريبة وفقاً للصنف,
Item Wise Tax Details,تفاصيل الضرائب حسب الصنف,
Item and Warehouse,الصنف والمستودع,
Item and Warranty Details,البند والضمان تفاصيل,
Item for row {0} does not match Material Request,عنصر الصف {0} لا يتطابق مع طلب المواد,
Item has variants.,البند لديه متغيرات.,
Item is mandatory in Raw Materials table.,الصنف إلزامي في جدول المواد الخام.,
Item is removed since no serial / batch no selected.,تمت إزالة الصنف لأنه لم يتم تحديد رقم تسلسلي / دفعة.,
Item must be added using 'Get Items from Purchase Receipts' button,"الصنف يجب اضافته مستخدما مفتاح ""احصل علي الأصناف من المشتريات المستلمة """,
Item name,اسم السلعة,
Item operation,عملية الصنف,
Item qty can not be updated as raw materials are already processed.,لا يمكن تحديث كمية الصنف حيث تمت معالجة المواد الخام بالفعل.,
Item rate has been updated to zero as Allow Zero Valuation Rate is checked for item {0},تم تحديث سعر الصنف إلى صفر حيث تم تحديد السماح بمعدل تقييم صفر للصنف {0},
Item to Manufacture,الصنف المطلوب تصنيعه,
Item to be manufactured or repacked,الصنف الذي سيتم تصنيعه أو إعادة تعبئته,
Item valuation rate is recalculated considering landed cost voucher amount,يتم إعادة حساب معدل تقييم الصنف مع الأخذ في الاعتبار مبلغ سند التكلفة المستلمة,
Item valuation reposting in progress. Report might show incorrect item valuation.,إعادة ترحيل تقييم الصنف قيد التقدم. قد يعرض التقرير تقييم صنف غير صحيح.,
Item variant {0} exists with same attributes,متغير العنصر {0} موجود بنفس السمات,
Item {0} cannot be added as a sub-assembly of itself,لا يمكن إضافة الصنف {0} كتجميع فرعي لنفسه,
Item {0} cannot be ordered more than {1} against Blanket Order {2}.,لا يمكن طلب الصنف {0} بأكثر من {1} مقابل أمر الشراء الشامل {2}.,
Item {0} does not exist,العنصر {0} غير موجود,
Item {0} does not exist in the system or has expired,الصنف{0} غير موجود في النظام أو انتهت صلاحيته,
Item {0} does not exist.,العنصر {0} غير موجود,
Item {0} entered multiple times.,تم إدخال الصنف {0} عدة مرات.,
Item {0} has already been returned,تمت إرجاع الصنف{0} من قبل,
Item {0} has been disabled,الصنف{0} تم تعطيله,
Item {0} has no Serial No. Only serialized items can have delivery based on Serial No,الصنف {0} ليس له رقم تسلسلي. يمكن أن يكون التسليم بناءً على الرقم التسلسلي للأصناف ذات الأرقام التسلسلية فقط,
Item {0} has reached its end of life on {1},الصنف{0} قد وصل إلى نهاية عمره في {1},
Item {0} ignored since it is not a stock item,تم تجاهل الصنف {0} لأنه ليس بند مخزون,
Item {0} is already reserved/delivered against Sales Order {1}.,الصنف {0} محجوز/مسلم بالفعل مقابل أمر البيع {1}.,
Item {0} is cancelled,تم إلغاء العنصر {0},
Item {0} is disabled,تم تعطيل البند {0},
Item {0} is not a serialized Item,البند {0} ليس بند لديه رقم تسلسلي,
Item {0} is not a stock Item,العنصر {0} ليس عنصر مخزون,
Item {0} is not a subcontracted item,الصنف {0} ليس صنفًا متعاقدًا عليه من الباطن,
Item {0} is not active or end of life has been reached,البند {0} غير نشط أو تم التوصل إلى نهاية الحياة,
Item {0} must be a Fixed Asset Item,البند {0} يجب أن يكون بند أصول ثابتة,
Item {0} must be a Non-Stock Item,يجب أن يكون الصنف {0} صنفًا غير مخزني,
Item {0} must be a Sub-contracted Item,البند {0} يجب أن يكون عنصر التعاقد الفرعي,
Item {0} must be a non-stock item,الصنف {0} يجب ألا يكون صنف مخزن <br>Item {0} must be a non-stock item,
Item {0} not found in 'Raw Materials Supplied' table in {1} {2},لم يتم العثور على الصنف {0} في جدول 'المواد الخام الموردة' في {1} {2},
Item {0} not found.,لم يتم العثور على الصنف {0}.,
Item {0}: Ordered qty {1} cannot be less than minimum order qty {2} (defined in Item).,البند {0} الكمية المطلوبة {1} لا يمكن أن تكون أقل من الحد الأدنى للطلب {2} (المحددة في البند).,
Item {0}: {1} qty produced. ,العنصر {0}: {1} الكمية المنتجة. ,
Item {} does not exist.,الصنف {} غير موجود.,
Item-wise Price List Rate,معدل قائمة الأسعار وفقاً للصنف,
Item-wise Purchase History,الحركة التاريخية للمشتريات وفقاً للصنف,
Item-wise Purchase Register,سجل حركة المشتريات وفقاً للصنف,
Item-wise Sales History,الحركة التاريخية للمبيعات وفقاً للصنف,
Item-wise Sales Register,سجل حركة مبيعات وفقاً للصنف,
Item: {0} does not exist in the system,الصنف: {0} غير موجود في النظام,
Items & Pricing,الأصناف والتسعير,
Items Catalogue,كتالوج الأصناف,
Items Filter,تصفية الاصناف,
Items Required,العناصر المطلوبة,
Items To Be Requested,اصناف يمكن طلبه,
Items and Pricing,السلع والتسعيرات,
Items cannot be updated as Subcontracting Inward Order(s) exist against this Subcontracted Sales Order.,لا يمكن تحديث الأصناف لوجود أوامر تعاقد من الباطن واردة مقابل أمر البيع المتعاقد عليه من الباطن.,
Items cannot be updated as Subcontracting Order is created against the Purchase Order {0}.,لا يمكن تحديث الأصناف حيث تم إنشاء أمر تعاقد من الباطن مقابل أمر الشراء {0}.,
Items for Raw Material Request,عناصر لطلب المواد الخام,
Items not found.,لم يتم العثور على أصناف.,
Items rate has been updated to zero as Allow Zero Valuation Rate is checked for the following items: {0},تم تحديث سعر الأصناف إلى صفر حيث تم تحديد السماح بمعدل تقييم صفر للأصناف التالية: {0},
Items to Be Repost,الأصناف التي سيتم إعادة ترحيلها,
Items to Manufacture are required to pull the Raw Materials associated with it.,العناصر المطلوب تصنيعها لسحب المواد الخام المرتبطة بها.,
Items to Order and Receive,الأصناف المطلوب طلبها واستلامها,
Items to Reserve,الأصناف المطلوب حجزها,
Items under this warehouse will be suggested,وسيتم اقتراح العناصر الموجودة تحت هذا المستودع,
Items {0} do not exist in the Item master.,الأصناف {0} غير موجودة في بيانات الصنف الرئيسية.,
Itemwise Discount,التخفيض وفقاً للصنف,
Itemwise Recommended Reorder Level,مستوى إعادة ترتيب يوصى به وفقاً للصنف,
JAN,JAN,
Job Capacity,سعة المهمة,
Job Card,بطاقة عمل,
Job Card Analysis,تحليل بطاقة العمل,
Job Card Item,صنف بطاقة العمل,
Job Card Operation,عملية بطاقة العمل,
Job Card Scheduled Time,الوقت المجدول لبطاقة العمل,
Job Card Scrap Item,صنف خردة بطاقة العمل,
Job Card Summary,ملخص بطاقة العمل,
Job Card Time Log,سجل وقت بطاقة العمل,
Job Card and Capacity Planning,بطاقة العمل وتخطيط السعة,
Job Card {0} has been completed,اكتملت بطاقة العمل {0},
Job Cards,بطاقات العمل,
Job Paused,المهمة متوقفة مؤقتًا,
Job Started,بدأ العمل,
Job Title,المسمى الوظيفي,
Job Worker,عامل مهمة,
Job Worker Address,عنوان عامل المهمة,
Job Worker Address Details,تفاصيل عنوان عامل المهمة,
Job Worker Contact,جهة اتصال عامل المهمة,
Job Worker Currency,عملة العامل المستقل,
Job Worker Delivery Note,إذن تسليم عامل المهمة,
Job Worker Name,اسم عامل المهمة,
Job Worker Warehouse,مستودع عامل المهمة,
Job card {0} created,تم إنشاء بطاقة العمل {0},
Job: {0} has been triggered for processing failed transactions,المهمة: تم تشغيل {0} لمعالجة المعاملات الفاشلة,
Joining,الانضمام,
Joule,جول,
Joule/Meter,جول/متر,
Journal Entries,قيود اليومية,
Journal Entries {0} are un-linked,قيود اليومية {0} غير مترابطة,
Journal Entry,قيد اليومية,
Journal Entry Account,حساب قيد اليومية,
Journal Entry Template,قالب قيد اليومية,
Journal Entry Template Account,حساب قالب قيد اليومية,
Journal Entry Type,نوع قيد اليومية,
Journal Entry for Asset scrapping cannot be cancelled. Please restore the Asset.,لا يمكن إلغاء قيد اليومية لتخريد الأصل. يرجى استعادة الأصل.,
Journal Entry for Scrap,قيد دفتر يومية للتخريد,
Journal Entry type should be set as Depreciation Entry for asset depreciation,يجب تعيين نوع قيد اليومية كقيد إهلاك لإهلاك الأصول,
Journal Entry {0} does not have account {1} or already matched against other voucher,قيد دفتر اليومية {0} ليس لديه حساب {1} أو قد تم مطابقته مسبقا مع سند أخرى,
Journal entries have been created,تم إنشاء قيود اليومية,
Journals,اليوميات,
"Keep Track of Sales Campaigns. Keep track of Leads, Quotations, Sales Order etc from Campaigns to gauge Return on Investment. ",تتبع حملات المبيعات. تتبع العملاء المحتملين، عروض الأسعار، أوامر البيع، إلخ من الحملات لتقييم العائد على الاستثمار. ,
Kelvin,كلفن,
Key Reports,التقارير الرئيسية,
Kg,كجم,
Kiloampere,كيلو أمبير,
Kilocalorie,كيلو كالوري,
Kilocoulomb,كيلو كولوم,
Kilogram-Force,كيلو جرام-قوة,
Kilogram/Cubic Centimeter,كيلو جرام/سنتيمتر مكعب,
Kilogram/Cubic Meter,كيلو جرام/متر مكعب,
Kilogram/Litre,كيلو جرام/لتر,
Kilohertz,كيلو هرتز,
Kilojoule,كيلو جول,
Kilometer,كيلومتر,
Kilometer/Hour,كيلومتر/ساعة,
Kilopascal,كيلو باسكال,
Kilopond,كيلو بوند,
Kilopound-Force,كيلو رطل-قوة,
Kilowatt,كيلو واط,
Kilowatt-Hour,كيلو واط-ساعة,
Kindly cancel the Manufacturing Entries first against the work order {0}.,يرجى إلغاء قيود التصنيع أولاً مقابل أمر العمل {0}.,
Kindly select the company first,يرجى اختيار الشركة أولا,
Kip,كيب,
Knot,عقدة,
LIFO,LIFO,
Landed Cost,تكلفة الهبوط,
Landed Cost Help,هبطت التكلفة مساعدة,
Landed Cost Id,معرف تكلفة الهبوط,
Landed Cost Item,هبوط تكلفة صنف,
Landed Cost Purchase Receipt,تكاليف المشتريات المستلمة,
Landed Cost Report,تقرير تكلفة الهبوط,
Landed Cost Taxes and Charges,الضرائب التكلفة هبطت والرسوم,
Landed Cost Vendor Invoice,فاتورة المورد بتكلفة الشحن,
Landed Cost Voucher,هبطت التكلفة سند,
Landed Cost Voucher Amount,التكلفة هبطت قيمة سند,
Lapsed,ساقطا,
Large,كبير,
Last Carbon Check,آخر تحقق للكربون,
Last Communication,آخر الاتصالات,
Last Communication Date,تاريخ الاتصال الأخير,
Last Completion Date,تاريخ الانتهاء الأخير,
Last GL Entry update was done {}. This operation is not allowed while system is actively being used. Please wait for 5 minutes before retrying.,تم إجراء آخر تحديث لقيد دفتر الأستاذ العام {}. هذه العملية غير مسموح بها أثناء استخدام النظام بشكل نشط. يرجى الانتظار لمدة 5 دقائق قبل إعادة المحاولة.,
Last Integration Date,تاريخ التكامل الأخير,
Last Month Downtime Analysis,تحليل وقت التوقف في الشهر الماضي,
Last Order Amount,قيمة آخر طلب,
Last Order Date,تاريخ أخر أمر بيع,
Last Purchase Rate,آخر سعر الشراء,
Last Scanned Warehouse,آخر مستودع تم مسحه ضوئيًا,
Last Stock Transaction for item {0} under warehouse {1} was on {2}.,كانت آخر معاملة مخزون للبند {0} تحت المستودع {1} في {2}.,
Last carbon check date cannot be a future date,لا يمكن أن يكون تاريخ فحص الكربون الأخير تاريخًا مستقبلاً,
Last transacted,آخر معاملة,
Latest,اخير,
Latest Age,مرحلة متأخرة,
Latitude,خط العرض,
Lead,عميل محتمل,
Lead -> Prospect,عميل محتمل -> عميل متوقع,
Lead Conversion Time,وقت تحويل العميل المحتمل,
Lead Count,عد الزبون المحتمل,
Lead Details,تفاصيل الزبون المحتمل,
Lead Name,اسم الزبون المحتمل,
Lead Owner,مالك الزبون المحتمل,
Lead Owner Efficiency,يؤدي كفاءة المالك,
Lead Owner cannot be same as the Lead Email Address,لا يمكن أن يكون مالك العميل المحتمل هو نفسه عنوان البريد الإلكتروني للعميل المحتمل,
Lead Source,مصدر الزبون المحتمل,
Lead Time,المهلة,
Lead Time (Days),ايام القيادة),
Lead Time (in mins),المهلة (بالدقائق),
Lead Time Date,تاريخ و وقت المهلة,
Lead Time Days,المدة الزمنية بين بدء وإنهاء عملية الإنتاج,
Lead Time in days,المهلة بالايام,
Lead Type,نوع الزبون المحتمل,
Lead {0} has been added to prospect {1}.,تمت إضافة العميل المحتمل {0} إلى العميل المتوقع {1}.,
Leads,العملاء المحتملون,
"Leads help you get business, add all your contacts and more as your leads",العروض تساعدك للحصول على الأعمال التجارية،وإضافة كافة جهات الاتصال الخاصة بك والمزيد من عروضك,
"Learn about <a href=""https://docs.frappe.io/erpnext/user/manual/en/common_party_accounting"" rel=""noopener noreferrer"">Common Party</a>","تعرّف على <a href=""https://docs.frappe.io/erpnext/user/manual/en/common_party_accounting"" rel=""noopener noreferrer"">الطرف المشترك</a>",
Leave Encashed?,إجازات مصروفة نقداً؟,
"Leave blank for home.
This is relative to site URL, for example ""about"" will redirect to ""https://yoursitename.com/about""","اتركه فارغًا للصفحة الرئيسية.
هذا متعلق بعنوان URL للموقع، على سبيل المثال ""about"" سيعيد التوجيه إلى ""https://yoursitename.com/about""",
Leave blank if the Supplier is blocked indefinitely,اتركه فارغًا إذا تم حظر المورد إلى أجل غير مسمى,
Leave blank to use the standard Delivery Note format,"اتركه فارغًا لاستخدام تنسيق ""إشعار التسليم"" القياسي",
Ledger Health,سلامة دفتر الأستاذ,
Ledger Health Monitor,مراقب سلامة دفتر الأستاذ,
Ledger Health Monitor Company,شركة مراقب سلامة دفتر الأستاذ,
Ledger Merge,دمج دفتر الأستاذ,
Ledger Merge Accounts,حسابات دمج دفتر الأستاذ,
Ledger Type,نوع دفتر الأستاذ,
Ledgers,دفاتر الأستاذ,
Left Child,التابع الأيسر,
Left Index,الفهرس الأيسر,
Legacy Fields,الحقول القديمة,
Legal Entity / Subsidiary with a separate Chart of Accounts belonging to the Organization.,كيان قانوني / شركة تابعة بدليل حسابات منفصل ينتمي إلى المؤسسة.,
Legal Expenses,نفقات قانونية,
Legend,وسيلة إيضاح,
Length (cm),الطول (سم),
Less Than Amount,أقل من المبلغ,
Letter or Email Body Text,نص الرسالة أو نص البريد الإلكتروني,
Letter or Email Closing Text,نص إغلاق الرسالة أو البريد الإلكتروني,
Level (BOM),المستوى (قائمة المواد),
Lft,يسار,
Liabilities,المطلوبات,
Liability,الخصوم,
License Details,تفاصيل الترخيص,
License Number,رقم الرخصة,
License Plate,لوحة الترخيص,
Limit Crossed,الحدود تجاوزت,
Limit timeslot for Stock Reposting,تحديد الفترة الزمنية لإعادة ترحيل المخزون,
Limited to 12 characters,تقتصر على 12 حرفا,
Limits don't apply on,لا تنطبق الحدود على,
Line Reference,مرجع الخط,
Line spacing for amount in words,سطر فارغ للمبلغ بالحروف,
Link Options,خيارات الارتباط,
Link a new bank account,ربط حساب بنكي جديد,
Link existing Quality Procedure.,ربط إجراءات الجودة الحالية.,
Link to Material Request,رابط لطلب المواد,
Link to Material Requests,رابط لطلبات المواد,
Link with Customer,الربط مع العميل,
Link with Supplier,الربط مع المورد,
Linked Documents,المستندات المرتبطة,
Linked Invoices,الفواتير المرتبطة,
Linked Location,الموقع المرتبط,
Linked with submitted documents,مرتبط بالمستندات المرسلة,
Linking Failed,فشل الربط,
Linking to Customer Failed. Please try again.,فشل الربط مع العميل. يرجى المحاولة مرة أخرى.,
Linking to Supplier Failed. Please try again.,فشل الربط مع المورد. يرجى المحاولة مرة أخرى.,
List items that form the package.,قائمة اصناف التي تتشكل حزمة.,
Litre,لتر,
Litre-Atmosphere,لتر-جو,
Load All Criteria,تحميل جميع المعايير,
Loading Invoices! Please Wait...,جارٍ تحميل الفواتير! يرجى الانتظار...,
Loan,قرض,
Loan End Date,تاريخ انتهاء القرض,
Loan Period (Days),مدة القرض (بالأيام),
Loan Start Date,تاريخ بدء القرض,
Loan Start Date and Loan Period are mandatory to save the Invoice Discounting,تاريخ بدء القرض وفترة القرض إلزامية لحفظ خصم الفاتورة,
Loans (Liabilities),القروض (الخصوم),
Loans and Advances (Assets),القروض والسلفيات (الأصول),
Local,محلي,
Location Details,تفاصيل الموقع,
Location Name,اسم الموقع,
Locked,مغلق,
Log Entries,إدخالات السجل,
Log the selling and buying rate of an Item,تسجيل سعر بيع وشراء الصنف,
Logo,شعار,
Longitude,خط الطول,
Lost,مفقود,
Lost Opportunity,فرصة ضائعة,
Lost Quotation,تسعيرة خسر,
Lost Quotations,عروض الأسعار المفقودة,
Lost Quotations %,عروض الأسعار المفقودة ٪,
Lost Reason,فقد السبب,
Lost Reason Detail,تفاصيل السبب المفقود,
Lost Reasons,أسباب ضائعة,
Lost Reasons are required in case opportunity is Lost.,أسباب الفقد مطلوبة في حالة فقدان الفرصة.,
Lost Value,القيمة المفقودة,
Lost Value %,القيمة المفقودة ٪,
Lower Deduction Certificate,شهادة الاستقطاع الأدنى,
Lower Income,دخل أدنى,
Loyalty Amount,مبلغ الولاء,
Loyalty Point Entry,قيد نقاط الولاء,
Loyalty Point Entry Redemption,استبدال قيد نقاط الولاء,
Loyalty Points,نقاط الولاء,
Loyalty Points Redemption,نقاط الولاء الفداء,
"Loyalty Points will be calculated from the spent done (via the Sales Invoice), based on collection factor mentioned.",سيتم حساب نقاط الولاء من المبلغ المنفق (عبر فاتورة المبيعات)، بناءً على عامل التحصيل المذكور.,
Loyalty Points: {0},نقاط الولاء: {0},
Loyalty Program,برنامج الولاء,
Loyalty Program Collection,مجموعة برامج الولاء,
Loyalty Program Help,مساعدة برنامج الولاء,
Loyalty Program Name,اسم برنامج الولاء,
Loyalty Program Tier,مستوى برنامج الولاء,
Loyalty Program Type,نوع برنامج الولاء,
MPS,MPS,
MPS Generated,تم إنشاء MPS,
MRP Log documents are being created in the background.,يتم إنشاء مستندات سجل MRP في الخلفية.,
Machine,آلة,
Machine Type,نوع الآلة,
Machine malfunction,عطل الآلة,
Machine operator errors,أخطاء مشغل الآلة,
Main,رئيسي,
Main Cost Center,مركز التكلفة الرئيسي,
Main Cost Center {0} cannot be entered in the child table,لا يمكن إدخال مركز التكلفة الرئيسي {0} في الجدول الفرعي,
Main Item Code,رمز المنتج الرئيسي,
Maintain Asset,صيانة الأصل,
Maintain Same Rate Throughout Sales Cycle,الحفاظ على نفس معدل خلال دورة المبيعات,
Maintain Same Rate Throughout the Purchase Cycle,حافظ على نفس السعر طوال دورة الشراء,
Maintain Stock,منتج يخزن,
Maintenance,الصيانة,
Maintenance Date,تاريخ الصيانة,
Maintenance Details,تفاصيل الصيانة,
Maintenance Log,سجل الصيانة,
Maintenance Manager Name,اسم مدير الصيانة,
Maintenance Required,صيانة مطلوبة,
Maintenance Role,صلاحية الصيانة,
Maintenance Schedule,جدول الصيانة,
Maintenance Schedule Detail,تفاصيل جدول الصيانة,
Maintenance Schedule Item,جدول صيانة صنف,
Maintenance Schedule is not generated for all the items. Please click on 'Generate Schedule',"لم يتم إنشاء جدول الصيانة لجميع الاصناف. يرجى النقر على ""إنشاء الجدول الزمني""",
Maintenance Schedule {0} exists against {1},جدول الصيانة {0} موجود ضد {1},
Maintenance Schedules,جداول الصيانة,
Maintenance Status,حالة الصيانة,
Maintenance Status has to be Cancelled or Completed to Submit,يجب إلغاء حالة الصيانة أو إكمالها لإرسالها,
Maintenance Task,مهمة الصيانة,
Maintenance Tasks,مهام الصيانة,
Maintenance Team,فريق الصيانة,
Maintenance Team Member,عضو فريق الصيانة,
Maintenance Team Members,أعضاء فريق الصيانة,
Maintenance Team Name,اسم فريق الصيانة,
Maintenance Time,وقت الصيانة,
Maintenance Type,نوع الصيانة,
Maintenance Visit,زيارة صيانة,
Maintenance Visit Purpose,صيانة زيارة الغرض,
Maintenance start date can not be before delivery date for Serial No {0},تاريخ بدء الصيانة لا يمكن أن يكون قبل تاريخ التسليم للرقم التسلسلي {0},
Major/Optional Subjects,المواد الرئيسية والاختيارية التي تم دراستها,
Make,سنة الصنع,
Make Asset Movement,إنشاء حركة أصل,
Make Depreciation Entry,انشئ قيد اهلاك,
Make Difference Entry,إنشاء قيد الفرق,
Make Payment via Journal Entry,قم بالدفع عن طريق قيد دفتر اليومية,
Make Purchase / Work Order,تنفيذ أمر شراء / أمر عمل,
Make Purchase Invoice,إنشاء فاتورة شراء,
Make Quotation,إنشاء عرض أسعار,
Make Return Entry,إنشاء قيد إرجاع,
Make Sales Invoice,انشاء فاتورة المبيعات,
Make Serial No / Batch from Work Order,إنشاء رقم تسلسلي / دفعة من أمر العمل,
Make Stock Entry,إنشاء قيد مخزون,
Make Subcontracting PO,إنشاء أمر شراء تعاقد من الباطن,
Make Transfer Entry,إنشاء قيد نقل,
Make project from a template.,جعل المشروع من قالب.,
Make {0} Variant,إنشاء متغير {0},
Make {0} Variants,إنشاء متغيرات {0},
Making Journal Entries against advance accounts: {0} is not recommended. These Journals won't be available for Reconciliation.,لا يُنصح بإنشاء قيود يومية مقابل حسابات الدفعات المقدمة: {0}. لن تكون هذه اليوميات متاحة للتسوية.,
Manage,إدارة,
Manage cost of operations,إدارة تكلفة العمليات,
Manage your orders,إدارة طلباتك,
Management,الإدارة,
Manager,مدير,
Managing Director,المدير العام,
Mandatory Accounting Dimension,بعد محاسبي إلزامي,
Mandatory Field,حقل إلزامي,
Mandatory For Balance Sheet,إلزامي للميزانية العمومية,
Mandatory For Profit and Loss Account,إلزامي لحساب الربح والخسارة,
Mandatory Missing,إلزامي مفقود,
Mandatory Purchase Order,أمر شراء إلزامي,
Mandatory Purchase Receipt,إيصال الشراء الإلزامي,
Mandatory Section,قسم إلزامي,
Manual,يدوي,
Manual Inspection,فحص يدوي,
Manual entry cannot be created! Disable automatic entry for deferred accounting in accounts settings and try again,لا يمكن إنشاء الإدخال اليدوي! قم بتعطيل الإدخال التلقائي للمحاسبة المؤجلة في إعدادات الحسابات وحاول مرة أخرى,
Manufacture,صناعة,
Manufacture against Material Request,تصنيع ضد طلب مواد,
Manufactured Items Value,قيمة المنتجات المصنعة,
Manufactured Qty,الكمية المصنعة,
Manufacturer,الصانع,
Manufacturer Part Number,رقم قطعة المُصَنِّع,
Manufacturer Part Number <b>{0}</b> is invalid,رقم جزء الشركة المصنعة <b>{0}</b> غير صالح,
Manufacturers used in Items,الشركات المصنعة المستخدمة في الأصناف,
Manufacturing,التصنيع,
Manufacturing BOM,قائمة مواد التصنيع,
Manufacturing Date,تاريخ التصنيع,
Manufacturing Manager,مدير التصنيع,
Manufacturing Quantity is mandatory,كمية التصنيع إلزامية,
Manufacturing Section,قسم التصنيع,
Manufacturing Settings,إعدادات التصنيع,
Manufacturing Time,وقت التصنيع,
Manufacturing Type,نوع التصنيع,
Manufacturing User,مستخدم التصنيع,
Mapping Subcontracting Inward Order ...,رسم خرائط طلبات الشراء الداخلية للتعاقد من الباطن...,
Mapping Subcontracting Order ...,جارٍ تعيين أمر التعاقد من الباطن...,
Mapping {0} ...,جارٍ تعيين {0} ...,
Margin,هامش,
Margin Money,المال الهامش,
Margin Rate or Amount,نسبة الهامش أو المبلغ,
Margin Type,نوع الهامش,
Margin View,عرض الهامش,
Marital Status,الحالة الاجتماعية,
Mark As Closed,وضع علامة كـ مغلق,
Market Segment,سوق القطاع,
Marketing,التسويق,
Marketing Expenses,نفقات تسويقية,
Marketing Specialist,أخصائي تسويق,
Married,متزوج,
Mass Mailing,البريد الجماعي,
Master Production Schedule,جدول الإنتاج الرئيسي,
Master Production Schedule Item,بند من بنود جدول الإنتاج الرئيسي,
Masters,الرئيسية,
Material,مواد,
Material Consumption,اهلاك المواد,
Material Consumption for Manufacture,اهلاك المواد للتصنيع,
Material Consumption is not set in Manufacturing Settings.,لم يتم تعيين اهلاك المواد في إعدادات التصنيع.,
Material Issue,صرف مواد,
Material Receipt,أستلام مواد,
Material Request,طلب مواد,
Material Request Date,تاريخ طلب المادة,
Material Request Detail,المواد طلب التفاصيل,
Material Request Item,صنف المواد المطلوبة,
Material Request No,طلب مواد لا,
Material Request Plan Item,المادة طلب خطة البند,
Material Request Type,نوع طلب المواد,
"Material Request not created, as quantity for Raw Materials already available.",لم يتم إنشاء طلب المواد، ككمية للمواد الخام المتاحة بالفعل.,
Material Request of maximum {0} can be made for Item {1} against Sales Order {2},المادة يمكن طلب الحد الأقصى {0} للبند {1} من أمر المبيعات {2},
Material Request used to make this Stock Entry,طلب المواد المستخدمة لانشاء الحركة المخزنية,
Material Request {0} is cancelled or stopped,طلب المواد {0} تم إلغاؤه أو إيقافه,
Material Request {0} submitted.,تم تقديم طلب المواد {0}.,
Material Requested,المواد المطلوبة,
Material Requests,طلبات المواد,
Material Requests Required,طلبات المواد المطلوبة,
Material Requests for which Supplier Quotations are not created,طلبات المواد التي لم ينشأ لها عروض أسعار من الموردين,
Material Requirements Planning,تخطيط متطلبات المواد,
Material Requirements Planning Report,تقرير تخطيط متطلبات المواد,
Material Returned from WIP,المواد المرتجعة من الإنتاج تحت التشغيل,
Material Transfer,نقل المواد,
Material Transfer (In Transit),نقل المواد (قيد العبور),
Material Transfer for Manufacture,نقل المواد لتصنيع,
Material Transferred,نقل المواد,
Material Transferred for Manufacture,المواد المنقولة لغرض صناعة,
Material Transferred for Manufacturing,المواد المنقولة لغرض التصنيع,
Material Transferred for Subcontract,المواد المنقولة للعقود من الباطن,
Material from Customer,مواد من العميل,
Material to Supplier,مواد للمورد,
Materials are already received against the {0} {1},تم استلام المواد بالفعل مقابل {0} {1},
Materials needs to be transferred to the work in progress warehouse for the job card {0},يجب نقل المواد إلى مستودع العمل قيد التقدم لبطاقة العمل {0},
Max Amount,أقصى مبلغ,
Max Amt,ماكس امت,
Max Discount (%),الحد الأقصى للخصم (٪),
Max Grade,ماكس الصف,
Max Producible Qty,أقصى كمية قابلة للإنتاج,
Max Qty,أعلى الكمية,
Max Qty (As Per Stock UOM),الحد الأقصى للكمية (حسب وحدة قياس المخزون),
Max Sample Quantity,الحد الأقصى لعدد العينات,
Max Score,أقصى درجة,
Max discount allowed for item: {0} is {1}%,الحد الأقصى للخصم المسموح به للصنف: {0} هو {1}٪,
Max: {0},الحد الأقصى: {0},
Maximum Invoice Amount,الحد الأقصى لمبلغ الفاتورة,
Maximum Net Rate,الحد الأقصى للسعر الصافي,
Maximum Payment Amount,الحد الأقصى لمبلغ الدفع,
Maximum Samples - {0} can be retained for Batch {1} and Item {2}.,الحد الأقصى للعينات - {0} يمكن الاحتفاظ بالدفعة {1} والبند {2}.,
Maximum Samples - {0} have already been retained for Batch {1} and Item {2} in Batch {3}.,الحد الأقصى للعينات - {0} تم الاحتفاظ به مسبقا للدفعة {1} و العنصر {2} في الدفعة {3}.,
Maximum Use,الاستخدام الأقصى,
Maximum Value,القيمة القصوى,
Maximum discount for Item {0} is {1}%,الحد الأقصى للخصم للصنف {0} هو {1}٪,
Maximum quantity scanned for item {0}.,تم مسح الحد الأقصى للكمية للصنف {0}.,
Maximum sample quantity that can be retained,الحد الأقصى لعدد العينات التي يمكن الاحتفاظ بها,
Megacoulomb,ميجا كولوم,
Megagram/Litre,ميجا جرام/لتر,
Megahertz,ميجا هرتز,
Megajoule,ميجا جول,
Megawatt,ميجا واط,
Mention Valuation Rate in the Item master.,اذكر معدل التقييم في مدير السلعة.,
Mention if non-standard Receivable account,اذكر إذا كان حساب القبض غير قياسي,
Mention if non-standard payable account,أذكر إذا كان الحساب غير القياسي مستحق الدفع,
Mention if non-standard receivable account applicable,أذكر إذا كان حساب المدينين المطبق ليس حساب المدينين الافتراضي,
Merge,دمج,
Merge Account,دمج الحساب,
Merge Invoices Based On,دمج الفواتير بناءً على,
Merge Progress,تقدم الدمج,
Merge Similar Account Heads,دمج رؤوس الحسابات المتشابهة,
Merge taxes from multiple documents,دمج الضرائب من مستندات متعددة,
Merge with Existing Account,دمج مع حساب موجود,
Merged,مدمج,
"Merging is only possible if following properties are same in both records. Is Group, Root Type, Company and Account Currency",الدمج ممكن فقط إذا كانت الخصائص التالية متماثلة في كلا السجلين. هل هو مجموعة، نوع الجذر، الشركة وعملة الحساب,
Merging {0} of {1},دمج {0} من {1},
Message for Supplier,رسالة لمزود,
Message to show,رسالة للإظهار,
Message will be sent to the users to get their status on the Project,سيتم إرسال رسالة إلى المستخدمين للحصول على حالتهم في المشروع,
Messages greater than 160 characters will be split into multiple messages,سيتم تقسيم الرسائل التي تزيد عن 160 حرفا إلى رسائل متعددة,
Messaging CRM Campagin,حملة CRM للمراسلة,
Meter,متر,
Meter Of Water,متر ماء,
Meter/Second,متر/ثانية,
Microbar,ميكروبار,
Microgram,ميكروجرام,
Microgram/Litre,ميكروجرام/لتر,
Micrometer,ميكرومتر,
Microsecond,ميكروثانية,
Middle Income,الدخل المتوسط,
Mile,ميل,
Mile (Nautical),ميل (بحري),
Mile/Hour,ميل/ساعة,
Mile/Minute,ميل/دقيقة,
Mile/Second,ميل/ثانية,
Milibar,مليبار,
Milliampere,مللي أمبير,
Millicoulomb,مللي كولوم,
Milligram,ملليجرام,
Milligram/Cubic Centimeter,ملليجرام/سنتيمتر مكعب,
Milligram/Cubic Meter,ملليجرام/متر مكعب,
Milligram/Cubic Millimeter,ملليجرام/ملليمتر مكعب,
Milligram/Litre,ملليجرام/لتر,
Millihertz,مللي هرتز,
Millilitre,ملليلتر,
Millimeter,ملليمتر,
Millimeter Of Mercury,ملليمتر زئبق,
Millimeter Of Water,ملليمتر ماء,
Millisecond,مللي ثانية,
Min Amount,الحد الأدنى للمبلغ,
Min Amt,مين امت,
Min Amt can not be greater than Max Amt,مين آمت لا يمكن أن يكون أكبر من ماكس آمت,
Min Grade,دقيقة الصف,
Min Order Qty,أقل كمية للطلب,
Min Qty,الحد الأدنى من الكمية,
Min Qty (As Per Stock UOM),أقل كمية (حسب وحدة قياس المخزون),
Min Qty can not be greater than Max Qty,الكمية الادنى لايمكن ان تكون اكبر من الكمية الاعلى,
Min Qty should be greater than Recurse Over Qty,يجب أن تكون الكمية الدنيا أكبر من الكمية المتكررة,
Minimum Invoice Amount,الحد الأدنى للمبلغ الفاتورة,
Minimum Lead Age (Days),الحد الأدنى لعمر الزبون المحتمل (أيام),
Minimum Net Rate,أدنى سعر صافي,
Minimum Order Qty,الحد الأدنى لطلب الكمية,
Minimum Order Quantity,أقل كمية ممكن طلبها,
Minimum Payment Amount,أقل مبلغ للدفع,
Minimum Qty,الكمية الدنيا,
Minimum Total Spent,الحد الأدنى لإجمالي الإنفاق,
Minimum Value,الحد الأدنى,
Minimum quantity should be as per Stock UOM,يجب أن تكون الكمية الأدنى حسب مخزون UOM,
Minute,دقيقة,
Minutes,الدقائق,
Miscellaneous,متنوعات,
Miscellaneous Expenses,نفقات متنوعة,
Mismatch,عدم تطابق,
Missing,مفقود,
Missing Account,حساب مفقود,
Missing Asset,أصل مفقود,
Missing Cost Center,مركز تكلفة مفقود,
Missing Default in Company,الافتراضي مفقود في الشركة,
Missing Filters,فلاتر مفقودة,
Missing Finance Book,دفتر مالي مفقود,
Missing Finished Good,منتج نهائي مفقود,
Missing Formula,صيغة مفقودة,
Missing Item,صنف مفقود,
Missing Payments App,تطبيق المدفوعات مفقود,
Missing Serial No Bundle,حزمة الرقم التسلسلي مفقودة,
Missing email template for dispatch. Please set one in Delivery Settings.,قالب بريد إلكتروني مفقود للإرسال. يرجى ضبط واحد في إعدادات التسليم.,
Missing value,قيمة مفقودة,
Mixed Conditions,ظروف مختلطة,
Mobile: ,المحمول: ,
Mode Of Payment,طريقة الدفع,
Mode of Payment,طريقة الدفع,
Mode of Payment Account,طريقة حساب الدفع,
Mode of Payments,طريقة الدفع,
Model,الموديل,
Modes of Payment,طرق الدفع,
Modified By,عدل من قبل,
Modified On,تاريخ التعديل,
Monitor Progress,التقدم المرئى,
Monitor for Last 'X' days,مراقبة لآخر 'X' أيام,
Monitoring Frequency,مراقبة التردد,
Month(s) after the end of the invoice month,شهر (أشهر) بعد نهاية شهر الفاتورة,
Monthly Completed Work Orders,أوامر العمل المكتملة شهريًا,
Monthly Distribution,التوزيع الشهري,
Monthly Distribution Percentage,النسبة المئوية للتوزيع الشهري,
Monthly Distribution Percentages,النسب المئوية للتوزيع الشهري,
Monthly Quality Inspections,فحوصات الجودة الشهرية,
Monthly Rate,المعدل الشهري,
Monthly Sales Target,هدف المبيعات الشهرية,
Monthly Total Work Orders,إجمالي أوامر العمل الشهرية,
Months,الشهور,
More/Less than 12 months.,أكثر/أقل من 12 شهرًا.,
Motion Picture & Video,الأفلام والفيديو,
Move Item,حرك بند,
Move Stock,نقل المخزون,
Move to Cart,نقل إلى السلة,
Movement,الحركة,
Moving Average,المتوسط المتحرك,
Moving up in tree ...,الانتقال لأعلى في الشجرة...,
Multi Currency,متعدد العملات,
Multi-level BOM Creator,منشئ قائمة مواد متعدد المستويات,
Multiple Loyalty Programs found for Customer {}. Please select manually.,تم العثور على برامج ولاء متعددة للعميل {}. يرجى التحديد يدويًا.,
Multiple POS Opening Entry,قيود افتتاح متعددة لنقطة البيع,
"Multiple Price Rules exists with same criteria, please resolve conflict by assigning priority. Price Rules: {0}",توجد قواعد أسعار متعددة بنفس المعايير، يرجى حل النزاع عن طريق تعيين الأولوية. قاعدة السعر: {0},
Multiple Tier Program,برنامج متعدد الطبقات,
Multiple Variants,متغيرات متعددة,
Multiple Warehouse Accounts,حسابات مستودعات متعددة,
Multiple company fields available: {0}. Please select manually.,تتوفر حقول شركة متعددة: {0}. يرجى التحديد يدويًا.,
Multiple fiscal years exist for the date {0}. Please set company in Fiscal Year,يوجد سنوات مالية متعددة لنفس التاريخ {0}. الرجاء تحديد الشركة لهذه السنة المالية,
Multiple items cannot be marked as finished item,لا يمكن تمييز عدة أصناف كصنف تام الصنع,
Music,الموسيقى,
Must be Whole Number,يجب أن يكون عدد صحيح,
Must be a publicly accessible Google Sheets URL and adding Bank Account column is necessary for importing via Google Sheets,يجب أن يكون عنوان URL لـ Google Sheets متاحًا للعامة، كما أن إضافة عمود حساب البنك ضروري للاستيراد عبر Google Sheets,
Mute Email,كتم البريد الإلكتروني,
N/A,N / A,
Name and Employee ID,الاسم والرقم الوظيفي,
Name of Beneficiary,اسم المستفيد,
Name of new Account. Note: Please don't create accounts for Customers and Suppliers,اسم الحساب الجديد. ملاحظة: الرجاء عدم إنشاء حسابات للزبائن والموردين,
Name of the Monthly Distribution,اسم التوزيع الشهري,
Named Place,المكان المسمى,
Naming Series Prefix,بادئة سلسلة التسمية,
Naming Series and Price Defaults,تسلسل التسمية والأسعار الافتراضية,
Naming Series is mandatory,تسلسل التسمية إلزامي,
Nanocoulomb,نانو كولوم,
Nanogram/Litre,نانوجرام/لتر,
Nanohertz,نانو هرتز,
Nanometer,نانومتر,
Nanosecond,نانو ثانية,
Natural Gas,غاز طبيعي,
Needs Analysis,تحليل الاحتياجات,
Negative Quantity is not allowed,الكمية السلبية غير مسموح بها,
Negative Stock Error,خطأ في المخزون السالب,
Negative Valuation Rate is not allowed,معدل التقييم السلبي غير مسموح به,
Negotiation/Review,التفاوض / مراجعة,
Net Amount,صافي القيمة,
Net Amount (Company Currency),صافي المبلغ ( بعملة الشركة ),
Net Asset value as on,صافي قيمة الأصول كما في,
Net Cash from Financing,صافي النقد من التمويل,
Net Cash from Investing,صافي النقد من الاستثمار,
Net Cash from Operations,صافي النقد من العمليات,
Net Change in Accounts Payable,صافي التغير في الحسابات الدائنة,
Net Change in Accounts Receivable,صافي التغير في الحسابات المدينة,
Net Change in Cash,صافي التغير في النقد,
Net Change in Equity,صافي التغير في حقوق الملكية,
Net Change in Fixed Asset,صافي التغير في الأصول الثابتة,
Net Change in Inventory,صافي التغير في المخزون,
Net Hour Rate,صافي سعر الساعة,
Net Profit,صافي الربح,
Net Profit Ratio,نسبة صافي الربح,
Net Profit/Loss,صافي الربح (الخسارة,
Net Purchase Amount,صافي مبلغ الشراء,
Net Purchase Amount is mandatory,مبلغ الشراء الصافي إلزامي,
Net Purchase Amount should be <b>equal</b> to purchase amount of one single Asset.,يجب أن يكون صافي مبلغ الشراء <b>مساوياً</b> لمبلغ شراء أصل واحد.,
Net Purchase Amount {0} cannot be depreciated over {1} cycles.,لا يمكن استهلاك صافي مبلغ الشراء {0} على مدى {1} دورة.,
Net Rate,صافي معدل,
Net Rate (Company Currency),صافي السعر ( بعملة الشركة ),
Net Total,صافي المجموع,
Net Total (Company Currency),صافي الأجمالي ( بعملة الشركة ),
Net Weight,الوزن الصافي,
Net Weight UOM,الوزن الصافي لوحدة القياس,
Net total calculation precision loss,فقدان دقة حساب الإجمالي الصافي,
New Account Name,اسم الحساب الجديد,
New Asset Value,قيمة الأصول الجديدة,
New Assets (This Year),الأصول الجديدة (هذا العام),
New BOM,قائمة مواد جديدة,
New Balance In Account Currency,الرصيد الجديد بعملة الحساب,
New Balance In Base Currency,توازن جديد بالعملة الأساسية,
New Batch ID (Optional),معرف الدفعة الجديد (اختياري),
New Batch Qty,جديد دفعة الكمية,
New Company,شركة جديدة,
New Cost Center Name,اسم مركز تكلفة جديد,
New Customer Revenue,ايرادات الزبائن الجدد,
New Customers,العملاء الجدد,
New Department,القسم الجديدة,
New Employee,موظف جديد,
New Exchange Rate,سعر صرف جديد,
New Expenses,مصاريف او نفقات جديدة,
New Income,دخل جديد,
New Invoice,فاتورة جديدة,
New Location,موقع جديد,
New Note,ملاحظة جديدة,
New Opportunity (Last 1 Month),فرصة جديدة (آخر شهر),
New Purchase Invoice,فاتورة شراء جديدة,
New Purchase Orders,أوامر شراء جديدة,
New Quality Procedure,إجراءات الجودة الجديدة,
New Quotations,عرض مسعر جديد,
New Sales Invoice,فاتورة مبيعات جديدة,
New Sales Orders,طلب مبيعات جديد,
New Sales Person Name,اسم شخص المبيعات الجديد,
New Serial No cannot have Warehouse. Warehouse must be set by Stock Entry or Purchase Receipt,المسلسل الجديد غير ممكن للمستودع. يجب ان يكون المستودع مجهز من حركة المخزون او المشتريات المستلمة,
New Task,مهمة جديدة,
New Version,إصدار جديد,
New Warehouse Name,اسم المخزن الجديد,
New Workplace,مكان العمل الجديد,
New credit limit is less than current outstanding amount for the customer. Credit limit has to be atleast {0},حد الائتمان الجديد أقل من المبلغ المستحق الحالي للعميل. حد الائتمان يجب أن يكون على الأقل {0},
New fiscal year created :- ,تم إنشاء سنة مالية جديدة:- ,
New invoices will be generated as per schedule even if current invoices are unpaid or past due date,سيتم إنشاء فواتير جديدة وفقًا للجدول الزمني حتى إذا كانت الفواتير الحالية غير مدفوعة أو تجاوز تاريخ الاستحقاق,
New release date should be in the future,يجب أن يكون تاريخ الإصدار الجديد في المستقبل,
New revised budget created successfully,تم إعداد الميزانية الجديدة المعدلة بنجاح,
New task,مهمة جديدة,
New {0} pricing rules are created,يتم إنشاء قواعد تسعير جديدة {0},
Newspaper Publishers,ناشرو الصحف,
Newton,نيوتن,
Next Depreciation Date,تاريخ االاستهالك التالي,
Next Due Date,موعد الاستحقاق التالي,
Next email will be sent on:,سيتم إرسال البريد الإلكترونية التالي في:,
No Account matched these filters: {},لا يوجد حساب مطابق لهذه الفلاتر: {},
No Action,لا رد فعل,
No Answer,لا يوجد رد,
No Customer found for Inter Company Transactions which represents company {0},لم يتم العثور على زبون للمعاملات بين الشركات التي تمثل الشركة {0},
No Customers found with selected options.,لم يتم العثور على عملاء بالخيارات المحددة.,
No Delivery Note selected for Customer {},لم يتم تحديد إشعار التسليم للعميل {},
No Impact on Accounting Ledger,لا يوجد تأثير على دفتر الأستاذ المحاسبي,
No Item with Barcode {0},أي عنصر مع الباركود {0},
No Item with Serial No {0},أي عنصر مع المسلسل لا {0},
No Items selected for transfer.,لم يتم اختيار أصناف للنقل.,
No Items with Bill of Materials to Manufacture or all items already manufactured,لا توجد أصناف لها قائمة مواد للتصنيع أو أن جميع الأصناف مصنّعة بالفعل,
No Items with Bill of Materials.,لا توجد عناصر مع جدول المواد.,
No Matching Bank Transactions Found,لم يتم العثور على معاملات بنكية مطابقة,
No Notes,لا توجد ملاحظات,
No Outstanding Invoices found for this party,لم يتم العثور على فواتير مستحقة لهذا الطرف,
No POS Profile found. Please create a New POS Profile first,لم يتم العثور على ملف تعريف نقطة بيع. يرجى إنشاء ملف تعريف نقطة بيع جديد أولاً,
No Permission,لا يوجد تصريح,
No Purchase Orders were created,لم يتم إنشاء أي أوامر شراء,
No Records for these settings.,لا توجد سجلات لهذه الإعدادات.,
No Remarks,لا ملاحظات,
No Selection,لم يتم التحديد,
No Serial / Batches are available for return,لا توجد أرقام تسلسلية / دفعات متاحة للإرجاع,
No Stock Available Currently,لا يوجد مخزون متوفر حاليًا,
No Summary,لا يوجد ملخص,
No Supplier found for Inter Company Transactions which represents company {0},لم يتم العثور على مورد للمعاملات بين الشركات التي تمثل الشركة {0},
No Tax Withholding data found for the current posting date.,لم يتم العثور على بيانات خصم ضريبي لتاريخ الترحيل الحالي.,
No Terms,لا توجد شروط,
No Unreconciled Invoices and Payments found for this party and account,لم يتم العثور على فواتير ومدفوعات غير مسواة لهذا الطرف والحساب,
No Unreconciled Payments found for this party,لم يتم العثور على مدفوعات غير مسواة لهذا الطرف,
No Work Orders were created,لم يتم إنشاء أوامر عمل,
No accounting entries for the following warehouses,لا القيود المحاسبية للمستودعات التالية,
No active BOM found for item {0}. Delivery by Serial No cannot be ensured,لم يتم العثور على BOM نشط للعنصر {0}. لا يمكن ضمان التسليم عن طريق الرقم التسلسلي,
No additional fields available,لا توجد حقول إضافية متاحة,
No available quantity to reserve for item {0} in warehouse {1},لا توجد كمية متاحة للحجز للصنف {0} في المستودع {1},
No billing email found for customer: {0},لم يتم العثور على بريد إلكتروني للفوترة للعميل: {0},
No contacts with email IDs found.,لم يتم العثور على جهات اتصال مع معرفات البريد الإلكتروني.,
No data for this period,لا بيانات لهذه الفترة,
No data found. Seems like you uploaded a blank file,لم يتم العثور على بيانات. يبدو أنك قمت بتحميل ملف فارغ,
No description given,لم يتم اعطاء وصف,
No email found for {0} {1},لم يتم العثور على بريد إلكتروني لـ {0} {1},
No employee was scheduled for call popup,لم يتم جدولة أي موظف لنافذة الاتصال المنبثقة,
No item available for transfer.,لا يوجد صنف متاح للنقل.,
No items are available in sales orders {0} for production,لا توجد أصناف متاحة في أوامر البيع {0} للإنتاج,
No items are available in the sales order {0} for production,لا توجد أصناف متاحة في أمر البيع {0} للإنتاج,
No items found. Scan barcode again.,لم يتم العثور على العناصر. امسح الباركود ضوئيًا مرة أخرى.,
No items in cart,لا توجد أصناف في السلة,
No matches occurred via auto reconciliation,لم تحدث أي تطابقات عبر التسوية التلقائية,
No material request created,لم يتم إنشاء طلب مادي,
No more children on Left,لا يوجد المزيد من العناصر التابعة على اليسار,
No more children on Right,لا يوجد المزيد من العناصر التابعة على اليمين,
No of Deliveries,عدد عمليات التسليم,
No of Docs,عدد المستندات,
No of Employees,عدد الموظفين,
No of Interactions,لا من التفاعلات,
No of Months (Expense),عدد الأشهر (مصروف),
No of Months (Revenue),عدد الأشهر (إيراد),
No of Shares,عدد األسهم,
No of Shift,عدد الورديات,
No of Units Produced,عدد الوحدات المنتجة,
No of Visits,لا الزيارات,
No of Workstations,عدد محطات العمل,
No open Material Requests found for the given criteria.,لم يتم العثور على أي طلبات مواد مفتوحة وفقًا للمعايير المحددة.,
No open POS Opening Entry found for POS Profile {0}.,لم يتم العثور على قيد افتتاح نقطة بيع مفتوح لملف تعريف نقطة البيع {0}.,
No open event,لا يوجد حدث مفتوح,
No open task,لا توجد مهمة مفتوحة,
No outstanding invoices found,لم يتم العثور على فواتير معلقة,
No outstanding invoices require exchange rate revaluation,لا تتطلب الفواتير المستحقة إعادة تقييم سعر الصرف,
No outstanding {0} found for the {1} {2} which qualify the filters you have specified.,لم يتم العثور على {0} مستحق لـ {1} {2} يتوافق مع المعايير التي حددتها.,
No pending Material Requests found to link for the given items.,لم يتم العثور على طلبات المواد المعلقة للربط للعناصر المحددة.,
No primary email found for customer: {0},لم يتم العثور على بريد إلكتروني رئيسي للعميل: {0},
No products found.,لم يتم العثور على منتجات.,
No recent transactions found,لم يتم العثور على معاملات حديثة,
No recipients found for campaign {0},لم يتم العثور على مستلمين للحملة {0},
No record found,لم يتم العثور على أي سجل,
No records found in Allocation table,لم يتم العثور على سجلات في جدول التخصيص,
No records found in the Invoices table,لم يتم العثور على سجلات في جدول الفواتير,
No records found in the Payments table,لم يتم العثور على سجلات في جدول المدفوعات,
No reserved stock to unreserve.,لا يوجد مخزون محجوز لإلغاء الحجز.,
No stock ledger entries were created. Please set the quantity or valuation rate for the items properly and try again.,لم يتم إنشاء قيود دفتر الأستاذ للمخزون. يرجى تعيين الكمية أو معدل التقييم للأصناف بشكل صحيح وحاول مرة أخرى.,
No stock transactions can be created or modified before this date.,لا يمكن إنشاء أو تعديل أي معاملات مخزون قبل هذا التاريخ.,
No values,لا توجد قيم,
No {0} found for Inter Company Transactions.,لم يتم العثور على {0} معاملات Inter Company.,
No.,لا.,
No. of Employees,عدد الموظفين,
No. of parallel job cards which can be allowed on this workstation. Example: 2 would mean this workstation can process production for two Work Orders at a time.,عدد بطاقات العمل المتوازية التي يمكن السماح بها في محطة العمل هذه. مثال: 2 يعني أن محطة العمل هذه يمكنها معالجة الإنتاج لأمري عمل في نفس الوقت.,
Non Completed Tasks,المهام غير المكتملة,
Non Conformance,غير مطابقة,
Non Depreciable Category,فئة غير قابلة للإهلاك,
Non Profit,غير ربحية,
Non stock items,أصناف غير مخزنية,
Non-Current Liabilities,الالتزامات غير المتداولة,
Non-Zeros,غير صفري,
None of the items have any change in quantity or value.,لا يوجد أي من البنود لديها أي تغيير في كمية أو قيمة.,
Nos,أعداد,
Not Applicable,لا ينطبق,
Not Available,غير متوفرة,
Not Billed,لا صفت,
Not Delivered,ولا يتم توريدها,
Not Initiated,لم تبدأ,
Not Requested,غير مطلوب,
Not Specified,غير محدد,
Not Started,لم تبدأ,
Not allow to set alternative item for the item {0},لا تسمح بتعيين عنصر بديل للعنصر {0},
Not allowed to create accounting dimension for {0},غير مسموح بإنشاء بعد محاسبي لـ {0},
Not allowed to update stock transactions older than {0},غير مسموح بتحديث الحركات المخزنية الأقدم من {0},
Not authorized since {0} exceeds limits,غير مصرح به لأن {0} يتجاوز الحدود,
Not authorized to edit frozen Account {0},غير مصرح له بتحرير الحساب المجمد {0},
Not in Stock,غير متوفر في المخزون,
Not in stock,غير متوفر في المخزون,
Not permitted to make Purchase Orders,غير مسموح له بتقديم طلبات شراء,
Note: Automatic log deletion only applies to logs of type <i>Update Cost</i>,ملاحظة: الحذف التلقائي للسجلات ينطبق فقط على السجلات من نوع <i>تحديث التكلفة</i>,
Note: Due Date exceeds allowed {0} credit days by {1} day(s),ملاحظة: تاريخ الاستحقاق يتجاوز أيام الائتمان المسموح بها {0} بمقدار {1} يوم (أيام),
Note: Email will not be sent to disabled users,ملاحظة: لن يتم إرسال الايميل إلى المستخدم الغير نشط,
"Note: If you want to use the finished good {0} as a raw material, then enable the 'Do Not Explode' checkbox in the Items table against the same raw material.",ملاحظة: إذا كنت ترغب في استخدام المنتج النهائي {0} كمادة خام، فقم بتمكين خانة اختيار 'عدم التفجير' في جدول الأصناف مقابل نفس المادة الخام.,
Note: Item {0} added multiple times,ملاحظة: تمت إضافة العنصر {0} عدة مرات,
Note: Payment Entry will not be created since 'Cash or Bank Account' was not specified,"ملاحظة: لن يتم إنشاء قيد الدفع نظرا لأن "" حساب النقد او المصرف"" لم يتم تحديده",
Note: This Cost Center is a Group. Cannot make accounting entries against groups.,ملاحظة: مركز التكلفة هذا هو مجموعة. لا يمكن إجراء القيود المحاسبية مقابل المجموعات.,
"Note: To merge the items, create a separate Stock Reconciliation for the old item {0}",ملاحظة: لدمج الأصناف، قم بإنشاء تسوية مخزون منفصلة للصنف القديم {0},
Note: {0},ملاحظة : {0},
Notes,ملاحظات,
Notes HTML,ملاحظات HTML,
Notes: ,الملاحظات: ,
Nothing is included in gross,لا شيء مدرج في الإجمالي,
Nothing more to show.,لا شيء أكثر لإظهار.,
Notice (days),إشعار (أيام),
Notify Customers via Email,إعلام العملاء عبر البريد الإلكتروني,
Notify Employee,إعلام الموظف,
Notify Other,إعلام الآخرين,
Notify Reposting Error to Role,إخطار الدور بخطأ إعادة الترحيل,
Notify Supplier,إعلام المورد,
Notify Via Email,إخطار عبر البريد الإلكتروني,
Notify by Email on Creation of Automatic Material Request,الإخطار عن طريق البريد الإلكتروني عند إنشاء طلب المواد تلقائيًا,
Notify customer and agent via email on the day of the appointment.,إخطار العميل والوكيل عبر البريد الإلكتروني في يوم الموعد.,
Number of Concurrent Appointments,عدد المواعيد المتزامنة,
Number of Days,عدد الأيام,
Number of Interaction,عدد مرات التفاعل,
Number of Order,رقم أمر البيع,
Number of days after invoice date has elapsed before canceling subscription or marking subscription as unpaid,عدد الأيام التي انقضت بعد تاريخ الفاتورة قبل إلغاء الاشتراك أو وضع علامة على الاشتراك كمبلغ غير مدفوع,
Number of days appointments can be booked in advance,عدد أيام يمكن حجز المواعيد مقدما,
Number of days that the subscriber has to pay invoices generated by this subscription,عدد الأيام التي يتعين على المشترك دفع الفواتير الناتجة عن هذا الاشتراك,
"Number of intervals for the interval field e.g if Interval is 'Days' and Billing Interval Count is 3, invoices will be generated every 3 days","عدد الفواصل الزمنية للحقل الفاصل على سبيل المثال، إذا كانت الفاصل الزمني هو ""أيام"" وعدد الفوترة للفوترة هو 3، فسيتم إنشاء الفواتير كل 3 أيام",
"Number of new Account, it will be included in the account name as a prefix",عدد الحساب الجديد، سيتم تضمينه في اسم الحساب كبادئة,
"Number of new Cost Center, it will be included in the cost center name as a prefix",عدد مركز التكلفة الجديد، سيتم إدراجه في اسم مركز التكلفة كبادئة,
Numeric,رقمي,
Numeric Inspection,فحص رقمي,
Numeric Values,قيم رقمية,
Numero has not set in the XML file,لم يتم تعيين نوميرو في ملف XML,
O+,O+,
O-,O-,
Objective,موضوعي,
Objectives,الأهداف,
Odometer Value (Last),قراءة عداد المسافات (الأخيرة),
Offer Date,تاريخ العرض,
Office Equipment,معدات مكتبية,
Office Maintenance Expenses,نفقات صيانة المكاتب,
Office Rent,ايجار مكتب,
Offsetting Account,حساب المقاصة,
Offsetting for Accounting Dimension,مقاصة لبُعد المحاسبة,
Old Parent,الحساب الأب السابق,
Oldest Of Invoice Or Advance,الأقدم من الفاتورة أو الدفعة المقدمة,
On Hand,متوفر,
On Hold Since,معلق منذ,
On Item Quantity,على كمية البند,
On Net Total,على صافي الاجمالي,
On Paid Amount,على المبلغ المدفوع,
On Previous Row Amount,على المبلغ الصف السابق,
On Previous Row Total,على إجمالي الصف السابق,
On This Date,في هذا التاريخ,
On Track,في المسار الصحيح,
On enabling this cancellation entries will be posted on the actual cancellation date and reports will consider cancelled entries as well,عند تمكين هذا، سيتم ترحيل قيود الإلغاء في تاريخ الإلغاء الفعلي وستأخذ التقارير في الاعتبار القيود الملغاة أيضًا,
"On expanding a row in the Items to Manufacture table, you'll see an option to 'Include Exploded Items'. Ticking this includes raw materials of the sub-assembly items in the production process.",عند توسيع صف في جدول الأصناف المراد تصنيعها، سترى خيارًا لـ 'تضمين الأصناف المفجرة'. يؤدي تحديد هذا الخيار إلى تضمين المواد الخام لأصناف التجميع الفرعي في عملية الإنتاج.,
"On submission of the stock transaction, system will auto create the Serial and Batch Bundle based on the Serial No / Batch fields.",عند إرسال معاملة المخزون، سيقوم النظام تلقائيًا بإنشاء حزمة الرقم التسلسلي والدفعة بناءً على حقول الرقم التسلسلي / الدفعة.,
On-machine press checks,الشيكات الصحفية على الجهاز,
"Once set, this invoice will be on hold till the set date",بمجرد تعيينها، ستكون هذه الفاتورة قيد الانتظار حتى التاريخ المحدد,
Once the Work Order is Closed. It can't be resumed.,بمجرد إغلاق أمر العمل، لا يمكن استئنافه.,
One customer can be part of only single Loyalty Program.,يمكن للعميل الواحد أن يكون جزءًا من برنامج ولاء واحد فقط.,
Ongoing,جارٍ,
Ongoing Job Cards,بطاقات العمل الجارية,
Online Auctions,المزادات عبر الإنترنت,
Only 'Payment Entries' made against this advance account are supported.,يتم دعم 'قيود الدفع' التي تتم مقابل حساب الدفعة المقدمة هذا فقط.,
Only CSV and Excel files can be used to for importing data. Please check the file format you are trying to upload,يمكن استخدام ملفات CSV و Excel فقط لاستيراد البيانات. يرجى التحقق من تنسيق الملف الذي تحاول تحميله,
Only Deduct Tax On Excess Amount ,خصم الضريبة على المبلغ الزائد فقط ,
Only Include Allocated Payments,تضمين المدفوعات المخصصة فقط,
Only Parent can be of type {0},يمكن أن يكون الأصل فقط من النوع {0},
Only Value available for Payment Entry,القيمة المتاحة فقط لقيد الدفع,
Only applies for Normal Payments,ينطبق فقط على المدفوعات العادية,
Only existing assets,الأصول الموجودة فقط,
Only leaf nodes are allowed in transaction,المصنف ليس مجموعة فقط مسموح به في المعاملات,
Only one {0} entry can be created against the Work Order {1},يمكن إنشاء قيد {0} واحد فقط مقابل أمر العمل {1},
Only show Customer of these Customer Groups,أظهر فقط عميل مجموعات العملاء هذه,
Only show Items from these Item Groups,فقط عرض العناصر من مجموعات العناصر هذه,
Only to be used for Subcontracting Inward.,مخصص للاستخدام في التعاقد من الباطن فقط.,
"Only values between [0,1) are allowed. Like {0.00, 0.04, 0.09, ...}
Ex: If allowance is set at 0.07, accounts that have balance of 0.07 in either of the currencies will be considered as zero balance account","يُسمح فقط بالقيم بين [0،1). مثل {0.00، 0.04، 0.09، ...}
مثال: إذا تم تعيين المخصص عند 0.07، فسيتم اعتبار الحسابات التي يبلغ رصيدها 0.07 في أي من العملات كحساب رصيد صفري",
Only {0} are supported,يتم دعم {0} فقط,
Open Activities HTML,HTML الأنشطة المفتوحة,
Open BOM {0},فتح قائمة المواد {0},
Open Call Log,فتح سجل المكالمات,
Open Contact,فتح الاتصال,
Open Event,فتح الحدث,
Open Events,فتح الأحداث,
Open Form View,افتح طريقة عرض النموذج,
Open Issues,القضايا المفتوحة,
Open Issues ,القضايا المفتوحة ,
Open Item {0},فتح الصنف {0},
Open Notifications,فتح الإشعارات,
Open Orders,الطلبات المفتوحة,
Open Projects,فتح المشاريع,
Open Projects ,مشاريع مفتوحة ,
Open Quotations,عروض الأسعار المفتوحة,
Open Sales Orders,أوامر البيع المفتوحة,
Open Task,فتح المهمة,
Open Tasks,فتح المهام,
Open To Do,افتح To Do,
Open To Do ,فتح قائمة المهام ,
Open Work Order {0},فتح أمر العمل {0},
Open Work Orders,فتح أوامر العمل,
Open a new ticket,افتح تذكرة جديدة,
Opening,افتتاحي,
Opening & Closing,الافتتاح والإغلاق,
Opening (Cr),افتتاحي (دائن),
Opening (Dr),افتتاحي (مدين),
Opening Accumulated Depreciation,الاهلاك التراكمي الافتتاحي,
Opening Amount,مبلغ الافتتاح,
Opening Balance,الرصيد الافتتاحي,
Opening Balance Details,تفاصيل الرصيد الافتتاحي,
Opening Balance Equity,الرصيد الافتتاحي لحقوق الملكية,
Opening Balances,الأرصدة الافتتاحية,
Opening Date,تاريخ الفتح,
Opening Entry,قيد افتتاحي,
Opening Entry can not be created after Period Closing Voucher is created.,لا يمكن إنشاء قيد افتتاحي بعد إنشاء سند إغلاق الفترة.,
Opening Invoice Creation In Progress,جاري إنشاء الفاتورة الافتتاحية,
Opening Invoice Creation Tool,أداة إنشاء فاتورة افتتاحية,
Opening Invoice Creation Tool Item,أداة إنشاء فاتورة بند افتتاحية,
Opening Invoice Item,فتح الفاتورة البند,
"Opening Invoice has rounding adjustment of {0}.<br><br> '{1}' account is required to post these values. Please set it in Company: {2}.<br><br> Or, '{3}' can be enabled to not post any rounding adjustment.",الفاتورة الافتتاحية لديها تسوية تقريب بقيمة {0}.<br><br> الحساب '{1}' مطلوب لترحيل هذه القيم. يرجى تعيينه في الشركة: {2}.<br><br> أو، يمكن تمكين '{3}' لعدم ترحيل أي تسوية تقريب.,
Opening Invoices,الفواتير الافتتاحية,
Opening Invoices Summary,ملخص الفواتير الافتتاحية,
Opening Number of Booked Depreciations,العدد الافتتاحي للإهلاكات المسجلة,
Opening Purchase Invoices have been created.,تم إنشاء فواتير الشراء الافتتاحية.,
Opening Qty,الكمية الافتتاحية,
Opening Sales Invoices have been created.,تم إنشاء فواتير البيع الافتتاحية.,
Opening Stock,مخزون أول المدة,
Opening Time,يفتح من الساعة,
Opening Value,القيمة الافتتاحية,
Opening and Closing,افتتاح واختتام,
Operating Component,مكون التشغيل,
Operating Components Cost,تكلفة مكونات التشغيل,
Operating Cost,تكاليف التشغيل,
Operating Cost (Company Currency),تكاليف التشغيل (عملة الشركة),
Operating Cost Per BOM Quantity,تكلفة التشغيل لكل كمية قائمة مواد,
Operating Cost as per Work Order / BOM,تكلفة التشغيل حسب أمر العمل / BOM,
Operating Cost(Company Currency),تكاليف التشغيل (عملة الشركة),
Operating Costs,تكاليف التشغيل,
Operating Costs (Per Hour),تكاليف التشغيل (للساعة الواحدة),
Operation & Materials,العملية والمواد,
Operation Cost,التكلفة العملية,
Operation Description,وصف العملية,
Operation ID,معرف العملية,
Operation Id,معرف العملية,
Operation Row ID,معرف صف العملية,
Operation Row Id,معرف صف العملية,
Operation Row Number,رقم صف العملية,
Operation Time,وقت العملية,
Operation Time must be greater than 0 for Operation {0},زمن العملية يجب أن يكون أكبر من 0 للعملية {0},
Operation completed for how many finished goods?,اكتمال عملية لكيفية العديد من السلع تامة الصنع؟,
Operation time does not depend on quantity to produce,وقت العملية لا يعتمد على الكمية المطلوب إنتاجها,
Operation {0} added multiple times in the work order {1},تمت إضافة العملية {0} عدة مرات في أمر العمل {1},
Operation {0} does not belong to the work order {1},العملية {0} لا تنتمي إلى أمر العمل {1},
"Operation {0} longer than any available working hours in workstation {1}, break down the operation into multiple operations",العملية {0} أطول من أي ساعات عمل متاحة في محطة العمل {1}، قسم العملية إلى عمليات متعددة,
Operations,العمليات,
Operations Routing,توجيه العمليات,
Operations cannot be left blank,لا يمكن ترك (العمليات) فارغة,
Operator,المشغل أو العامل,
Opp Count,أوب كونت,
Opp/Lead %,نسبة الفرص/العملاء المحتملين %,
Opportunities,الفرص,
Opportunities by Campaign,الفرص حسب الحملة,
Opportunities by Medium,الفرص حسب الوسيط,
Opportunities by Source,الفرص حسب المصدر,
Opportunity,فرصة بيع,
Opportunity Amount,مبلغ الفرصة,
Opportunity Amount (Company Currency),مبلغ الفرصة (عملة الشركة),
Opportunity Date,تاريخ الفرصة,
Opportunity From,فرصة من,
Opportunity Item,فرصة السلعة,
Opportunity Lost Reason,فرصة ضائعة السبب,
Opportunity Lost Reason Detail,فرصة سبب ضياع التفاصيل,
Opportunity Owner,مالك الفرصة,
Opportunity Source,مصدر الفرصة,
Opportunity Summary by Sales Stage,ملخص الفرص حسب مرحلة البيع,
Opportunity Summary by Sales Stage ,ملخص الفرص حسب مرحلة البيع ,
Opportunity Type,نوع الفرصة,
Opportunity Value,قيمة الفرصة,
Opportunity {0} created,تم إنشاء الفرصة {0},
Optimize Route,تحسين الطريق,
"Optional. Sets company's default currency, if not specified.",اختياري. تحديد العملة الافتراضية للشركة، إذا لم يتم تحديدها.,
Optional. This setting will be used to filter in various transactions.,اختياري. سيتم استخدام هذا الإعداد لفلترت المعاملات المختلفة.,
Order Amount,مبلغ الطلب,
Order By,ترتيب حسب,
Order Confirmation Date,تاريخ تأكيد الطلب,
Order Confirmation No,رقم تأكيد الطلب,
Order Count,عدد الطلبات,
Order Date,تاريخ الطلب,
Order Information,معلومات الطلب,
Order No,رقم الطلب,
Order Qty,الكمية النظام,
Order Status,حالة الطلب,
Order Summary,ملخص الطلب,
Order Type,نوع الطلب,
Order Value,قيمة الطلب,
Order/Quot %,نسبة الطلب/عرض السعر %,
Ordered,تم طلبه,
Ordered Qty,أمرت الكمية,
"Ordered Qty: Quantity ordered for purchase, but not received.",الكمية المطلوبة: الكمية المطلوبة للشراء، ولكن لم يتم استلامها.,
Ordered Quantity,الكمية التي تم طلبها,
Orders,أوامر,
Organization,منظمة,
Organization Name,اسم المنظمة,
Original Item,البند الأصلي,
Other Details,تفاصيل أخرى,
Other Info,معلومات أخرى,
Other Reports,تقارير أخرى,
Other Settings,اعدادات اخرى,
Others,بدلات أخرى,
Ounce,أونصة,
Ounce-Force,أونصة-قوة,
Ounce/Cubic Foot,أونصة/قدم مكعب,
Ounce/Cubic Inch,أونصة/بوصة مكعبة,
Ounce/Gallon (UK),أونصة/جالون (بريطاني),
Ounce/Gallon (US),أونصة/جالون (أمريكي),
Out Qty,كمية خارجة,
Out Value,القيمة الخارجه,
Out of AMC,من AMC,
Out of Order,خارج عن السيطرة,
Out of Stock,إنتهى من المخزن,
Out of Warranty,لا تغطيه الضمان,
Out of stock,نفدت الكمية,
Outdated POS Opening Entry,قيد افتتاح نقطة البيع منتهي الصلاحية,
Outgoing Bills,الفواتير الصادرة,
Outgoing Payment,الدفعة الصادرة,
Outgoing Rate,أسعار المنتهية ولايته,
Outstanding,معلقة,
Outstanding (Company Currency),المستحق (عملة الشركة),
Outstanding Amount,المبلغ المستحق,
Outstanding Amt,القيمة القائمة,
Outstanding Cheques and Deposits to clear,الشيكات و الإيداعات المعلقة لتوضيح او للمقاصة,
Outstanding for {0} cannot be less than zero ({1}),غير المسددة ل {0} لا يمكن أن يكون أقل من الصفر ( {1} ),
Outward,نحو الخارج,
Over Billing Allowance (%),بدل الفوترة الزائدة (٪),
Over Billing Allowance exceeded for Purchase Receipt Item {0} ({1}) by {2}%,تم تجاوز بدل الفوترة الزائدة لبند إيصال الشراء {0} ({1}) بنسبة {2}٪,
Over Delivery/Receipt Allowance (%),بدل التسليم/الاستلام الزائد (٪),
Over Picking Allowance,بدل الانتقاء الزائد,
Over Receipt,استلام زائد,
Over Receipt/Delivery of {0} {1} ignored for item {2} because you have {3} role.,تم تجاهل الاستلام/التسليم الزائد لـ {0} {1} للصنف {2} لأن لديك دور {3}.,
Over Transfer Allowance,بدل النقل الزائد,
Over Transfer Allowance (%),بدل النقل الزائد (٪),
Overbilling of {0} {1} ignored for item {2} because you have {3} role.,تم تجاهل الفوترة الزائدة لـ {0} {1} للصنف {2} لأن لديك دور {3}.,
Overbilling of {} ignored because you have {} role.,تم تجاهل الفوترة الزائدة لـ {} لأن لديك دور {}.,
Overdue,تأخير,
Overdue Days,الأيام المتأخرة,
Overdue Payment,دفعة متأخرة,
Overdue Payments,الدفعات المتأخرة,
Overdue Tasks,المهام المتأخرة,
Overdue and Discounted,المتأخرة و مخفضة,
Overlap in scoring between {0} and {1},التداخل في التسجيل بين {0} و {1},
Overlapping conditions found between:,الشروط المتداخله التي تم العثور عليها بين:,
Overproduction Percentage For Sales Order,نسبة الإنتاج الزائد لأمر المبيعات,
Overproduction Percentage For Work Order,نسبة الإنتاج الزائد لأمر العمل,
Overproduction for Sales and Work Order,زيادة الإنتاج للمبيعات وطلب العمل,
Owned,مملوك,
Owner,مالك,
Ownership,الملكية,
P&L Closing Balance,رصيد الأرباح والخسائر الختامي,
PAN No,PAN لا,
PCV,حجم الخلايا المكدسة,
PCV Paused,تم إيقاف تشغيل نظام تهوية علبة المرافق,
PCV Resumed,استؤنفت فعاليات PCV,
PDF Name,اسم PDF,
PIN,دبوس,
PO Supplied Item,PO الموردة البند,
POS Additional Fields,حقول إضافية لنظام نقاط البيع,
POS Closed,نقطة البيع مغلقة,
POS Closing Entry,قيد إقفال نقطة البيع,
POS Closing Entry Detail,تفاصيل قيد إقفال نقطة البيع,
POS Closing Entry Taxes,ضرائب قيد إقفال نقطة البيع,
POS Closing Failed,فشل إغلاق نقطة البيع,
POS Closing failed while running in a background process. You can resolve the {0} and retry the process again.,فشل إغلاق نقطة البيع أثناء التشغيل في عملية خلفية. يمكنك حل {0} وإعادة محاولة العملية مرة أخرى.,
POS Configurations,تهيئات نقطة البيع,
POS Customer Group,مجموعة عملاء نقطة البيع,
POS Field,نقاط البيع الميدانية,
POS Invoice,فاتورة نقاط البيع,
POS Invoice Item,بند فاتورة نقاط البيع,
POS Invoice Merge Log,سجل دمج فاتورة نقاط البيع,
POS Invoice Reference,مرجع فاتورة نقاط البيع,
POS Invoice is already consolidated,فاتورة نقطة البيع مدمجة بالفعل,
POS Invoice is not submitted,فاتورة نقطة البيع لم يتم إرسالها,
POS Invoice isn't created by user {},لم ينشئ المستخدم فاتورة نقاط البيع {},
POS Invoice should have the field {0} checked.,يجب تحديد الحقل {0} في فاتورة نقطة البيع.,
POS Invoices,فواتير نقاط البيع,
POS Invoices can't be added when Sales Invoice is enabled,لا يمكن إضافة فواتير نقاط البيع عند تمكين فاتورة المبيعات,
POS Invoices will be consolidated in a background process,سيتم دمج فواتير نقاط البيع في عملية خلفية,
POS Invoices will be unconsolidated in a background process,سيتم إلغاء دمج فواتير نقاط البيع في عملية خلفية,
POS Item Details,تفاصيل صنف نقطة البيع,
POS Item Group,مجموعة المواد لنقطة البيع,
POS Item Selector,محدّد أصناف نقطة البيع,
POS Opening Entry,قيد افتتاح نقطة البيع,
POS Opening Entry Cancellation Error,خطأ في إلغاء قيد افتتاحي نقطة البيع,
POS Opening Entry Cancelled,تم إلغاء قيد افتتاحي نقطة البيع,
POS Opening Entry Detail,تفاصيل قيد افتتاح نقطة البيع,
POS Opening Entry Exists,قيد افتتاح نقطة البيع موجود بالفعل,
POS Opening Entry Missing,قيد افتتاح نقطة البيع مفقود,
POS Opening Entry has been cancelled. Please refresh the page.,تم إلغاء قيد افتتاح نقطة البيع. يرجى تحديث الصفحة.,
POS Payment Method,طريقة الدفع في نقاط البيع,
POS Profile,الملف الشخصي لنقطة البيع,
POS Profile User,نقاط البيع الشخصية الملف الشخصي,
POS Profile doesn't match {},ملف تعريف نقطة البيع لا يتطابق مع {},
POS Profile is mandatory to mark this invoice as POS Transaction.,ملف تعريف نقطة البيع إلزامي لتمييز هذه الفاتورة كمعاملة نقطة بيع.,
POS Profile required to make POS Entry,ملف نقطة البيع مطلوب للقيام بإدخال خاص بنقطة البيع,
POS Profile {} contains Mode of Payment {}. Please remove them to disable this mode.,ملف تعريف نقطة البيع {} يحتوي على طريقة الدفع {}. يرجى إزالتها لتعطيل هذا الوضع.,
POS Profile {} does not belong to company {},ملف نقطة البيع {} لا ينتمي إلى الشركة {},
POS Profile {} does not exist.,ملف تعريف نقطة البيع {} غير موجود.,
POS Profile {} is disabled.,ملف تعريف نقطة البيع {} معطّل.,
POS Register,سجل نقاط البيع,
POS Search Fields,حقول بحث نقطة البيع,
POS Settings,إعدادات نقاط البيع,
POS Transactions,معاملات نقاط البيع,
POS has been closed at {0}. Please refresh the page.,تم إغلاق نقطة البيع في {0}. يرجى تحديث الصفحة.,
POS invoice {0} created successfully,تم إنشاء فاتورة نقطة البيع {0} بنجاح,
PSOA Cost Center,مركز تكلفة PSOA,
PSOA Project,مشروع PSOA,
PZN,PZN,
Package No(s) already in use. Try from Package No {0},رقم (أرقام) الحزمة مستخدم بالفعل. حاول من رقم الحزمة {0},
Package Weight Details,تفاصيل وزن الحزمة,
Packaging Slip From Delivery Note,قسيمة التعبئة من إشعار التسليم,
Packed Item,عنصر معبأ,
Packed Items,عناصر معبأة,
Packed Items cannot be transferred internally,لا يمكن نقل الأصناف المعبأة داخليًا,
Packed Qty,الكمية المعبأة,
Packing List,قائمة التعبئة,
Packing Slip,قائمة بمحتويات الشحنة,
Packing Slip Item,مادة كشف التعبئة,
Packing Slip(s) cancelled,تم إلغاء قائمة الشحنة,
Packing Unit,وحدة التعبئة,
Page Break After Each SoA,فاصل صفحات بعد كل كشف حساب,
Paid,مدفوع,
Paid Amount,المبلغ المدفوع,
Paid Amount (Company Currency),مجموع الدفعات (بعملة الشركة),
Paid Amount After Tax,المبلغ المدفوع بعد الضريبة,
Paid Amount After Tax (Company Currency),المبلغ المدفوع بعد الضريبة (عملة الشركة),
Paid Amount cannot be greater than total negative outstanding amount {0},المبلغ المدفوع لا يمكن أن يكون أكبر من إجمالي المبلغ القائم السالب {0},
Paid From Account Type,نوع الحساب المدفوع منه,
Paid To Account Type,نوع الحساب المدفوع إليه,
Paid amount + Write Off Amount can not be greater than Grand Total,المبلغ المدفوع + المبلغ المشطوب لا يمكن ان يكون أكبر من المجموع الكلي,
Pair,زوج,
Pallets,منصات نقالة,
Parameter Group,مجموعة المعلمات,
Parameter Group Name,اسم مجموعة المعلمات,
Parameter Name,اسم المعلمة,
Parameters,المعلمات,
Parcel Template,قالب الطرد,
Parcel Template Name,اسم قالب الطرد,
Parcel weight cannot be 0,وزن الطرد لا يمكن أن يكون 0,
Parcels,الطرود,
Parent Account,حساب اب,
Parent Account Missing,الحساب الرئيسي مفقود,
Parent Batch,دفعة الأم,
Parent Company,الشركة الام,
Parent Company must be a group company,يجب أن تكون الشركة الأم شركة مجموعة,
Parent Cost Center,مركز التكلفة الأب,
Parent Customer Group,مجموعة عملاء أولياء الأمور,
Parent Department,قسم الآباء,
Parent Detail docname,الأم تفاصيل docname,
Parent Document,المستند الأب,
Parent Item,البند الاصلي,
Parent Item Group,الأم الإغلاق المجموعة,
Parent Item {0} must not be a Fixed Asset,الصنف الرئيسي {0} يجب ألا يكون أصلًا ثابتًا,
Parent Item {0} must not be a Stock Item,البند الأب {0} يجب ألا يكون بند مخزون,
Parent Location,الموقع الأم,
Parent Procedure,الإجراء الرئيسي,
Parent Row No,رقم الصف الرئيسي,
Parent Row No not found for {0},لم يتم العثور على رقم الصف الرئيسي لـ {0},
Parent Sales Person,رجل المبيعات الرئيسي,
Parent Supplier Group,مجموعة موردي الآباء,
Parent Task,المهمة الرئيسية,
Parent Task {0} is not a Template Task,المهمة الرئيسية {0} ليست مهمة قالب,
Parent Task {0} must be a Group Task,يجب أن تكون المهمة الرئيسية {0} مهمة جماعية,
Parent Territory,الأم الأرض,
Parent Warehouse,المستودع الأصل,
Parsing Error,خطأ في التحليل,
Partial Material Transferred,تم نقل المواد جزئيًا,
Partial Payment in POS Transactions are not allowed.,الدفع الجزئي غير مسموح به في معاملات نقاط البيع.,
Partial Stock Reservation,حجز مخزون جزئي,
"Partial stock can be reserved. For example, If you have a Sales Order of 100 units and the Available Stock is 90 units then a Stock Reservation Entry will be created for 90 units. ",يمكن حجز المخزون جزئيًا. على سبيل المثال، إذا كان لديك أمر بيع لـ 100 وحدة والمخزون المتاح هو 90 وحدة، فسيتم إنشاء قيد حجز مخزون لـ 90 وحدة. ,
Partially Billed,فاتورة جزئية,
Partially Completed,أنجزت جزئيا,
Partially Delivered,تم التسليم جزئيًا,
Partially Depreciated,استهلكت جزئيا,
Partially Fulfilled,تمت جزئيا,
Partially Ordered,طلبت جزئيًا,
Partially Paid,مدفوعاً جزئياً,
Partially Received,تلقى جزئيا,
Partially Reconciled,تمت التسوية جزئيًا,
Partially Reserved,تم الحجز جزئيًا,
Partially Used,مستخدم جزئياً,
Partially ordered,طلبت جزئيا,
Particulars,التفاصيل,
Partly Billed,تم فوترتها جزئيا,
Partly Delivered,سلمت جزئيا,
Partly Paid,مدفوع جزئيًا,
Partly Paid and Discounted,مدفوع جزئيًا ومخصوم,
Partner Type,نوع الشريك,
Partner website,موقع الشريك,
Partnership,شراكة,
Parts Per Million,جزء في المليون,
Party,الطرف المعني,
Party Account,حساب طرف,
Party Account Currency,عملة حساب الطرف,
Party Account No. (Bank Statement),رقم حساب الطرف (كشف حساب بنكي),
Party Account {0} currency ({1}) and document currency ({2}) should be same,يجب أن تكون عملة حساب الطرف {0} ({1}) وعملة المستند ({2}) متطابقتين,
Party Bank Account,حساب بنك الحزب,
Party Details,تفاصيل الحزب,
Party Full Name,الاسم الكامل للحزب,
Party IBAN (Bank Statement),رقم IBAN للطرف (كشف حساب بنكي),
Party Information,معلومات الحزب,
Party Item Code,رمز صنف الطرف,
Party Link,رابط الطرف,
Party Mismatch,عدم توافق الحزب,
Party Name,اسم الطرف,
Party Name/Account Holder (Bank Statement),اسم الطرف/صاحب الحساب (كشف حساب بنكي),
Party Not Required,لا يشترط وجود طرف ثالث,
Party Specific Item,صنف خاص بالطرف,
Party Type,نوع الطرف,
Party Type and Party can only be set for Receivable / Payable account<br><br>{0},يمكن تعيين نوع الطرف والطرف فقط لحسابات الذمم المدينة / الدائنة<br><br>{0},
Party Type and Party is mandatory for {0} account,نوع الطرف والحزب إلزامي لحساب {0},
Party Type and Party is required for Receivable / Payable account {0},نوع الطرف والطرف مطلوبان لحساب الذمم المدينة / الدائنة {0},
Party Type is mandatory,حقل نوع المستفيد إلزامي,
Party User,مستخدم الحزب,
Party can only be one of {0},يمكن أن يكون الطرف واحدًا فقط من {0},
Party is mandatory,حقل المستفيد إلزامي,
Pascal,باسكال,
Passed,تم الاجتياز بنجاح,
Passport Details,تفاصيل جواز السفر,
Passport Number,رقم جواز السفر,
Past Due Date,تاريخ الاستحقاق السابق,
Past Events,الأحداث السابقة,
Pause,وقفة,
Pause Job,إيقاف المهمة مؤقتًا,
Pause SLA On Status,إيقاف مؤقت لحالة SLA,
Paused,متوقف مؤقتًا,
Pay,دفع,
Pay,دفع,Amount
Pay To / Recd From,دفع إلى / من Recd,
Payable,واجب الدفع,
Payable Account,حساب الدائنين,
Payables,الواجب دفعها (دائنة),
Payer Settings,إعدادات الدافع,
Payment,دفع,
Payment Account,حساب الدفع,
Payment Amount,دفع مبلغ,
Payment Amount (Company Currency),مبلغ الدفع (عملة الشركة),
Payment Channel,قناة الدفع,
Payment Deductions or Loss,خصومات الدفع أو الخسارة,
Payment Document,وثيقة الدفع,
Payment Document Type,نوع مستند الدفع,
Payment Due Date,تاريخ استحقاق السداد,
Payment Entries,قيود الدفع,
Payment Entries {0} are un-linked,قيد الدفع {0} غير مترابطة,
Payment Entry,قيد الدفع,
Payment Entry Deduction,دفع الاشتراك خصم,
Payment Entry Reference,قيد الدفع المرجعي,
Payment Entry already exists,قيد الدفع موجود بالفعل,
Payment Entry has been modified after you pulled it. Please pull it again.,تم تعديل قيد الدفع بعد سحبه. يرجى سحبه مرة أخرى.,
Payment Entry is already created,قيد الدفع تم انشاؤه بالفعل,
"Payment Entry {0} is linked against Order {1}, check if it should be pulled as advance in this invoice.",قيد الدفع {0} مرتبط بالطلب {1}، تحقق مما إذا كان يجب سحبه كدفعة مقدمة في هذه الفاتورة.,
Payment Failed,عملية الدفع فشلت,
Payment From / To,الدفع من / إلى,
Payment Gateway,بوابة الدفع,
Payment Gateway Account,دفع حساب البوابة,
"Payment Gateway Account not created, please create one manually.",حساب بوابة الدفع لم يتم انشاءه، يرجى إنشاء واحد يدويا.,
Payment Gateway Details,تفاصيل الدفع بوابة,
Payment Ledger,دفتر أستاذ المدفوعات,
Payment Ledger Balance,رصيد دفتر أستاذ المدفوعات,
Payment Ledger Entry,قيد دفتر أستاذ المدفوعات,
Payment Limit,حد الدفع,
Payment Method,طريقة الدفع او السداد,
Payment Methods,طرق الدفع,
Payment Mode,طريقة الدفع,
Payment Options,خيارات الدفع,
Payment Order,أمر دفع,
Payment Order Reference,مرجع أمر الدفع,
Payment Order Status,حالة طلب الدفع,
Payment Order Type,نوع طلب الدفع,
Payment Ordered,دفع أمر,
Payment Period Based On Invoice Date,طريقة الدفع بناء على تاريخ الفاتورة,
Payment Plan,خطة الدفع,
Payment Receipt Note,إشعار إيصال الدفع,
Payment Received,تم استلام الدفعة,
Payment Reconciliation,دفع المصالحة,
Payment Reconciliation Allocation,تخصيص تسوية الدفع,
Payment Reconciliation Invoice,دفع فاتورة المصالحة,
Payment Reconciliation Job: {0} is running for this party. Can't reconcile now.,وظيفة تسوية الدفع: {0} قيد التشغيل لهذا الطرف. لا يمكن التسوية الآن.,
Payment Reconciliation Payment,دفع المصالحة الدفع,
Payment Reconciliation Settings,إعدادات تسوية الدفع,
Payment Reference,إشارة دفع,
Payment References,المراجع الدفع,
Payment Request,طلب الدفع من قبل المورد,
Payment Request Outstanding,طلب الدفع المستحق,
Payment Request Type,نوع طلب الدفع,
Payment Request for {0},طلب الدفع ل {0},
Payment Request is already created,تم إنشاء طلب الدفع بالفعل,
Payment Request took too long to respond. Please try requesting for payment again.,استغرق طلب الدفع وقتًا طويلاً للرد. يرجى محاولة طلب الدفع مرة أخرى.,
Payment Requests cannot be created against: {0},لا يمكن إنشاء طلبات الدفع مقابل: {0},
Payment Schedule,جدول الدفع,
Payment Status,حالة الدفع,
Payment Term,مصطلح الدفع,
Payment Term Name,اسم مصطلح الدفع,
Payment Term Outstanding,شرط الدفع المستحق,
Payment Terms,شروط الدفع,
Payment Terms Status for Sales Order,حالة شروط الدفع لأمر البيع,
Payment Terms Template,نموذج شروط الدفع,
Payment Terms Template Detail,شروط الدفع تفاصيل قالب,
Payment Terms from orders will be fetched into the invoices as is,سيتم جلب شروط الدفع من الطلبات إلى الفواتير كما هي,
Payment Terms:,شروط الدفع:,
Payment Type,نوع الدفع,
"Payment Type must be one of Receive, Pay and Internal Transfer","نوع الدفع يجب أن يكون إما استلام , دفع أو مناقلة داخلية",
Payment URL,عنوان URL للدفع,
Payment Unlink Error,خطأ في إلغاء ربط الدفع,
Payment against {0} {1} cannot be greater than Outstanding Amount {2},الدفعة مقابل {0} {1} لا يمكن أن تكون أكبر من المبلغ القائم {2},
Payment amount cannot be less than or equal to 0,لا يمكن أن يكون مبلغ الدفعة أقل من أو يساوي 0,
Payment methods are mandatory. Please add at least one payment method.,طرق الدفع إلزامية. الرجاء إضافة طريقة دفع واحدة على الأقل.,
Payment of {0} received successfully.,تم استلام دفعة بقيمة {0} بنجاح.,
Payment of {0} received successfully. Waiting for other requests to complete...,تم استلام دفعة بقيمة {0} بنجاح. في انتظار اكتمال الطلبات الأخرى...,
Payment related to {0} is not completed,الدفع المتعلق بـ {0} لم يكتمل,
Payment request failed,فشل طلب الدفع,
Payment term {0} not used in {1},شرط الدفع {0} غير مستخدم في {1},
Payments,المدفوعات,
Payments could not be updated.,تعذر تحديث المدفوعات.,
Payments updated.,تم تحديث المدفوعات.,
Payroll Entry,قيد الرواتب,
Payroll Payable,رواتب واجبة الدفع,
Payslip,قسيمة الدفع,
Peck (UK),بيك (بريطاني),
Peck (US),بيك (أمريكي),
Pegged Against,مُثبّت ضد,
Pegged Currencies,العملات المرتبطة,
Pegged Currency Details,تفاصيل العملة المرتبطة,
Pending Activities,الأنشطة المعلقة,
Pending Amount,في انتظار المبلغ,
Pending Qty,الكمية التي قيد الانتظار,
Pending Quantity,في انتظار الكمية,
Pending Review,في انتظار المراجعة,
Pending SO Items For Purchase Request,اصناف كتيرة معلقة لطلب الشراء,
Pending Work Order,أمر عمل معلق,
Pending activities for today,الأنشطة في انتظار لهذا اليوم,
Pending processing,قيد المعالجة,
Pension Funds,صناديق التقاعد,
Per Day,يوم واحد,
Per Month,كل شهر,
Per Received,لكل مستلم,
Per Transferred,لكل نقل,
Per Unit Time in Mins,لكل وحدة زمنية بالدقائق,
Per Week,في الاسبوع,
Per Year,كل سنة,
Percentage (%),النسبة المئوية (٪),
Percentage Allocation,نسبة توزيع,
Percentage Allocation should be equal to 100%,يجب أن يكون تخصيص النسبة المئوية مساويًا لـ 100٪,
Percentage you are allowed to order beyond the Blanket Order quantity.,النسبة المئوية المسموح لك بطلبها بما يتجاوز كمية الطلب الشامل.,
Percentage you are allowed to sell beyond the Blanket Order quantity.,النسبة المئوية المسموح لك ببيعها بما يتجاوز كمية الطلب الشامل.,
Percentage you are allowed to transfer more against the quantity ordered. For example: If you have ordered 100 units. and your Allowance is 10% then you are allowed to transfer 110 units.,النسبة المئوية المسموح لك بنقلها أكثر من الكمية المطلوبة. على سبيل المثال: إذا طلبت 100 وحدة. وكان بدل السماح الخاص بك هو 10٪، فيُسمح لك بنقل 110 وحدات.,
Perception Analysis,تحليل التصور,
Period Based On,الفترة على أساس,
Period Closed,تم إغلاق الفترة,
Period Closing Entry For Current Period,قيد إغلاق الفترة للفترة الحالية,
Period Closing Settings,إعدادات إغلاق الفترة,
Period Closing Voucher,قيد إغلاق الفترة,
Period Closing Voucher {0} GL Entry Cancellation Failed,فشل إلغاء قيود دفتر الأستاذ العام لسند إقفال الفترة {0},
Period Closing Voucher {0} GL Entry Processing Failed,فشلت معالجة قيود دفتر الأستاذ العام لسند إقفال الفترة {0},
Period Details,تفاصيل الفترة,
Period End Date,تاريخ انتهاء الفترة,
Period End Date cannot be greater than Fiscal Year End Date,لا يمكن أن يكون تاريخ نهاية الفترة أكبر من تاريخ نهاية السنة المالية,
Period Name,اسم الفترة,
Period Score,فترة النتيجة,
Period Settings,إعدادات الفترة,
Period Start Date,تاريخ بداية الفترة,
Period Start Date cannot be greater than Period End Date,لا يمكن أن يكون تاريخ بدء الفترة أكبر من تاريخ نهاية الفترة,
Period Start Date must be {0},يجب أن يكون تاريخ بدء الفترة هو {0},
Period To Date,الفترة حتى تاريخ,
Period based On,فترة بناء على,
Period_from_date,الفترة_من_تاريخ,
Periodic Accounting,المحاسبة الدورية,
Periodic Accounting Entry,قيد محاسبي دوري,
Periodic Entry Difference Account,حساب الفروقات في القيد الدوري,
Periodicity,دورية,
Permanent Address,العنوان الدائم,
Permanent Address Is,العنوان الدائم هو,
Perpetual inventory required for the company {0} to view this report.,المخزون الدائم المطلوب للشركة {0} لمشاهدة هذا التقرير.,
Personal Details,التفاصيل الشخصية,
Personal Email,البريد الالكتروني الشخصية,
Petrol,بنزين,
Phantom Item,عنصر شبح,
Phantom Item is mandatory,العنصر الوهمي إلزامي,
Pharmaceutical,الأدوية,
Pharmaceuticals,المستحضرات الصيدلانية,
Phone Ext.,رقم الهاتف الداخلي,
Phone No,رقم الهاتف,
Phone Number,رقم الهاتف,
Pick List,قائمة الانتقاء,
Pick List Incomplete,قائمة الانتقاء غير مكتملة,
Pick List Item,اختيار عنصر القائمة,
Pick Manually,انتقاء يدوي,
Pick Serial / Batch,اختر الرقم التسلسلي / الدفعة,
Pick Serial / Batch Based On,انتقاء الرقم التسلسلي / الدفعة بناءً على,
Pick Serial / Batch No,انتقاء الرقم التسلسلي / رقم الدفعة,
Picked Qty,الكمية المختارة,
Picked Qty (in Stock UOM),الكمية المنتقاة (بوحدة قياس المخزون),
Pickup,استلام,
Pickup Contact Person,جهة اتصال الاستلام,
Pickup Date,تاريخ الاستلام,
Pickup Date cannot be before this day,لا يمكن أن يكون تاريخ الاستلام قبل هذا اليوم,
Pickup From,الاستلام من,
Pickup To time should be greater than Pickup From time,يجب أن يكون وقت الاستلام حتى أكبر من وقت الاستلام من,
Pickup Type,نوع الاستلام,
Pickup from,الاستلام من,
Pickup to,الاستلام حتى,
Pint (UK),باينت (بريطاني),
Pint (US),باينت (أمريكي),
"Pint, Dry (US)",باينت، جاف (أمريكي),
"Pint, Liquid (US)",باينت، سائل (أمريكي),
Pipeline By,المسار حسب,
Place of Issue,مكان الإصدار,
Plaid Access Token,منقوشة رمز الوصول,
Plaid Client ID,معرف العميل منقوشة,
Plaid Environment,بيئة منقوشة,
Plaid Link Failed,فشل رابط Plaid,
Plaid Link Refresh Required,مطلوب تحديث رابط Plaid,
Plaid Link Updated,تم تحديث رابط Plaid,
Plaid Secret,سر منقوشة,
Plaid Settings,إعدادات منقوشة,
Plaid transactions sync error,خطأ في مزامنة المعاملات المنقوشة,
Plan,خطة,
Plan Name,اسم الخطة,
Plan material for sub-assemblies,المواد خطة للجمعيات الفرعي,
Plan operations X days in advance,خطط العمليات قبل X من الأيام,
Plan time logs outside Workstation working hours,سجلات وقت الخطة خارج ساعات عمل محطة العمل,
Planned,مخطط,
Planned End Date,تاريخ الانتهاء المخطط لها,
Planned End Time,وقت الانتهاء المخطط له,
Planned Operating Cost,المخطط تكاليف التشغيل,
Planned Purchase Order,أمر شراء مخطط له,
Planned Qty,المخطط الكمية,
"Planned Qty: Quantity, for which, Work Order has been raised, but is pending to be manufactured.",الكمية المخططة: الكمية التي تم إصدار أمر عمل لها، ولكنها معلقة ليتم تصنيعها.,
Planned Quantity,المخطط الكمية,
Planned Start Date,المخطط لها تاريخ بدء,
Planned Start Time,المخططة بداية,
Planned Work Order,أمر عمل مخطط,
Planning,التخطيط,
Plans,خطط,
Plant Dashboard,لوحة معلومات المصنع,
Plant Floor,أرضية المصنع,
Plants and Machineries,وحدات التصنيع والآلات,
"Please Restock Items and Update the Pick List to continue. To discontinue, cancel the Pick List.",يرجى إعادة تخزين العناصر وتحديث قائمة الاختيار للمتابعة. للتوقف، قم بإلغاء قائمة الاختيار.,
Please Select a Company,الرجاء تحديد شركة,
Please Select a Company.,الرجاء تحديد شركة.,
Please Select a Customer,الرجاء تحديد عميل,
Please Select a Supplier,الرجاء تحديد مورد,
Please Set Priority,يرجى تعيين الأولوية,
Please Set Supplier Group in Buying Settings.,يرجى تعيين مجموعة الموردين في إعدادات الشراء.,
Please Specify Account,يرجى تحديد الحساب,
Please add 'Supplier' role to user {0}.,يرجى إضافة دور 'المورد' للمستخدم {0}.,
Please add Mode of payments and opening balance details.,الرجاء إضافة طريقة الدفع وتفاصيل الرصيد الافتتاحي.,
Please add Operations first.,يرجى إضافة العمليات أولاً.,
Please add Request for Quotation to the sidebar in Portal Settings.,يرجى إضافة طلب عرض الأسعار إلى الشريط الجانبي في إعدادات البوابة.,
Please add Root Account for - {0},يرجى إضافة حساب جذر لـ - {0},
Please add a Temporary Opening account in Chart of Accounts,الرجاء إضافة حساب فتح مؤقت في مخطط الحسابات,
Please add atleast one Serial No / Batch No,يرجى إضافة رقم تسلسلي / رقم دفعة واحد على الأقل,
Please add the Bank Account column,يرجى إضافة عمود حساب البنك,
Please add the account to root level Company - {0},يرجى إضافة الحساب إلى مستوى الشركة الجذر - {0},
Please add the account to root level Company - {},الرجاء إضافة الحساب إلى شركة على مستوى الجذر - {},
Please add {1} role to user {0}.,يرجى إضافة دور {1} للمستخدم {0}.,
Please adjust the qty or edit {0} to proceed.,يرجى ضبط الكمية أو تعديل {0} للمتابعة.,
Please attach CSV file,يرجى إرفاق ملف CSV,
Please cancel and amend the Payment Entry,يرجى إلغاء وتعديل قيد الدفع,
Please cancel payment entry manually first,يرجى إلغاء قيد الدفع يدويًا أولاً,
Please cancel related transaction.,يرجى إلغاء المعاملة ذات الصلة.,
Please capitalize this asset before submitting.,يرجى كتابة هذا الأصل بأحرف كبيرة قبل الإرسال.,
Please check Multi Currency option to allow accounts with other currency,يرجى اختيار الخيار عملات متعددة للسماح بحسابات مع عملة أخرى,
Please check Process Deferred Accounting {0} and submit manually after resolving errors.,يرجى التحقق من معالجة المحاسبة المؤجلة {0} وإرسالها يدويًا بعد حل الأخطاء.,
Please check either with operations or FG Based Operating Cost.,يرجى التحقق إما من العمليات أو تكلفة التشغيل المستندة إلى المنتج النهائي.,
Please check the error message and take necessary actions to fix the error and then restart the reposting again.,يرجى التحقق من رسالة الخطأ واتخاذ الإجراءات اللازمة لإصلاح الخطأ ثم إعادة تشغيل عملية إعادة الترحيل مرة أخرى.,
Please check your Plaid client ID and secret values,يرجى التحقق من معرّف عميل Plaid والقيم السرية,
Please check your email to confirm the appointment,يرجى التحقق من بريدك الإلكتروني لتأكيد الموعد,
Please click on 'Generate Schedule',"الرجاء انقر على ""إنشاء الجدول الزمني""",
Please click on 'Generate Schedule' to fetch Serial No added for Item {0},"الرجاء النقر على ""إنشاء جدول"" لجلب الرقم التسلسلي المضاف للبند {0}",
Please click on 'Generate Schedule' to get schedule,الرجاء الضغط علي ' إنشاء الجدول ' للحصول علي جدول,
Please contact any of the following users to extend the credit limits for {0}: {1},يرجى الاتصال بأي من المستخدمين التاليين لتمديد حدود الائتمان لـ {0}: {1},
Please contact any of the following users to {} this transaction.,يرجى الاتصال بأي من المستخدمين التاليين لـ {} هذه المعاملة.,
Please contact your administrator to extend the credit limits for {0}.,يرجى الاتصال بالمسؤول الخاص بك لتمديد حدود الائتمان لـ {0}.,
Please convert the parent account in corresponding child company to a group account.,الرجاء تحويل الحساب الرئيسي في الشركة الفرعية المقابلة إلى حساب مجموعة.,
Please create Customer from Lead {0}.,الرجاء إنشاء عميل من العميل المحتمل {0}.,
Please create Landed Cost Vouchers against Invoices that have 'Update Stock' enabled.,يرجى إنشاء قسائم تكلفة الهبوط مقابل الفواتير التي تم تمكين 'تحديث المخزون' فيها.,
Please create a new Accounting Dimension if required.,يرجى إنشاء بُعد محاسبي جديد إذا لزم الأمر.,
Please create purchase from internal sale or delivery document itself,يرجى إنشاء عملية شراء من مستند البيع الداخلي أو التسليم نفسه,
Please create purchase receipt or purchase invoice for the item {0},الرجاء إنشاء إيصال شراء أو فاتورة شراء للعنصر {0},
"Please delete Product Bundle {0}, before merging {1} into {2}",يرجى حذف حزمة المنتج {0}، قبل دمج {1} في {2},
Please disable workflow temporarily for Journal Entry {0},يرجى تعطيل سير العمل مؤقتًا لقيد اليومية {0},
Please do not book expense of multiple assets against one single Asset.,يرجى عدم تسجيل مصروفات أصول متعددة مقابل أصل واحد.,
Please do not create more than 500 items at a time,يرجى عدم إنشاء أكثر من 500 عنصر في وقت واحد,
Please enable Applicable on Booking Actual Expenses,يرجى تمكين Applicable على Booking Actual Expenses,
Please enable Applicable on Purchase Order and Applicable on Booking Actual Expenses,يرجى تمكين Applicable على أمر الشراء والتطبيق على المصروفات الفعلية للحجز,
Please enable Use Old Serial / Batch Fields to make_bundle,يرجى تمكين استخدام حقول الرقم التسلسلي / الدفعة القديمة لإنشاء الحزمة,
Please enable only if the understand the effects of enabling this.,يرجى التمكين فقط إذا فهمت تأثيرات تمكين هذا.,
Please enable {0} in the {1}.,يرجى تمكين {0} في {1}.,
Please enable {} in {} to allow same item in multiple rows,يرجى تمكين {} في {} للسماح بنفس الصنف في صفوف متعددة,
Please ensure that the {0} account is a Balance Sheet account. You can change the parent account to a Balance Sheet account or select a different account.,يرجى التأكد من أن الحساب {0} هو حساب ميزانية عمومية. يمكنك تغيير الحساب الرئيسي إلى حساب ميزانية عمومية أو تحديد حساب مختلف.,
Please ensure that the {0} account {1} is a Payable account. You can change the account type to Payable or select a different account.,يرجى التأكد من أن الحساب {0} {1} هو حساب مستحق الدفع. يمكنك تغيير نوع الحساب إلى مستحق الدفع أو تحديد حساب مختلف.,
Please ensure {} account is a Balance Sheet account.,يرجى التأكد من أن الحساب {} هو حساب ميزانية عمومية.,
Please ensure {} account {} is a Receivable account.,يرجى التأكد من أن الحساب {} {} هو حساب مستحق القبض.,
Please enter <b>Difference Account</b> or set default <b>Stock Adjustment Account</b> for company {0},الرجاء إدخال <b>حساب الفرق</b> أو تعيين <b>حساب تسوية المخزون</b> الافتراضي للشركة {0},
Please enter Account for Change Amount,الرجاء إدخال الحساب لمبلغ التغيير\n<br> \nPlease enter Account for Change Amount,
Please enter Approving Role or Approving User,الرجاء إدخال صلاحية المخول بالتصديق أو المستخدم المخول بالتصديق,
Please enter Batch No,يرجى إدخال رقم الدفعة,
Please enter Cost Center,يرجى إدخال مركز التكلفة,
Please enter Delivery Date,الرجاء إدخال تاريخ التسليم,
Please enter Employee Id of this sales person,الرجاء إدخال معرف الموظف الخاص بشخص المبيعات هذا,
Please enter Expense Account,الرجاء إدخال حساب النفقات,
Please enter Item Code to get Batch Number,الرجاء إدخال رمز العنصر للحصول على رقم الدفعة,
Please enter Item Code to get batch no,الرجاء إدخال كود البند للحصول على رقم الدفعة,
Please enter Item first,الرجاء إدخال البند أولا,
Please enter Maintenance Details first,يرجى إدخال تفاصيل الصيانة أولاً,
Please enter Planned Qty for Item {0} at row {1},الرجاء إدخال الكمية المخططة للبند {0} في الصف {1},
Please enter Preferred Contact Email,الرجاء إدخال البريد الكتروني المفضل للاتصال,
Please enter Production Item first,الرجاء إدخال بند الإنتاج أولا,
Please enter Purchase Receipt first,الرجاء إدخال إيصال الشراء أولا,
Please enter Receipt Document,الرجاء إدخال مستند الاستلام,
Please enter Reference date,الرجاء إدخال تاريخ المرجع,
Please enter Root Type for account- {0},يرجى إدخال نوع الجذر للحساب- {0},
Please enter Serial No,يرجى إدخال الرقم التسلسلي,
Please enter Serial Nos,يرجى إدخال الأرقام التسلسلية,
Please enter Shipment Parcel information,يرجى إدخال معلومات طرد الشحنة,
Please enter Warehouse and Date,الرجاء إدخال المستودع والتاريخ,
Please enter Write Off Account,الرجاء إدخال حساب الشطب,
Please enter a valid number of deliveries,يرجى إدخال عدد صحيح من عمليات التسليم,
Please enter a valid quantity,الرجاء إدخال كمية صحيحة,
Please enter at least one delivery date and quantity,يرجى إدخال تاريخ تسليم واحد على الأقل وكمية واحدة.,
Please enter company name first,الرجاء إدخال اسم الشركة اولاً,
Please enter default currency in Company Master,الرجاء إدخال العملة الافتراضية في شركة الرئيسية,
Please enter message before sending,الرجاء إدخال الرسالة قبل الإرسال,
Please enter mobile number first.,يرجى إدخال رقم الجوال أولاً.,
Please enter parent cost center,الرجاء إدخال مركز تكلفة الأب,
Please enter quantity for item {0},يرجى إدخال الكمية للصنف {0},
Please enter relieving date.,من فضلك ادخل تاريخ ترك العمل.,
Please enter serial nos,يرجى إدخال الأرقام التسلسلية,
Please enter the company name to confirm,الرجاء إدخال اسم الشركة للتأكيد,
Please enter the first delivery date,يرجى إدخال تاريخ التسليم الأول,
Please enter the phone number first,الرجاء إدخال رقم الهاتف أولاً,
Please enter the {schedule_date}.,يرجى إدخال {schedule_date}.,
Please enter valid Financial Year Start and End Dates,الرجاء إدخال تاريخ بداية السنة المالية وتاريخ النهاية,
Please enter {0},الرجاء إدخال {0},
Please enter {0} first,الرجاء إدخال {0} أولاً,
Please fill the Material Requests table,يرجى ملء جدول طلبات المواد,
Please fill the Sales Orders table,يرجى ملء جدول أوامر المبيعات,
"Please first set Full Name, Email and Phone for the user",يرجى أولاً تعيين الاسم الكامل والبريد الإلكتروني والهاتف للمستخدم,
Please fix overlapping time slots for {0},يرجى إصلاح فترات الوقت المتداخلة لـ {0},
Please fix overlapping time slots for {0}.,يرجى إصلاح فترات الوقت المتداخلة لـ {0}.,
Please generate To Delete list before submitting,يرجى إنشاء قائمة الحذف قبل الترحيل,
Please generate the To Delete list before submitting,يرجى إنشاء قائمة الحذف قبل الترحيل,
Please import accounts against parent company or enable {} in company master.,يرجى استيراد الحسابات مقابل الشركة الأم أو تمكين {} في رئيسي الشركة.,
Please make sure the employees above report to another Active employee.,يرجى التأكد من أن الموظفين أعلاه يقدمون تقارير إلى موظف نشط آخر.,
Please make sure the file you are using has 'Parent Account' column present in the header.,يرجى التأكد من أن الملف الذي تستخدمه يحتوي على عمود 'الحساب الرئيسي' في الرأس.,
Please make sure you really want to delete all the transactions for this company. Your master data will remain as it is. This action cannot be undone.,يرجى التأكد من أنك تريد حقا حذف جميع المعاملات لهذه الشركة. ستبقى بياناتك الرئيسية (الماستر) كما هيا. لا يمكن التراجع عن هذا الإجراء.,
Please mention 'Weight UOM' along with Weight.,يرجى ذكر 'وحدة قياس الوزن' مع الوزن.,
Please mention '{0}' in Company: {1},يرجى ذكر '{0}' في الشركة: {1},
Please mention no of visits required,يرجى ذكر عدد الزيارات المطلوبة,
Please mention the Current and New BOM for replacement.,يرجى ذكر قائمة المواد الحالية والجديدة للاستبدال.,
Please pull items from Delivery Note,الرجاء سحب البنود من إشعار التسليم,
Please rectify and try again.,يرجى التصحيح والمحاولة مرة أخرى.,
Please refresh or reset the Plaid linking of the Bank {}.,يرجى تحديث أو إعادة تعيين ربط Plaid للبنك {}.,
Please save before proceeding.,يرجى الحفظ قبل المتابعة.,
Please save first,يرجى حفظ أولا,
Please select <b>Template Type</b> to download template,يرجى تحديد <b>نوع</b> القالب لتنزيل القالب,
Please select Apply Discount On,الرجاء اختيار (تطبيق تخفيض على),
Please select BOM against item {0},الرجاء اختيار بوم ضد العنصر {0},
Please select BOM for Item in Row {0},الرجاء تحديد قائمة المواد للبند في الصف {0},
Please select BOM in BOM field for Item {item_code}.,يرجى تحديد قائمة المواد في الحقل (قائمة المواد) للبند {item_code}.,
Please select Bank Account,يرجى تحديد حساب البنك,
Please select Category first,الرجاء تحديد التصنيف أولا,
Please select Charge Type first,يرجى تحديد نوع الرسوم أولا,
Please select Company,الرجاء اختيار شركة,
Please select Company and Posting Date to getting entries,يرجى تحديد الشركة وتاريخ النشر للحصول على إدخالات,
Please select Company first,الرجاء تحديد الشركة أولا,
Please select Completion Date for Completed Asset Maintenance Log,يرجى تحديد تاريخ الانتهاء لاستكمال سجل صيانة الأصول,
Please select Customer first,يرجى اختيار العميل أولا,
Please select Existing Company for creating Chart of Accounts,الرجاء اختيار الشركة الحالية لإنشاء دليل الحسابات,
Please select Finished Good Item for Service Item {0},يرجى تحديد صنف منتج نهائي لصنف الخدمة {0},
Please select Item Code first,يرجى اختيار رمز البند أولاً,
Please select Maintenance Status as Completed or remove Completion Date,يرجى تحديد حالة الصيانة على أنها اكتملت أو أزل تاريخ الاكتمال,
Please select Party Type first,يرجى تحديد نوع الطرف أولا,
Please select Periodic Accounting Entry Difference Account,يرجى تحديد حساب فرق القيد المحاسبي الدوري,
Please select Posting Date before selecting Party,الرجاء تجديد تاريخ النشر قبل تحديد المستفيد,
Please select Posting Date first,الرجاء تحديد تاريخ النشر أولا,
Please select Price List,الرجاء اختيار قائمة الأسعار,
Please select Qty against item {0},الرجاء اختيار الكمية ضد العنصر {0},
Please select Sample Retention Warehouse in Stock Settings first,يرجى تحديد نموذج الاحتفاظ مستودع في إعدادات المخزون أولا,
Please select Serial/Batch Nos to reserve or change Reservation Based On to Qty.,يرجى تحديد أرقام تسلسلية/دفعات للحجز أو تغيير الحجز بناءً على الكمية.,
Please select Start Date and End Date for Item {0},الرجاء تحديد تاريخ البدء وتاريخ الانتهاء للبند {0},
Please select Stock Asset Account,الرجاء تحديد حساب أصول المخزون,
Please select Subcontracting Order instead of Purchase Order {0},يرجى تحديد أمر تعاقد من الباطن بدلاً من أمر الشراء {0},
Please select Unrealized Profit / Loss account or add default Unrealized Profit / Loss account account for company {0},يرجى تحديد حساب الربح / الخسارة غير المحقق أو إضافة حساب افتراضي للربح / الخسارة غير المحقق للشركة {0},
Please select a BOM,يرجى تحديد بوم,
Please select a Company,الرجاء اختيار الشركة,
Please select a Company first.,الرجاء تحديد شركة أولاً.,
Please select a Customer,يرجى تحديد العميل,
Please select a Delivery Note,يرجى اختيار إشعار التسليم,
Please select a Subcontracting Purchase Order.,يرجى تحديد أمر شراء تعاقد من الباطن.,
Please select a Supplier,الرجاء اختيار مورد,
Please select a Warehouse,يرجى تحديد مستودع,
Please select a Work Order first.,يرجى تحديد أمر عمل أولاً.,
Please select a country,يرجى تحديد بلد,
Please select a customer for fetching payments.,يرجى تحديد عميل لجلب المدفوعات.,
Please select a date,يرجى تحديد تاريخ,
Please select a date and time,يرجى تحديد تاريخ ووقت,
Please select a default mode of payment,الرجاء تحديد طريقة الدفع الافتراضية,
Please select a field to edit from numpad,الرجاء تحديد حقل لتعديله من المفكرة,
Please select a frequency for delivery schedule,يرجى تحديد وتيرة جدول التسليم,
Please select a row to create a Reposting Entry,يرجى تحديد صف لإنشاء قيد إعادة ترحيل,
Please select a supplier for fetching payments.,يرجى تحديد مورد لجلب المدفوعات.,
Please select a valid Purchase Order that has Service Items.,يرجى تحديد أمر شراء صالح يحتوي على أصناف خدمة.,
Please select a valid Purchase Order that is configured for Subcontracting.,يرجى تحديد أمر شراء صالح تم تكوينه للتعاقد من الباطن.,
Please select a value for {0} quotation_to {1},يرجى اختيار قيمة ل {0} عرض مسعر إلى {1},
Please select an item code before setting the warehouse.,يرجى تحديد رمز صنف قبل تعيين المستودع.,
"Please select at least one filter: Item Code, Batch, or Serial No.",يرجى تحديد فلتر واحد على الأقل: رمز الصنف، أو رقم الدفعة، أو الرقم التسلسلي.,
Please select at least one row to fix,يرجى تحديد صف واحد على الأقل لإصلاحه,
Please select at least one row with difference value,يرجى تحديد صف واحد على الأقل بقيمة مختلفة,
Please select atleast one item to continue,يرجى اختيار صنف واحد على الأقل للمتابعة,
Please select atleast one operation to create Job Card,يرجى اختيار عملية واحدة على الأقل لإنشاء بطاقة عمل,
Please select correct account,يرجى اختيارالحساب الصحيح,
Please select date,يرجى تحديد التاريخ,
Please select either the Item or Warehouse or Warehouse Type filter to generate the report.,يرجى تحديد مرشح الصنف أو المستودع أو نوع المستودع لإنشاء التقرير.,
Please select item code,الرجاء تحديد رمز البند,
Please select items to reserve.,يرجى تحديد الأصناف المراد حجزها.,
Please select items to unreserve.,يرجى تحديد الأصناف المراد إلغاء حجزها.,
Please select only one row to create a Reposting Entry,يرجى تحديد صف واحد فقط لإنشاء قيد إعادة ترحيل,
Please select rows to create Reposting Entries,يرجى تحديد الصفوف لإنشاء قيود إعادة ترحيل,
Please select the Company,يرجى تحديد الشركة,
Please select the Multiple Tier Program type for more than one collection rules.,يرجى تحديد نوع البرنامج متعدد الطبقات لأكثر من قواعد مجموعة واحدة.,
Please select the Warehouse first,يرجى تحديد المستودع أولاً,
Please select the customer.,يرجى اختيار العميل.,
Please select the document type first,يرجى تحديد نوع الوثيقة أولاً,
Please select the required filters,يرجى تحديد المرشحات المطلوبة,
Please select valid document type.,يرجى تحديد نوع مستند صالح.,
Please select weekly off day,الرجاء اختيار يوم العطلة الاسبوعي,
Please select {0} first,الرجاء تحديد {0} أولا,
Please set 'Apply Additional Discount On',يرجى تحديد 'تطبيق خصم إضافي على',
Please set 'Asset Depreciation Cost Center' in Company {0},"يرجى تحديد ""مركز تكلفة اهلاك الأصول"" للشركة {0}",
Please set 'Gain/Loss Account on Asset Disposal' in Company {0},"يرجى تحديد ""احساب لربح / الخسارة عند التخلص من الأصول"" للشركة {0}",
Please set '{0}' in Company: {1},يرجى تعيين '{0}' في الشركة: {1},
Please set Account,يرجى تعيين الحساب,
Please set Account for Change Amount,يرجى تعيين حساب لمبلغ التغيير,
Please set Account in Warehouse {0} or Default Inventory Account in Company {1},يرجى تعيين Account in Warehouse {0} أو Account Inventory Account in Company {1},
Please set Accounting Dimension {} in {},يرجى تعيين بُعد المحاسبة {} في {},
Please set Company,يرجى تعيين الشركة,
Please set Depreciation related Accounts in Asset Category {0} or Company {1},يرجى تحديد الحسابات المتعلقة بالاهلاك في فئة الأصول {0} أو الشركة {1},
Please set Email/Phone for the contact,يرجى تعيين البريد الإلكتروني/الهاتف لجهة الاتصال,
Please set Fiscal Code for the customer '%s',يرجى تعيين الرمز المالي للعميل '%s',
Please set Fiscal Code for the public administration '%s',يرجى تعيين الرمز المالي للإدارة العامة '%s',
Please set Fixed Asset Account in Asset Category {0},يرجى تعيين حساب الأصول الثابتة في فئة الأصول {0},
Please set Fixed Asset Account in {} against {}.,يرجى تعيين حساب الأصول الثابتة في {} مقابل {}.,
Please set Parent Row No for item {0},يرجى تعيين رقم الصف الرئيسي للصنف {0},
Please set Purchase Expense Contra Account in Company {0},يرجى تعيين حساب مصروفات الشراء المقابل في الشركة {0},
Please set Root Type,يرجى تعيين النوع الجذري,
Please set Tax ID for the customer '%s',يرجى تعيين رقم التعريف الضريبي للعميل '%s',
Please set Unrealized Exchange Gain/Loss Account in Company {0},يرجى تعيين حساب أرباح / خسائر غير محققة في الشركة {0},
Please set VAT Accounts in {0},يرجى تعيين حسابات ضريبة القيمة المضافة في {0},
"Please set Vat Accounts for Company: ""{0}"" in UAE VAT Settings","يرجى تعيين حسابات ضريبة القيمة المضافة للشركة: ""{0}"" في إعدادات ضريبة القيمة المضافة في الإمارات العربية المتحدة",
Please set a Company,الرجاء تعيين شركة,
Please set a Cost Center for the Asset or set an Asset Depreciation Cost Center for the Company {},يرجى تعيين مركز تكلفة للأصل أو تعيين مركز تكلفة إهلاك الأصول للشركة {},
Please set a default Holiday List for Company {0},يرجى تعيين قائمة عطلات افتراضية للشركة {0},
Please set a default Holiday List for Employee {0} or Company {1},يرجى تعيين قائمة العطل الافتراضية للموظف {0} أو الشركة {1},
Please set account in Warehouse {0},يرجى تعيين الحساب في مستودع {0},
Please set an Address on the Company '%s',يرجى تعيين عنوان للشركة '%s',
Please set an Expense Account in the Items table,يرجى تعيين حساب مصروفات في جدول الأصناف,
Please set an email id for the Lead {0},يرجى تعيين بريد إلكتروني للعميل المحتمل {0},
Please set at least one row in the Taxes and Charges Table,يرجى ضبط صف واحد على الأقل في جدول الضرائب والرسوم,
Please set both the Tax ID and Fiscal Code on Company {0},يرجى تعيين كل من رقم التعريف الضريبي والرمز المالي للشركة {0},
Please set default Cash or Bank account in Mode of Payment {0},يرجى تعيين حساب النقد أو البنك الافتراضي في طريقة الدفع {0},
Please set default Cash or Bank account in Mode of Payment {},الرجاء تعيين حساب نقدي أو مصرفي افتراضي في طريقة الدفع {},
Please set default Cash or Bank account in Mode of Payments {},الرجاء تعيين حساب نقدي أو مصرفي افتراضي في طريقة الدفع {},
Please set default Exchange Gain/Loss Account in Company {},يرجى تعيين حساب افتراضي لمكاسب/خسائر الصرف في الشركة {},
Please set default Expense Account in Company {0},يرجى تعيين حساب مصروفات افتراضي في الشركة {0},
Please set default UOM in Stock Settings,يرجى تعيين وحدة القياس الافتراضية في إعدادات المخزون,
Please set default cost of goods sold account in company {0} for booking rounding gain and loss during stock transfer,يرجى تعيين حساب افتراضي لتكلفة البضائع المباعة في الشركة {0} لتسجيل مكاسب وخسائر التقريب أثناء نقل المخزون,
"Please set default inventory account for item {0}, or their item group or brand.",يرجى تعيين حساب المخزون الافتراضي للصنف {0}، أو لمجموعة الأصناف أو العلامة التجارية الخاصة به.,
Please set default {0} in Company {1},يرجى تعيين {0} الافتراضي للشركة {1},
Please set filter based on Item or Warehouse,يرجى ضبط الفلتر على أساس البند أو المخزن,
Please set one of the following:,يرجى تعيين أحد الخيارات التالية:,
Please set opening number of booked depreciations,يرجى تعيين العدد الافتتاحي للإهلاكات المسجلة,
Please set recurring after saving,يرجى تحديد (تكرار) بعد الحفظ,
Please set the Customer Address,يرجى ضبط عنوان العميل,
Please set the Default Cost Center in {0} company.,يرجى تعيين مركز التكلفة الافتراضي في الشركة {0}.,
Please set the Item Code first,يرجى تعيين رمز العنصر أولا,
Please set the Target Warehouse in the Job Card,يرجى تعيين المستودع المستهدف في بطاقة العمل,
Please set the WIP Warehouse in the Job Card,يرجى تعيين مستودع العمل تحت التنفيذ في بطاقة العمل,
Please set the cost center field in {0} or setup a default Cost Center for the Company.,يرجى تعيين حقل مركز التكلفة في {0} أو إعداد مركز تكلفة افتراضي للشركة.,
Please set up the Campaign Schedule in the Campaign {0},يرجى إعداد جدول الحملة في الحملة {0},
Please set {0},الرجاء تعيين {0},
Please set {0} first.,يرجى تعيين {0} أولاً.,
"Please set {0} for Batched Item {1}, which is used to set {2} on Submit.",يرجى تعيين {0} للعنصر المجمّع {1} ، والذي يتم استخدامه لتعيين {2} عند الإرسال.,
Please set {0} for address {1},يرجى ضبط {0} للعنوان {1},
Please set {0} in BOM Creator {1},يرجى تعيين {0} في منشئ قائمة المواد {1},
Please set {0} in Company {1} to account for Exchange Gain / Loss,يرجى تعيين {0} في الشركة {1} لحساب مكاسب / خسائر الصرف,
"Please set {0} to {1}, the same account that was used in the original invoice {2}.",يرجى تعيين {0} إلى {1}، وهو نفس الحساب الذي تم استخدامه في الفاتورة الأصلية {2}.,
Please setup and enable a group account with the Account Type - {0} for the company {1},يرجى إعداد وتمكين حساب مجموعة بنوع الحساب - {0} للشركة {1},
Please share this email with your support team so that they can find and fix the issue.,يرجى مشاركة هذا البريد الإلكتروني مع فريق الدعم الخاص بك حتى يتمكنوا من العثور على المشكلة وإصلاحها.,
Please specify Company,يرجى تحديد شركة,
Please specify Company to proceed,الرجاء تحديد الشركة للمضى قدما,
Please specify a valid Row ID for row {0} in table {1},يرجى تحديد هوية الصف صالحة لصف {0} في الجدول {1},
Please specify a {0} first.,يرجى تحديد {0} أولاً.,
Please specify at least one attribute in the Attributes table,يرجى تحديد خاصية واحدة على الأقل في جدول (الخاصيات),
Please specify either Quantity or Valuation Rate or both,يرجى تحديد الكمية أو التقييم إما قيم أو كليهما,
Please specify from/to range,يرجى التحديد من / إلى النطاق,
Please try again in an hour.,يرجى المحاولة مرة أخرى خلال ساعة.,
Please update Repair Status.,يرجى تحديث حالة الإصلاح.,
Point of Sale,نقطة البيع,
Point-of-Sale Profile,ملف نقطة البيع,
Policy No,رقم البوليصة,
Policy number,رقم مركز الشرطه,
Pond,بركة,
Pood,بود,
Portal User,مستخدم البوابة,
Portal Users,مستخدمو البوابة,
Possible Supplier,مورد محتمل,
Post Description Key,وظيفة الوصف,
Post Graduate,إجازة عاليه,
Post Route Key,وظيفة الطريق الرئيسي,
Post Route Key List,قائمة مفاتيح مسار النشر,
Post Route String,Post Post String,
Post Title Key,عنوان العنوان الرئيسي,
Postal Expenses,نفقات بريدية,
Posting Date,تاريخ الترحيل,
Posting Date Inheritance for Exchange Gain / Loss,وراثة تاريخ الترحيل لمكاسب / خسائر الصرف,
Posting Date cannot be future date,لا يمكن أن يكون تاريخ النشر تاريخا مستقبلا,
Posting Datetime,تاريخ ووقت الترحيل,
Posting Time,نشر التوقيت,
Posting date and posting time is mandatory,تاريخ النشر و وقت النشر الزامي,
Posting timestamp must be after {0},الطابع الزمني للترحيل يجب أن يكون بعد {0},
Potential Sales Deal,صفقة بيع محتملة,
Pound,رطل,
Pound-Force,رطل-قوة,
Pound/Cubic Foot,رطل/قدم مكعب,
Pound/Cubic Inch,رطل/بوصة مكعبة,
Pound/Cubic Yard,رطل/ياردة مكعبة,
Pound/Gallon (UK),رطل/جالون (بريطاني),
Pound/Gallon (US),رطل/جالون (أمريكي),
Poundal,باوندال,
Powered by {0},مدعوم بواسطة {0},
Pre Sales,قبل البيع,
Preference,تفضيل,
Preferred Contact Email,البريد الإلكتروني المفضل للاتصال,
Preferred Email,البريد الإلكتروني المفضل,
Prepaid Expenses,المصاريف المدفوعة مسبقاً,
President,رئيس,
Prevdoc DocType,Prevdoc DOCTYPE,
Prevent POs,منع نقاط الشراء,
Prevent Purchase Orders,منع أوامر الشراء,
Prevent RFQs,منع رفق,
Preventive,وقائي,
Preventive Action,إجراءات وقائية,
Preventive Maintenance,الصيانة الوقائية,
Preview Email,معاينة البريد الإلكتروني,
Preview Required Materials,معاينة المواد المطلوبة,
Previous Financial Year is not closed,السنة المالية السابقة ليست مغلقة,
Previous Work Experience,خبرة العمل السابق,
"Previous Year is not closed, please close it first",السنة السابقة لم يتم إغلاقها، يرجى إغلاقها أولاً,
Price,السعر,
Price ({0}),السعر ({0}),
Price Discount Scheme,مخطط سعر الخصم,
Price Discount Slabs,ألواح سعر الخصم,
Price List,قائمة الأسعار,
Price List & Currency,قائمة الأسعار والعملة,
Price List Country,قائمة الأسعار البلد,
Price List Currency,قائمة الأسعار العملات,
Price List Currency not selected,قائمة أسعار العملات غير محددة,
Price List Defaults,افتراضيات قائمة الأسعار,
Price List Exchange Rate,معدل سعر صرف قائمة,
Price List Name,قائمة الأسعار اسم,
Price List Rate,سعر السلعة حسب قائمة الأسعار,
Price List Rate (Company Currency),قائمة الأسعار معدل (عملة الشركة),
Price List must be applicable for Buying or Selling,يجب ان تكون قائمة الأسعار منطبقه للشراء او البيع,
Price List {0} is disabled or does not exist,قائمة الأسعار {0} تعطيل أو لا وجود لها,
Price Not UOM Dependent,السعر لا يعتمد على UOM,
Price Per Unit ({0}),السعر لكل وحدة ({0}),
Price is not set for the item.,لم يتم تعيين سعر للصنف.,
Price not found for item {0} in price list {1},لم يتم العثور على السعر للعنصر {0} في قائمة الأسعار {1},
Price or Product Discount,السعر أو خصم المنتج,
Price or product discount slabs are required,ألواح سعر الخصم أو المنتج مطلوبة,
Price per Unit (Stock UOM),السعر لكل وحدة (المخزون UOM),
Pricing,التسعير,
Pricing Rule,قاعدة التسعير,
Pricing Rule Brand,قاعدة تسعير العلامة التجارية,
Pricing Rule Detail,تفاصيل قاعدة التسعير,
Pricing Rule Help,تعليمات قاعدة التسعير,
Pricing Rule Item Code,قاعدة بند التسعير,
Pricing Rule Item Group,مجموعة قاعدة التسعير,
Pricing Rule {0} is updated,يتم تحديث قاعدة التسعير {0},
Pricing Rules,قواعد التسعير,
Primary Address Details,تفاصيل العنوان الرئيسي,
Primary Address and Contact,العنوان الأساسي وجهة الاتصال,
Primary Contact Details,تفاصيل الاتصال الأساسية,
Primary Contact Email,البريد الإلكتروني لجهة الاتصال الأساسية,
Primary Party,الطرف الأساسي,
Primary Role,الدور الأساسي,
Primary Settings,الإعدادات الأولية,
Print Format Type should be Jinja.,يجب أن يكون نوع تنسيق الطباعة Jinja.,
Print IRS 1099 Forms,طباعة نماذج مصلحة الضرائب 1099,
Print Preferences,تفضيلات الطباعة,
Print Receipt,اطبع الايصال,
Print Receipt on Order Complete,طباعة الإيصال عند اكتمال الطلب,
Print UOM after Quantity,اطبع UOM بعد الكمية,
Print Without Amount,طباعة بدون قيمة,
Print and Stationery,طباعة وقرطاسية,
Print settings updated in respective print format,تم تحديث إعدادات الطباعة في تنسيق الطباعة الخاصة,
Print taxes with zero amount,طباعة الضرائب مع مبلغ صفر,
Printed on {0},طُبع في {0},
Printing Details,تفاصيل الطباعة,
Printing Settings,إعدادات الطباعة,
Priorities,أولويات,
Priority cannot be lesser than 1.,لا يمكن أن تكون الأولوية أقل من 1.,
Priority has been changed to {0}.,تم تغيير الأولوية إلى {0}.,
Priority is mandatory,الأولوية إلزامية,
Priority {0} has been repeated.,تم تكرار الأولوية {0}.,
Private Equity,الملكية الخاصة,
Probability,الاحتمالية,
Probability (%),الاحتمالية (٪),
Problem,مشكلة,
Procedure,إجراء,
Process Deferred Accounting,عملية المحاسبة المؤجلة,
Process Description,وصف العملية,
Process Loss,فاقد العملية,
Process Loss Percentage cannot be greater than 100,لا يمكن أن تتجاوز نسبة فاقد العملية 100,
Process Loss Qty,كمية فاقد العملية,
Process Loss Quantity,كمية فاقد العملية,
Process Loss Report,تقرير فاقد العملية,
Process Loss Value,قيمة فاقد العملية,
Process Owner,صاحب العملية,
Process Owner Full Name,الاسم الكامل لصاحب العملية,
Process Payment Reconciliation,معالجة تسوية الدفع,
Process Payment Reconciliation Log,سجل معالجة تسوية الدفع,
Process Payment Reconciliation Log Allocations,تخصيصات سجل معالجة تسوية الدفع,
Process Period Closing Voucher,سند إغلاق فترة المعالجة,
Process Period Closing Voucher Detail,تفاصيل سند إغلاق فترة المعالجة,
Process Statement Of Accounts,بيان العملية للحسابات,
Process Statement Of Accounts CC,معالجة كشف الحسابات (نسخة كربونية),
Process Statement Of Accounts Customer,بيان العملية لحسابات العملاء,
Process Subscription,معالجة الاشتراك,
Process in Single Transaction,المعالجة في معاملة واحدة,
Processed BOMs,قوائم المواد المعالجة,
Processes,العمليات,
Processing Date,تاريخ المعالجة,
Processing XML Files,معالجة ملفات XML,
Processing import...,جارٍ معالجة الاستيراد...,
Procurement,الشراء,
Procurement Tracker,المقتفي المشتريات,
Produce Qty,إنتاج الكمية,
Produced,Produced,
Produced / Received Qty,الكمية المنتجة / المستلمة,
Produced Qty,الكمية المنتجة,
Produced Quantity,أنتجت الكمية,
Product,المنتج,
Product Bundle,حزم المنتجات,
Product Bundle Balance,حزمة المنتج الرصيد,
Product Bundle Help,المنتج حزمة مساعدة,
Product Bundle Item,المنتج حزمة البند,
Product Discount Scheme,مخطط خصم المنتج,
Product Discount Slabs,ألواح خصم المنتج,
Product Enquiry,الاستفسار عن المنتج,
Product Manager,مدير المنتج,
Product Price ID,معرف سعر المنتج,
Production,الإنتاج,
Production Analytics,تحليلات إنتاج,
Production Capacity,السعة الإنتاجية,
Production Item,بند انتاج,
Production Item Info,معلومات صنف الإنتاج,
Production Plan,خطة الإنتاج,
Production Plan Already Submitted,تم إرسال خطة الإنتاج بالفعل,
Production Plan Item,خطة إنتاج السلعة,
Production Plan Item Reference,مرجع بند خطة الإنتاج,
Production Plan Material Request,خطة إنتاج طلب المواد,
Production Plan Material Request Warehouse,مستودع طلب مواد خطة الإنتاج,
Production Plan Qty,كمية خطة الإنتاج,
Production Plan Sales Order,خطة الإنتاج لأمر المبيعات,
Production Plan Sub Assembly Item,بند التجميع الفرعي لخطة الإنتاج,
Production Plan Sub-assembly Item,بند التجميع الفرعي لخطة الإنتاج,
Production Plan Summary,ملخص خطة الإنتاج,
Production Planning Report,تقرير تخطيط الإنتاج,
Products,المنتجات,
Profit & Loss,الخسارة و الأرباح,
Profit This Year,الربح هذا العام,
Profit and Loss,الربح والخسارة,
Profit and Loss Statement,الأرباح والخسائر,
Profit and Loss Summary,ملخص الأرباح والخسائر,
Profit for the year,الربح السنوي,
Profitability,الربحية,
Profitability Analysis,تحليل الربحية,
Progress % for a task cannot be more than 100.,لا يمكن أن تتجاوز نسبة الإنجاز للمهمة 100.,
Progress (%),التقدم (٪),
Project Collaboration Invitation,دعوة للمشاركة في المشاريع,
Project Id,هوية المشروع,
Project Manager,مدير المشروع,
Project Name,اسم المشروع,
Project Progress:,تقدم المشروع:,
Project Start Date,تاريخ بدء المشروع,
Project Status,حالة المشروع,
Project Summary,ملخص المشروع,
Project Summary for {0},ملخص المشروع لـ {0},
Project Template,قالب المشروع,
Project Template Task,مهمة قالب المشروع,
Project Type,نوع المشروع,
Project Update,تحديث المشروع,
Project Update.,تحديث المشروع.,
Project User,عضو المشروع,
Project Value,قيمة المشروع,
Project activity / task.,نشاط او مهمة لمشروع.,
Project master.,المدير الرئيسي بالمشروع.,
Project will be accessible on the website to these users,والمشروع أن تكون متاحة على الموقع الإلكتروني لهؤلاء المستخدمين,
Project wise Stock Tracking,تتبع المشروع الحكيم,
Project wise Stock Tracking ,تتبع المخزون حسب المشروع ,
Project-wise data is not available for Quotation,البيانات الخاصة بالمشروع غير متوفرة للعرض المسعر,
Projected On Hand,عرض على اليد,
Projected Qty,الكمية المتوقعة,
Projected Quantity,الكمية المتوقعة,
Projected Quantity Formula,صيغة الكمية المتوقعة,
Projected qty,الكمية المتوقعة,
Projects,مشاريع,
Projects Manager,مدير المشاريع,
Projects Settings,إعدادات المشاريع,
Projects User,عضو المشاريع,
Promotional,الترويجية,
Promotional Scheme,مخطط ترويجي,
Promotional Scheme Id,معرف المخطط الترويجي,
Promotional Scheme Price Discount,خصم سعر المخطط الترويجي,
Promotional Scheme Product Discount,خصم المنتج خطة ترويجية,
Prompt Qty,كمية مطالب بها,
Proposal Writing,تجهيز العروض,
Proposal/Price Quote,اقتراح / سعر الاقتباس,
Prorate,بنسبة كذا,
Prospect,عميل محتمل,
Prospect Lead,عميل محتمل رئيسي,
Prospect Opportunity,فرصة عميل محتمل,
Prospect Owner,مالك العميل المحتمل,
Prospect {0} already exists,العميل المحتمل {0} موجود بالفعل,
Prospecting,تنقيب,
Prospects Engaged But Not Converted,آفاق تشارك ولكن لم تتحول,
Protected DocType,نوع مستند محمي,
Provide Email Address registered in company,تزويد بعنوان البريد الإلكتروني المسجل في شركة,
Providing,توفير,
Provisional Account,حساب مؤقت,
Provisional Expense Account,حساب مصروفات مؤقت,
Provisional Profit / Loss (Credit),الربح / الخسارة المؤقته (دائن),
Psi/1000 Feet,رطل لكل بوصة مربعة/1000 قدم,
Publish Date,تاريخ النشر,
Published Date,تاريخ النشر,
Publisher,الناشر,
Publisher ID,معرف الناشر,
Publishing,النشر,
Purchase,الشراء,
Purchase Amount,قيمة الشراء,
Purchase Analytics,تحليلات المشتريات,
Purchase Date,تاريخ الشراء,
Purchase Defaults,المشتريات الافتراضية,
Purchase Details,تفاصيل شراء,
Purchase Expense,مصاريف الشراء,
Purchase Expense Account,حساب مصروفات الشراء,
Purchase Expense Contra Account,حساب مقابل لمصروفات الشراء,
Purchase Expense for Item {0},مصروف الشراء للصنف {0},
Purchase Invoice,فاتورة شراء,
Purchase Invoice Advance,عربون فاتورة الشراء,
Purchase Invoice Item,اصناف فاتورة المشتريات,
Purchase Invoice Trends,اتجهات فاتورة الشراء,
Purchase Invoice cannot be made against an existing asset {0},لا يمكن إجراء فاتورة الشراء مقابل أصل موجود {0},
Purchase Invoice {0} is already submitted,فاتورة الشراء {0} تم ترحيلها من قبل,
Purchase Invoices,فواتير الشراء,
Purchase Order,أمر الشراء,
Purchase Order Amount,مبلغ أمر الشراء,
Purchase Order Amount(Company Currency),مبلغ أمر الشراء (عملة الشركة),
Purchase Order Analysis,تحليل أوامر الشراء,
Purchase Order Date,تاريخ أمر الشراء,
Purchase Order Item,صنف امر الشراء,
Purchase Order Item Supplied,الأصناف المزوده بامر الشراء,
Purchase Order Item reference is missing in Subcontracting Receipt {0},مرجع بند أمر الشراء مفقود في إيصال التعاقد من الباطن {0},
Purchase Order Items not received on time,لم يتم استلام طلبات الشراء في الوقت المحدد,
Purchase Order Pricing Rule,قاعدة تسعير أمر الشراء,
Purchase Order Required,أمر الشراء مطلوب,
Purchase Order Required for item {},طلب الشراء مطلوب للعنصر {},
Purchase Order Trends,اتجهات امر الشراء,
Purchase Order already created for all Sales Order items,تم إنشاء أمر الشراء بالفعل لجميع بنود أوامر المبيعات,
Purchase Order number required for Item {0},رقم أمر الشراء مطلوب للصنف {0},
Purchase Order {0} created,تم إنشاء أمر الشراء {0},
Purchase Order {0} is not submitted,طلب الشراء {0} يجب أن يعتمد,
Purchase Orders,طلبات الشراء,
Purchase Orders Count,عدد أوامر الشراء,
Purchase Orders Items Overdue,أوامر الشراء البنود المتأخرة,
Purchase Orders are not allowed for {0} due to a scorecard standing of {1}.,لا يسمح بأوامر الشراء {0} بسبب وضع بطاقة النقاط {1}.,
Purchase Orders to Bill,أوامر الشراء إلى الفاتورة,
Purchase Orders to Receive,أوامر الشراء لتلقي,
Purchase Orders {0} are un-linked,أوامر الشراء {0} غير مرتبطة,
Purchase Price List,قائمة أسعار الشراء,
Purchase Receipt,إشعار استلام المشتريات,
Purchase Receipt (Draft) will be auto-created on submission of Subcontracting Receipt.,سيتم إنشاء إيصال الشراء (مسودة) تلقائيًا عند إرسال إيصال التعاقد من الباطن.,
Purchase Receipt Detail,شراء إيصال التفاصيل,
Purchase Receipt Item,اصناف استلام الشراء,
Purchase Receipt Item Supplied,شراء السلعة استلام الموردة,
Purchase Receipt No,لا شراء استلام,
Purchase Receipt Required,إيصال استلام المشتريات مطلوب,
Purchase Receipt Required for item {},إيصال الشراء مطلوب للعنصر {},
Purchase Receipt Trends,شراء اتجاهات الإيصال,
Purchase Receipt doesn't have any Item for which Retain Sample is enabled.,لا يحتوي إيصال الشراء على أي عنصر تم تمكين الاحتفاظ عينة به.,
Purchase Receipt {0} created.,تم إنشاء إيصال الشراء {0}.,
Purchase Receipt {0} is not submitted,إيصال استلام المشتريات {0} لم يتم تقديمه,
Purchase Register,سجل شراء,
Purchase Return,شراء العودة,
Purchase Tax Template,قالب الضرائب على المشتريات,
Purchase Tax Withholding Category,فئة اقتطاع ضريبة الشراء,
Purchase Taxes and Charges,الضرائب والرسوم الشراء,
Purchase Taxes and Charges Template,قالب الضرائب والرسوم على المشتريات,
Purchase Time,وقت الشراء,
Purchase Value,قيمة الشراء,
Purchase Voucher No,رقم سند الشراء,
Purchase Voucher Type,نوع سند الشراء,
Purchase orders help you plan and follow up on your purchases,طلبات الشراء تساعدك على تخطيط ومتابعة عمليات الشراء الخاصة بك,
Purchased,اشترى,
Purchases,المشتريات,
Purchasing,المشتريات,
Purpose,غرض,
Purpose must be one of {0},الهدف يجب ان يكون واحد ل {0},
Purposes,أغراض,
Purposes Required,الأغراض المطلوبة,
Putaway Rule,قاعدة التخزين,
Putaway Rule already exists for Item {0} in Warehouse {1}.,قاعدة التخزين موجودة بالفعل للصنف {0} في المستودع {1}.,
Qty,الكمية,
Qty ,الكمية ,
Qty (Company),الكمية (الشركة),
Qty (Warehouse),الكمية (المستودع),
Qty (in Stock UOM),الكمية (وحدة القياس المتوفرة في المخزون),
Qty After Transaction,الكمية بعد المعاملة,
Qty Change,تغيير الكمية,
Qty Consumed Per Unit,الكمية المستهلكة لكل وحدة,
Qty In Stock,الكمية في المخزون,
Qty Per Unit,الكمية لكل وحدة,
Qty To Manufacture,الكمية للتصنيع,
"Qty To Manufacture ({0}) cannot be a fraction for the UOM {2}. To allow this, disable '{1}' in the UOM {2}.",لا يمكن أن تكون الكمية المراد تصنيعها ({0}) كسرًا لوحدة القياس {2}. للسماح بذلك، قم بتعطيل '{1}' في وحدة القياس {2}.,
Qty To Produce,الكمية المراد إنتاجها,
Qty Wise Chart,مخطط حسب الكمية,
Qty and Rate,الكمية والسعر,
Qty as Per Stock UOM,الكمية حسب وحدة قياس المخزون,
Qty as per Stock UOM,الكمية حسب وحدة قياس المخزون,
Qty for which recursion isn't applicable.,الكمية التي لا ينطبق عليها التكرار.,
Qty for {0},الكمية ل {0},
Qty in Stock UOM,الكمية بوحدة قياس المخزون,
Qty of Finished Goods Item,الكمية من السلع تامة الصنع,
Qty of Finished Goods Item should be greater than 0.,يجب أن تكون كمية صنف المنتج النهائي أكبر من 0.,
Qty of raw materials will be decided based on the qty of the Finished Goods Item,سيتم تحديد كمية المواد الخام بناءً على الكمية الخاصة ببند البضائع النهائية,
Qty to Be Consumed,الكمية المراد استهلاكها,
Qty to Bill,الكمية للفاتورة,
Qty to Build,الكمية المراد إنشاؤها,
Qty to Deliver,الكمية للتسليم,
Qty to Fetch,الكمية المراد جلبها,
Qty to Manufacture,الكمية للتصنيع,
Qty to Order,الكمية للطلب,
Qty to Produce,الكمية المراد إنتاجها,
Qty to Receive,الكمية للاستلام,
Qualification,المؤهل,
Qualification Status,حالة التأهيل,
Qualified,مؤهل,
Qualified By,مؤهل بواسطة,
Qualified on,مؤهل في,
Quality,جودة,
Quality Action,جودة العمل,
Quality Action Resolution,قرار جودة العمل,
Quality Feedback,ردود فعل الجودة,
Quality Feedback Parameter,نوعية ردود الفعل المعلمة,
Quality Feedback Template,قالب ملاحظات الجودة,
Quality Feedback Template Parameter,نوعية ردود الفعل قالب المعلمة,
Quality Goal,هدف الجودة,
Quality Goal Objective,هدف جودة الهدف,
Quality Inspection,فحص الجودة,
Quality Inspection Analysis,تحليل فحص الجودة,
Quality Inspection Parameter,معلمة فحص الجودة,
Quality Inspection Parameter Group,مجموعة معلمات فحص الجودة,
Quality Inspection Reading,جودة التفتيش القراءة,
Quality Inspection Required,فحص الجودة المطلوبة,
Quality Inspection Settings,إعدادات فحص الجودة,
Quality Inspection Summary,ملخص فحص الجودة,
Quality Inspection Template,قالب فحص الجودة,
Quality Inspection Template Name,قالب فحص الجودة اسم,
Quality Inspection is required for the item {0} before completing the job card {1},فحص الجودة مطلوب للصنف {0} قبل إكمال بطاقة العمل {1},
Quality Inspection {0} is not submitted for the item: {1},لم يتم ترحيل فحص الجودة {0} للصنف: {1},
Quality Inspection {0} is rejected for the item: {1},تم رفض فحص الجودة {0} للصنف: {1},
Quality Inspection(s),فحص (فحوصات) الجودة,
Quality Inspections,عمليات فحص الجودة,
Quality Management,إدارة الجودة,
Quality Manager,مدير الجودة,
Quality Meeting,اجتماع الجودة,
Quality Meeting Agenda,جدول أعمال اجتماع الجودة,
Quality Meeting Minutes,محضر اجتماع الجودة,
Quality Procedure,إجراءات الجودة,
Quality Procedure Process,عملية إجراءات الجودة,
Quality Review,مراجعة جودة,
Quality Review Objective,هدف مراجعة الجودة,
Quantity,كمية,
Quantity  that must be bought or sold per UOM,الكمية التي يجب شراؤها أو بيعها لكل UOM,
Quantity & Stock,الكمية والمخزون,
Quantity (A - B),الكمية (أ - ب),
Quantity Difference,الكمية الفرق,
Quantity and Amount,الكمية والكمية,
Quantity and Description,الكمية والوصف,
Quantity and Rate,كمية وقيم,
Quantity and Warehouse,الكمية والنماذج,
Quantity cannot be greater than {0} for Item {1},لا يمكن أن تكون الكمية أكبر من {0} للصنف {1},
Quantity is mandatory for the selected items.,الكمية إلزامية بالنسبة للأصناف المختارة.,
Quantity is required,الكمية مطلوبة,
"Quantity must be greater than zero, and less or equal to {0}",يجب أن تكون الكمية أكبر من صفر، وأقل من أو تساوي {0},
Quantity must not be more than {0},الكمية يجب ألا تكون أكثر من {0},
Quantity of item obtained after manufacturing / repacking from given quantities of raw materials,الكمية من البنود التي تم الحصول عليها بعد التصنيع / إعادة التعبئة من الكميات المعطاء من المواد الخام,
Quantity required for Item {0} in row {1},الكمية مطلوبة للبند {0} في الصف {1},
Quantity should be greater than 0,الكمية يجب أن تكون أبر من 0,
Quantity to Make,كمية لجعل,
Quantity to Manufacture,كمية لتصنيع,
Quantity to Manufacture can not be zero for the operation {0},لا يمكن أن تكون الكمية للتصنيع صفراً للتشغيل {0},
Quantity to Manufacture must be greater than 0.,"""الكمية لتصنيع"" يجب أن تكون أكبر من 0.",
Quantity to Produce,كمية لإنتاج,
Quantity to Produce should be greater than zero.,يجب أن تكون الكمية المراد إنتاجها أكبر من صفر.,
Quantity to Scan,الكمية المراد مسحها ضوئيًا,
Quart (UK),كوارت (المملكة المتحدة),
Quart Dry (US),كوارت جاف (الولايات المتحدة),
Quart Liquid (US),كوارت سائل (الولايات المتحدة),
Quarter {0} {1},الربع {0} {1},
Query Route String,سلسلة مسار الاستعلام,
Queue Size should be between 5 and 100,يجب أن يكون حجم قائمة الانتظار بين 5 و 100,
Quick Journal Entry,قيد دفتر يومية سريع,
Quick Ratio,نسبة السيولة السريعة,
Quick Stock Balance,رصيد المخزون السريع,
Quintal,قنطار,
Quot Count,عدد النقاط,
Quot/Lead %,نسبة عرض السعر/العميل المتوقع %,
Quotation,عرض سعر,
Quotation Amount,مبلغ عرض السعر,
Quotation Item,بند المناقصة,
Quotation Lost Reason,سبب خسارة المناقصة,
Quotation Lost Reason Detail,اقتباس تفاصيل سبب فقد,
Quotation Number,رقم عرض السعر,
Quotation To,مناقصة لـ,
Quotation Trends,مؤشرات المناقصة,
Quotation {0} is cancelled,العرض المسعر {0} تم إلغائه,
Quotation {0} not of type {1},عرض مسعر {0} ليس من النوع {1},
Quotations,عروض مسعرة,
"Quotations are proposals, bids you have sent to your customers",عروض المسعره هي المقترحات، و المناقصات التي تم إرسالها للزبائن,
Quotations: ,عروض مسعرة: ,
Quote Status,حالة المناقصة,
Quoted Amount,المبلغ المعروض,
RFQ and Purchase Order Settings,إعدادات طلب عروض الأسعار وأمر الشراء,
RFQs are not allowed for {0} due to a scorecard standing of {1},لا يسمح ب رفق ل {0} بسبب وضع بطاقة الأداء ل {1},
Raise Material Request When Stock Reaches Re-order Level,رفع طلب المواد عندما يصل المخزون إلى مستوى إعادة الطلب,
Raised By,التي أثارها,
Raised By (Email),التي أثارها (بريد إلكتروني),
Rate,السعر,
Rate & Amount,معدل وكمية,
Rate (Company Currency),معدل (عملة الشركة),
Rate Of Materials Based On,سعرالمواد استنادا على,
Rate Of TDS As Per Certificate,معدل إجمالي المواد الصلبة الذائبة حسب الشهادة,
Rate Section,قسم السعر,
Rate With Margin,معدل مع الهامش,
Rate With Margin (Company Currency),السعر بالهامش (عملة الشركة),
Rate and Amount,معدل والمبلغ,
Rate at which Customer Currency is converted to customer's base currency,المعدل الذي يتم تحويل العملة إلى عملة الأساس العملاء العميل,
Rate at which Price list currency is converted to company's base currency,المعدل الذي يتم تحويل سعر العملة العملة الأساسية القائمة لشركة,
Rate at which Price list currency is converted to customer's base currency,المعدل الذي يتم تحويل سعر العملة العملة الأساسية القائمة لالعملاء,
Rate at which customer's currency is converted to company's base currency,المعدل الذي يتم تحويل العملة إلى عملة العميل قاعدة الشركة,
Rate at which supplier's currency is converted to company's base currency,المعدل الذي يتم تحويل العملة إلى عملة المورد قاعدة الشركة,
Rate at which this tax is applied,السعر الذي يتم فيه تطبيق هذه الضريبة,
Rate of '{}' items cannot be changed,لا يمكن تغيير سعر أصناف '{}',
Rate of Depreciation,معدل الاستهلاك,
Rate of Depreciation (%),معدل الاستهلاك (%),
Rate of Interest (%) Yearly,معدل الفائدة (٪) سنويًا,
Rate of Stock UOM,سعر وحدة قياس المخزون,
Rate or Discount,معدل أو خصم,
Rate or Discount is required for the price discount.,السعر أو الخصم مطلوب لخصم السعر.,
Rates,معدلات,
Ratios,النسب,
Raw Material,المواد الخام,
Raw Material Code,كود المواد الخام,
Raw Material Cost,تكلفة المواد الخام,
Raw Material Cost (Company Currency),تكلفة المواد الخام (عملة الشركة),
Raw Material Cost Per Qty,تكلفة المواد الخام لكل كمية,
Raw Material Item,بند المواد الخام,
Raw Material Item Code,قانون المواد الخام المدينة,
Raw Material Name,اسم المادة الخام,
Raw Material Value,قيمة المواد الخام,
Raw Material Voucher No,رقم سند المواد الخام,
Raw Material Voucher Type,نوع سند المواد الخام,
Raw Material Warehouse,مستودع المواد الخام,
Raw Materials,مواد أولية,
Raw Materials Actions,إجراءات المواد الخام,
Raw Materials Consumed,المواد الخام المستهلكة,
Raw Materials Consumption,استهلاك المواد الخام,
Raw Materials Missing,المواد الخام مفقودة,
Raw Materials Required,المواد الخام المطلوبة,
Raw Materials Supplied,المواد الخام الموردة,
Raw Materials Supplied Cost,المواد الخام الموردة التكلفة,
Raw Materials cannot be blank.,لا يمكن ترك المواد الخام فارغة.,
Raw Materials to Customer,المواد الخام للعميل,
Re-open,اعادة فتح,
Re-order Level,إعادة ترتيب مستوى,
Re-order Qty,إعادة ترتيب الكمية,
Reached Root,تم الوصول إلى الجذر,
Reading 1,قراءة 1,
Reading 10,قراءة 10,
Reading 2,القراءة 2,
Reading 3,قراءة 3,
Reading 4,قراءة 4,
Reading 5,قراءة 5,
Reading 6,قراءة 6,
Reading 7,قراءة 7,
Reading 8,قراءة 8,
Reading 9,قراءة 9,
Reading Value,قيمة القراءة,
Readings,قراءات,
Real Estate,العقارات,
Reason For Putting On Hold,سبب لوضع في الانتظار,
Reason for Failure,سبب الفشل,
Reason for Hold,سبب الانتظار,
Reason for Leaving,سبب ترك العمل,
Reason for hold:,سبب التعليق:,
Rebuilding BTree for period ...,إعادة بناء شجرة B للفترة...,
Recalculate Batch Qty,إعادة حساب كمية الدفعة,
Recalculate Bin Qty,إعادة حساب كمية رصيد المخزون,
Recalculate Incoming/Outgoing Rate,إعادة حساب سعر الوارد/الصادر,
Receipt,إيصال,
Receipt Document,وثيقة استلام,
Receipt Document Type,استلام نوع الوثيقة,
Receipt Items,بنود الإيصال,
Receivable,مستحق,
Receivable / Payable Account,القبض / حساب الدائنة,
Receivable Account,حساب مدين,
Receivable/Payable Account,حساب الذمم المدينة/الدائنة,
Receivable/Payable Account: {0} doesn't belong to company {1},حساب الذمم المدينة/الدائنة: {0} لا ينتمي إلى الشركة {1},
Receivables,المستحقات للغير (مدينة),
Receive,تسلم,
Receive from Customer,استلام من العميل,
Received Amount,المبلغ الوارد,
Received Amount (Company Currency),تلقى المبلغ (شركة العملات),
Received Amount After Tax,المبلغ المستلم بعد الضريبة,
Received Amount After Tax (Company Currency),المبلغ المستلم بعد الضريبة (عملة الشركة),
Received Amount cannot be greater than Paid Amount,لا يمكن أن يكون المبلغ المستلم أكبر من المبلغ المدفوع,
Received From,مستلم من,
Received Items To Be Billed,العناصر الواردة إلى أن توصف,
Received On,وردت في,
Received Qty,تلقى الكمية,
Received Qty Amount,الكمية المستلمة,
Received Qty in Stock UOM,الكمية المستلمة بوحدة قياس المخزون,
Received Quantity,الكمية المستلمة,
Received Stock Entries,تلقى قيود المخزون,
Received and Accepted,تلقت ومقبول,
Receiver List,قائمة الاستقبال,
Receiver List is empty. Please create Receiver List,قائمة المرسل اليهم فارغة. يرجى إنشاء قائمة المرسل اليهم,
Receiving,يستلم,
Recent Orders,الطلبات الأخيرة,
Recent Transactions,المعاملات الأخيرة,
Recipient Message And Payment Details,مستلم رسالة وتفاصيل الدفع,
Reconcile,توفيق,
Reconcile All Serial Nos / Batches,تسوية جميع الأرقام التسلسلية / الدفعات,
Reconcile Effect On,تأثير التسوية على,
Reconcile Entries,تسوية القيود,
Reconcile on Advance Payment Date,التسوية في تاريخ الدفعة المقدمة,
Reconcile the Bank Transaction,تسوية المعاملة البنكية,
Reconciled,فرضت عليه,
Reconciled Entries,القيود المسواة,
Reconciliation Date,تاريخ التسوية,
Reconciliation Error Log,سجل أخطاء التسوية,
Reconciliation Logs,سجلات التسوية,
Reconciliation Progress,تقدم التسوية,
Reconciliation Queue Size,حجم قائمة انتظار التسوية,
Reconciliation Takes Effect On,التسوية تسري على,
Recording HTML,HTML التسجيل,
Recording URL,تسجيل URL,
Records,تسجيل,
Recoverable Standard Rated expenses should not be set when Reverse Charge Applicable is Y,لا ينبغي تعيين المصروفات القياسية القابلة للاسترداد عند تطبيق رسوم عكسية,
Recreate Stock Ledgers,إعادة إنشاء دفاتر أستاذ المخزون,
Recurse Every (As Per Transaction UOM),التكرار كل (حسب وحدة قياس المعاملة),
Recurse Over Qty cannot be less than 0,لا يمكن أن تكون الكمية المتكررة أقل من 0,
Recursive Discounts with Mixed condition is not supported by the system,الخصومات المتكررة مع شرط مختلط غير مدعومة من قبل النظام,
Redeem Against,استبدال مقابل,
Redeem Loyalty Points,استبدل نقاط الولاء,
Redeemed Points,النقاط المستردة,
Redemption,فداء,
Redemption Account,حساب الاسترداد,
Redemption Cost Center,مركز تكلفة الاسترداد,
Redemption Date,تاريخ الاسترداد,
Ref Code,الرمز المرجعي,
Ref Date,تاريخ المرجع,
Reference #{0} dated {1},المرجع # {0} بتاريخ {1},
Reference Date for Early Payment Discount,تاريخ المرجع لخصم الدفع المبكر,
Reference Detail No,تفاصيل المرجع رقم,
Reference Doctype must be one of {0},المستند المرجع يجب أن يكون واحد من {0},
Reference Due Date,تاريخ الاستحقاق المرجعي,
Reference Exchange Rate,سعر صرف المرجع,
Reference No,رقم المرجع,
Reference No & Reference Date is required for {0},رقم المرجع وتاريخه مطلوبان ل {0},
Reference No and Reference Date is mandatory for Bank transaction,رقم المرجع و تاريخ المرجع إلزامي للمعاملة المصرفية,
Reference No is mandatory if you entered Reference Date,رقم المرجع إلزامي اذا أدخلت تاريخ المرجع,
Reference No.,رقم المرجع.,
Reference Number,رقم الارتباط,
Reference Purchase Receipt,مرجع شراء إيصال,
Reference Row,إشارة الصف,
Reference Row #,مرجع صف #,
Reference for Reservation,مرجع الحجز,
Reference number of the invoice from the previous system,رقم مرجع الفاتورة من النظام السابق,
"Reference: {0}, Item Code: {1} and Customer: {2}",المرجع: {0}، رمز العنصر: {1} والعميل: {2},
References,المراجع,
References to Sales Invoices are Incomplete,مراجع فواتير البيع غير مكتملة,
References to Sales Orders are Incomplete,مراجع أوامر البيع غير مكتملة,
References {0} of type {1} had no outstanding amount left before submitting the Payment Entry. Now they have a negative outstanding amount.,المراجع {0} من النوع {1} لم يكن لديها مبلغ مستحق متبقي قبل إرسال قيد الدفع. الآن لديهم مبلغ مستحق سالب.,
Referral Code,كود الإحالة,
Referral Sales Partner,شريك مبيعات الإحالة,
Refresh Plaid Link,تحديث رابط Plaid,
"Regards,",مع تحياتي،,
Regenerate Stock Closing Entry,إعادة إنشاء قيد إغلاق المخزون,
Regional,إقليمي,
Registration Details,تفاصيل التسجيل,
Regular,منتظم,
Rejected ,مرفوض ,
Rejected Qty,الكمية المرفوضة,
Rejected Quantity,الكمية المرفوضة,
Rejected Serial No,رقم المسلسل رفض,
Rejected Serial and Batch Bundle,حزمة الرقم التسلسلي والدفعة المرفوضة,
Rejected Warehouse,رفض مستودع,
Rejected Warehouse and Accepted Warehouse cannot be same.,لا يمكن أن يكون المستودع المرفوض والمستودع المقبول متطابقين.,
Related,ذات صلة,
Relation,علاقة,
Release Date,تاريخ النشر,
Release date must be in the future,يجب أن يكون تاريخ الإصدار في المستقبل,
Relieving Date,تاريخ المغادرة,
Remaining,المتبقية,
Remaining Amount,المبلغ المتبقي,
Remaining Balance,الرصيد المتبقي,
Remark,كلام,
Remarks,ملاحظات,
Remarks Column Length,طول عمود الملاحظات,
Remarks:,ملاحظات:,
Remove Parent Row No in Items Table,إزالة رقم الصف الرئيسي في جدول الأصناف,
Remove item if charges is not applicable to that item,إزالة الصنف إذا لم تكن الرسوم قابلة للتطبيق على هذا الصنف,
Removed items with no change in quantity or value.,العناصر إزالتها مع أي تغيير في كمية أو قيمة.,
Removing rows without exchange gain or loss,إزالة الصفوف بدون مكاسب أو خسائر صرف,
Rename Attribute Value in Item Attribute.,إعادة تسمية سمة السمة في سمة البند.,
Rename Log,إعادة تسمية الدخول,
Rename Not Allowed,إعادة تسمية غير مسموح به,
Rename Tool,إعادة تسمية أداة,
Rename jobs for doctype {0} have been enqueued.,تم إدراج مهام إعادة التسمية لنوع المستند {0} في قائمة الانتظار.,
Rename jobs for doctype {0} have not been enqueued.,لم يتم إدراج مهام إعادة التسمية لنوع المستند {0} في قائمة الانتظار.,
"Renaming it is only allowed via parent company {0}, to avoid mismatch.",يُسمح بإعادة تسميته فقط عبر الشركة الأم {0} ، لتجنب عدم التطابق.,
Rent,إيجار,
Rented,مؤجر,
Reorder Level,مستوى اعادة الطلب,
Reorder Qty,الكمية المحددة عند اعادة الطلب,
Reorder level based on Warehouse,مستوى إعادة الطلب بناء على مستودع,
Repack,أعد حزم,
Repair,إصلاح,
Repair Cost,تكلفة الإصلاح,
Repair Purchase Invoices,فواتير شراء الإصلاح,
Repair Status,حالة الإصلاح,
Repeat Customer Revenue,ايرادات الزبائن المكررين,
Repeat Customers,الزبائن المكررين,
Replace,استبدل,
Replace BOM,استبدال بوم,
"Replace a particular BOM in all other BOMs where it is used. It will replace the old BOM link, update cost and regenerate ""BOM Explosion Item"" table as per new BOM.
It also updates latest price in all the BOMs.","استبدال قائمة مواد معينة في جميع قوائم المواد الأخرى التي تُستخدم فيها. سيقوم باستبدال رابط قائمة المواد القديمة، وتحديث التكلفة، وإعادة إنشاء جدول ""بند تفجير قائمة المواد"" وفقًا لقائمة المواد الجديدة.
كما يقوم بتحديث أحدث سعر في جميع قوائم المواد.",
Report Date,تقرير تاريخ,
Report Error,الإبلاغ عن خطأ,
Report Line Items,بنود التقرير,
Report Template,نموذج تقرير,
Report Type is mandatory,نوع التقرير إلزامي,
Report an Issue,الإبلاغ عن مشكلة,
Reporting Currency,عملة الإبلاغ,
Reporting Currency Exchange Not Found,تقرير: لم يتم العثور على صرف العملات,
Reporting Currency Exchange Rate,سعر صرف العملة المُبلغ عنه,
Reports to,إرسال التقارير إلى,
Repost Accounting Ledger,إعادة ترحيل دفتر الأستاذ المحاسبي,
Repost Accounting Ledger Items,بنود إعادة ترحيل دفتر الأستاذ المحاسبي,
Repost Accounting Ledger Settings,إعدادات إعادة ترحيل دفتر الأستاذ المحاسبي,
Repost Allowed Types,الأنواع المسموح بإعادة ترحيلها,
Repost Error Log,سجل أخطاء إعادة الترحيل,
Repost Item Valuation,إعادة ترحيل تقييم الصنف,
Repost Item Valuation restarted for selected failed records.,تمت إعادة تشغيل تقييم العناصر المعاد نشرها للسجلات الفاشلة المحددة.,
Repost Only Accounting Ledgers,لإعادة النشر فقط، دفاتر المحاسبة,
Repost Payment Ledger,إعادة ترحيل دفتر أستاذ المدفوعات,
Repost Payment Ledger Items,بنود إعادة ترحيل دفتر أستاذ المدفوعات,
Repost Status,حالة إعادة الترحيل,
Repost has started in the background,بدأت إعادة الترحيل في الخلفية,
Repost in background,إعادة معالجة في الخلفية,
Repost started in the background,بدأت إعادة المعالجة في الخلفية,
Reposting Completed {0}%,اكتملت إعادة المعالجة بنسبة {0}%,
Reposting Data File,ملف بيانات إعادة المعالجة,
Reposting Info,معلومات إعادة المعالجة,
Reposting Progress,تقدم إعادة المعالجة,
Reposting Reference,مرجع إعادة النشر,
Reposting entries created: {0},قيود إعادة المعالجة التي تم إنشاؤها: {0},
Reposting has been started in the background.,بدأت إعادة المعالجة في الخلفية.,
Reposting in the background.,تتم إعادة المعالجة في الخلفية.,
Represents Company,يمثل الشركة,
Represents a Financial Year. All accounting entries and other major transactions are tracked against the Fiscal Year.,يمثل سنة مالية. يتم تتبع جميع القيود المحاسبية والمعاملات الرئيسية الأخرى مقابل السنة المالية.,
Reqd By Date,تاريخ الاستحقاق,
Reqd Qty (BOM),الكمية المطلوبة (قائمة المواد),
Reqd by date,مطلوب بالتاريخ,
Reqired Qty,الكمية المطلوبة,
Request For Quotation,طلب عرض أسعار,
Request Parameters,معلمات الطلب,
Request Type,طلب نوع,
Request for,طلب ل,
Request for Information,طلب المعلومات,
Request for Quotation,طلب للحصول على الاقتباس,
Request for Quotation Item,طلب تسعيرة البند,
Request for Quotation Supplier,طلب تسعيرة مزود,
Request for Raw Materials,طلب المواد الخام,
Requested,طلب,
Requested Items To Be Transferred,العناصر المطلوبة على أن يتم تحويلها,
Requested Items to Order and Receive,العناصر المطلوبة للطلب والاستلام,
Requested Qty,الكمية المطلبة,
"Requested Qty: Quantity requested for purchase, but not ordered.",الكمية المطلوبة: الكمية المطلوبة للشراء، ولكن لم يتم طلبها بعد.,
Requesting Site,طلب موقع,
Requestor,الطالب,
Required By,المطلوبة من قبل,
Required Date,تاريخ المطلوبة,
Required Items,الأصناف المطلوبة,
Required On,مطلوب في تاريخ,
Required Qty,مطلوب الكمية,
Required Quantity,الكمية المطلوبة,
Requirement,المتطلبات,
Requires Fulfilment,يتطلب وفاء,
Research,ابحاث,
Research & Development,البحث و التطوير,
Researcher,باحث,
"Reselect, if the chosen address is edited after save",إعادة تحديد، إذا تم تحرير عنوان المختار بعد حفظ,
"Reselect, if the chosen contact is edited after save",إعادة تحديد، إذا تم تحرير جهة الاتصال التي تم اختيارها بعد حفظ,
Reseller,موزع,
Resend Payment Email,إعادة إرسال الدفعة عبر البريد الإلكتروني,
Reservation,حجز,
Reservation Based On,الحجز بناءً على,
Reserve,حجز,
Reserve Stock,حجز المخزون,
Reserve Warehouse,احتياطي مستودع,
Reserve for Raw Materials,حجز للمواد الخام,
Reserve for Sub-assembly,حجز للتجميع الفرعي,
Reserved,محجوز,
Reserved Batch Conflict,تعارض الدُفعات المحجوزة,
Reserved Inventory,المخزون المحجوز,
Reserved Qty,الكمية المحجوزة,
"Reserved Qty ({0}) cannot be a fraction. To allow this, disable '{1}' in UOM {3}.",الكمية المحجوزة ({0}) لا يمكن أن تكون كسرًا. للسماح بذلك، قم بتعطيل '{1}' في وحدة القياس {3}.,
Reserved Qty for Production,الكمية المحجوزة للانتاج,
Reserved Qty for Production Plan,الكمية المحجوزة لخطة الإنتاج,
Reserved Qty for Production: Raw materials quantity to make manufacturing items.,الكمية المحجوزة للإنتاج: كمية المواد الخام اللازمة لتصنيع الأصناف.,
Reserved Qty for Subcontract,الكمية المحجوزة للتعاقد من الباطن,
Reserved Qty for Subcontract: Raw materials quantity to make subcontracted items.,الكمية المحجوزة للتعاقد من الباطن: كمية المواد الخام اللازمة لتصنيع الأصناف المتعاقد عليها من الباطن.,
Reserved Qty should be greater than Delivered Qty.,يجب أن تكون الكمية المحجوزة أكبر من الكمية المسلّمة.,
"Reserved Qty: Quantity ordered for sale, but not delivered.",الكمية المحجوزة: الكمية المطلوبة للبيع، ولكن لم يتم تسليمها بعد.,
Reserved Quantity,الكمية المحجوزة,
Reserved Quantity for Production,الكمية المحجوزة للإنتاج,
Reserved Serial No.,الرقم التسلسلي المحجوز,
Reserved Stock,المخزون المحجوز,
Reserved Stock for Batch,المخزون المحجوز للدفعة,
Reserved Stock for Raw Materials,المخزون المحجوز للمواد الخام,
Reserved Stock for Sub-assembly,المخزون المحجوز للتجميع الفرعي,
Reserved Warehouse is mandatory for the Item {item_code} in Raw Materials supplied.,المستودع المحجوز إلزامي للصنف {item_code} في المواد الخام الموردة.,
Reserved for POS Transactions,محجوز لمعاملات نقاط البيع,
Reserved for Production,محجوز للإنتاج,
Reserved for Production Plan,محجوز لخطة الإنتاج,
Reserved for Sub Contracting,محجوز للتعاقد من الباطن,
Reserved for manufacturing,محفوظة لتصنيع,
Reserved for sale,محفوظة للبيع,
Reserved for sub contracting,محجوزة للتعاقد من الباطن,
Reserving Stock...,جاري حجز المخزون...,
Reset Company Default Values,إعادة تعيين القيم الافتراضية للشركة,
Reset Plaid Link,إعادة تعيين رابط Plaid,
Reset Raw Materials Table,إعادة تعيين جدول المواد الخام,
Reset Service Level Agreement,إعادة ضبط اتفاقية مستوى الخدمة,
Resetting Service Level Agreement.,إعادة ضبط اتفاقية مستوى الخدمة.,
Resignation Letter Date,تاريخ رسالة الإستقالة,
Resolution,قرار,
Resolution By,القرار بواسطة,
Resolution Date,تاريخ القرار,
Resolution Details,قرار تفاصيل,
Resolution Due,الحل مستحق,
Resolution Time,وفر الوقت,
Resolutions,قرارات,
Resolve,حل,
Resolved,تم الحل,
Resolved By,حلها عن طريق,
Response By,الرد بواسطة,
Response Details,تفاصيل الرد,
Response Key List,قائمة مفتاح الاستجابة,
Response Options,خيارات الاستجابة,
Response Result Key Path,الاستجابة نتيجة المسار الرئيسي,
Response Time for {0} priority in row {1} can't be greater than Resolution Time.,لا يمكن أن يكون وقت الاستجابة {0} للأولوية في الصف {1} أكبر من وقت الحل.,
Response and Resolution,الاستجابة والحل,
Responsible,مسؤول,
Rest Of The World,باقي أنحاء العالم,
Restart,إعادة تشغيل,
Restart Failed Entries,إعادة تشغيل القيود الفاشلة,
Restart Subscription,إعادة تشغيل الاشتراك,
Restore Asset,استعادة الأصل,
Restrict,تقييد,
Restrict Items Based On,تقييد الأصناف بناءً على,
Restrict to Countries,تقييد البلدان,
Result Key,مفتاح النتيجة,
Result Preview Field,حقل معاينة النتيجة,
Result Route Field,النتيجة مجال التوجيه,
Result Title Field,النتيجة عنوان الحقل,
Resume,استئنف,
Resume Job,استئناف المهمة,
Resume Timer,استئناف المؤقت,
Retail & Wholesale,البيع بالتجزئة والجملة,
Retailer,بائع تجزئة,
Retain Sample,الاحتفاظ عينة,
Retained Earnings,أرباح محتجزة,
Retried,تمت إعادة المحاولة,
Retry Failed Transactions,إعادة محاولة المعاملات الفاشلة,
Return,مرتجع,
Return / Credit Note,ارجاع / اشعار دائن,
Return / Debit Note,ارجاع / اشعار مدين,
Return Against,مرتجع مقابل,
Return Against Delivery Note,البضاعة المعادة مقابل اشعار تسليم,
Return Against Purchase Invoice,العودة ضد شراء فاتورة,
Return Against Purchase Receipt,العودة ضد شراء إيصال,
Return Against Subcontracting Receipt,مرتجع مقابل إيصال استلام التعاقد من الباطن,
Return Components,إرجاع المكونات,
Return Issued,تم إصدار المرتجع,
Return Qty,كمية المرتجع,
Return Qty from Rejected Warehouse,كمية المرتجع من المستودع المرفوض,
Return Raw Material to Customer,إعادة المواد الخام إلى العميل,
Return invoice of asset cancelled,تم إلغاء فاتورة مرتجع الأصل,
Return of Components,إرجاع المكونات,
Return on Asset Ratio,نسبة العائد على الأصول,
Returned,تم إرجاعه,
Returned Against,مرتجع مقابل,
Returned Amount,المبلغ المرتجع,
Returned Qty,عاد الكمية,
Returned Qty ,الكمية المرتجعة ,
Returned Qty in Stock UOM,الكمية المرتجعة بوحدة قياس المخزون,
Returned exchange rate is neither integer not float.,سعر الصرف المرجع ليس عددًا صحيحًا ولا عشريًا.,
Returns,النتائج,
Revaluation Journals,قيود إعادة التقييم,
Revaluation Surplus,فائض إعادة التقييم,
Revenue,الإيرادات,
Reversal Of,عكس قيد لـ,
Reverse Journal Entry,عكس قيد اليومية,
Reverse Sign,عكس الإشارة,
Review,إعادة النظر,
Review Date,مراجعة تاريخ,
Review and Action,مراجعة والعمل,
Reviews,التعليقات,
Revise Budget,مراجعة الميزانية,
Revision Of,مراجعة,
Revision cancelled,تم إلغاء المراجعة,
Rgt,Rgt,
Right Child,العقدة اليمنى,
Right Index,الفهرس الأيمن,
Ringing,رنين,
Rod,قضيب,
Role Allowed to Create/Edit Back-dated Transactions,الدور المسموح له بإنشاء/تعديل المعاملات بتاريخ سابق,
Role Allowed to Edit Frozen Stock,الدور المسموح به لتحرير المخزون المجمد,
Role Allowed to Over Bill ,الدور المسموح له بتجاوز الفوترة ,
Role Allowed to Over Deliver/Receive,الدور المسموح له بتجاوز التسليم/الاستلام,
Role Allowed to Override Stop Action,الدور المسموح له بتجاوز إجراء الإيقاف,
Role allowed to bypass Credit Limit,الدور المسموح له بتجاوز حد الائتمان,
Role allowed to bypass period restrictions.,يُسمح للدور بتجاوز قيود الفترة.,
Role to Notify on Depreciation Failure,دور الإبلاغ عن فشل الاستهلاك,
Roles Allowed to Set and Edit Frozen Account Entries,الأدوار المسموح لها بتعيين وتعديل قيود الحسابات المجمدة,
Root,الجذر,
Root Company,شركة الجذر,
Root Type,نوع الجذر,
"Root Type for {0} must be one of the Asset, Liability, Income, Expense and Equity",نوع الجذر لـ {0} يجب أن يكون واحدًا من الأصول، الخصوم، الإيرادات، المصروفات أو حقوق الملكية,
Root Type is mandatory,نوع الجذر إلزامي,
Root cannot be edited.,الجذرلا يمكن تعديل.,
Root cannot have a parent cost center,الجذر لا يمكن أن يكون له مركز تكلفة أب,
Round Free Qty,تقريب الكمية المجانية,
Round Off,تقريب,
Round Off Account,جولة قبالة حساب,
Round Off Cost Center,مركز التكلفة الخاص بالتقريب,
Round Off Tax Amount,تقريب مبلغ الضريبة,
Round Off for Opening,تقريب للرصيد الافتتاحي,
Round Tax Amount Row-wise,تقريب مبلغ الضريبة لكل صف,
Rounded Total,تقريب إجمالي,
Rounded Total (Company Currency),المشاركات تقريب (العملة الشركة),
Rounding Adjustment,تعديل التقريب,
Rounding Adjustment (Company Currency,تعديل التقريب (عملة الشركة,
Rounding Adjustment (Company Currency),تعديل التقريب (عملة الشركة),
Rounding Loss Allowance,مخصص خسارة التقريب,
Rounding Loss Allowance should be between 0 and 1,يجب أن يكون مخصص خسارة التقريب بين 0 و 1,
Rounding gain/loss Entry for Stock Transfer,قيد ربح/خسارة التقريب لتحويل المخزون,
Routing,التوجيه,
Routing Name,اسم التوجيه,
Row # {0}: Cannot return more than {1} for Item {2},الصف # {0}: لا يمكن الارجاع أكثر من {1} للبند {2},
Row # {0}: Please add Serial and Batch Bundle for Item {1},الصف رقم {0}: يرجى إضافة حزمة الرقم التسلسلي والدفعة للصنف {1},
Row # {0}: Please enter quantity for Item {1} as it is not zero.,الصف رقم {0}: يرجى إدخال كمية للصنف {1} لأنها ليست صفرًا.,
Row # {0}: Rate cannot be greater than the rate used in {1} {2},الصف # {0}: لا يمكن أن يكون المعدل أكبر من المعدل المستخدم في {1} {2},
Row # {0}: Returned Item {1} does not exist in {2} {3},الصف رقم {0}: العنصر الذي تم إرجاعه {1} غير موجود في {2} {3},
Row #{0} (Payment Table): Amount must be negative,الصف # {0} (جدول الدفع): يجب أن يكون المبلغ سلبيًا,
Row #{0} (Payment Table): Amount must be positive,الصف رقم {0} (جدول الدفع): يجب أن يكون المبلغ موجبا,
Row #{0}: A reorder entry already exists for warehouse {1} with reorder type {2}.,الصف رقم {0}: يوجد بالفعل قيد إعادة طلب للمستودع {1} بنوع إعادة الطلب {2}.,
Row #{0}: Acceptance Criteria Formula is incorrect.,الصف رقم {0}: صيغة معايير القبول غير صحيحة.,
Row #{0}: Acceptance Criteria Formula is required.,الصف رقم {0}: صيغة معايير القبول مطلوبة.,
Row #{0}: Accepted Warehouse and Rejected Warehouse cannot be same,الصف رقم {0}: لا يمكن أن يكون المستودع المقبول والمستودع المرفوض متماثلين,
Row #{0}: Accepted Warehouse is mandatory for the accepted Item {1},الصف رقم {0}: المستودع المقبول إلزامي للصنف المقبول {1},
Row #{0}: Account {1} does not belong to company {2},الصف # {0}: الحساب {1} لا ينتمي إلى الشركة {2},
Row #{0}: Allocated Amount cannot be greater than Outstanding Amount of Payment Request {1},الصف رقم {0}: لا يمكن أن يكون المبلغ المخصص أكبر من المبلغ المستحق لطلب الدفع {1},
Row #{0}: Allocated Amount cannot be greater than outstanding amount.,الصف # {0}: المبلغ المخصص لا يمكن أن يكون أكبر من المبلغ المستحق.,
Row #{0}: Allocated amount:{1} is greater than outstanding amount:{2} for Payment Term {3},الصف رقم {0}: المبلغ المخصص:{1} أكبر من المبلغ المستحق:{2} لشرط الدفع {3},
Row #{0}: Amount must be a positive number,الصف رقم {0}: يجب أن يكون المبلغ رقمًا موجبًا,
"Row #{0}: Asset {1} cannot be sold, it is already {2}",الصف رقم {0}: لا يمكن بيع الأصل {1}، فهو بالفعل {2},
Row #{0}: Asset {1} is already sold,الصف رقم {0}: تم بيع الأصل {1} بالفعل,
Row #{0}: BOM is not specified for subcontracting item {0},الصف رقم {0}: لم يتم تحديد قائمة المواد لصنف التعاقد من الباطن {0},
Row #{0}: BOM not found for FG Item {1},الصف #{0}: لم يتم العثور على قائمة مكونات المنتج النهائي {1},
Row #{0}: Batch No {1} is already selected.,الصف رقم {0}: تم تحديد رقم الدفعة {1} بالفعل.,
Row #{0}: Cannot allocate more than {1} against payment term {2},الصف رقم {0}: لا يمكن تخصيص أكثر من {1} مقابل شرط الدفع {2},
Row #{0}: Cannot delete item {1} which has already been billed.,الصف # {0}: لا يمكن حذف العنصر {1} الذي تم تحرير فاتورة به بالفعل.,
Row #{0}: Cannot delete item {1} which has already been delivered,الصف # {0}: لا يمكن حذف العنصر {1} الذي تم تسليمه بالفعل,
Row #{0}: Cannot delete item {1} which has already been received,الصف # {0}: لا يمكن حذف العنصر {1} الذي تم استلامه بالفعل,
Row #{0}: Cannot delete item {1} which has work order assigned to it.,الصف # {0}: لا يمكن حذف العنصر {1} الذي تم تعيين ترتيب العمل إليه.,
Row #{0}: Cannot delete item {1} which is already ordered against this Sales Order.,الصف #{0}: لا يمكن حذف العنصر {1} الذي تم طلبه بالفعل مقابل أمر البيع هذا.,
Row #{0}: Cannot set Rate if the billed amount is greater than the amount for Item {1}.,الصف رقم {0}: لا يمكن تعيين السعر إذا كان المبلغ المفوتر أكبر من مبلغ الصنف {1}.,
Row #{0}: Cannot transfer more than Required Qty {1} for Item {2} against Job Card {3},الصف رقم {0}: لا يمكن تحويل أكثر من الكمية المطلوبة {1} للصنف {2} مقابل بطاقة العمل {3},
Row #{0}: Child Item should not be a Product Bundle. Please remove Item {1} and Save,الصف رقم {0}: يجب ألا يكون العنصر الفرعي عبارة عن حزمة منتج. يرجى إزالة العنصر {1} وحفظه,
Row #{0}: Consumed Asset {1} cannot be Draft,الصف رقم {0}: لا يمكن أن يكون الأصل المستهلك {1} مسودة,
Row #{0}: Consumed Asset {1} cannot be cancelled,الصف رقم {0}: لا يمكن إلغاء الأصل المستهلك {1},
Row #{0}: Consumed Asset {1} cannot be the same as the Target Asset,الصف رقم {0}: لا يمكن أن يكون الأصل المستهلك {1} هو نفس الأصل المستهدف,
Row #{0}: Consumed Asset {1} cannot be {2},الصف رقم {0}: لا يمكن أن يكون الأصل المستهلك {1} {2},
Row #{0}: Consumed Asset {1} does not belong to company {2},الصف رقم {0}: الأصل المستهلك {1} لا ينتمي إلى الشركة {2},
Row #{0}: Cost Center {1} does not belong to company {2},الصف # {0}: مركز التكلفة {1} لا ينتمي لشركة {2},
Row #{0}: Could not find enough {1} entries to match. Remaining amount: {2},الصف #{0}: لم يتم العثور على عدد كافٍ من {1} من المدخلات للمطابقة. المبلغ المتبقي: {2},
Row #{0}: Cumulative threshold cannot be less than Single Transaction threshold,الصف رقم {0}: لا يمكن أن يكون الحد التراكمي أقل من حد المعاملة الواحدة,
Row #{0}: Customer Provided Item {1} cannot be added multiple times.,الصف رقم {0}: لا يمكن إضافة الصنف المقدَّم من العميل {1} أكثر من مرة.,
Row #{0}: Customer Provided Item {1} is not a part of Work Order {2},الصف رقم {0}: الصنف المقدَّم من العميل {1} ليس جزءًا من أمر العمل {2},
Row #{0}: Dates overlapping with other row in group {1},الصف رقم {0}: التواريخ متداخلة مع صف آخر في المجموعة {1},
Row #{0}: Default BOM not found for FG Item {1},الصف رقم {0}: لم يتم العثور على قائمة مواد افتراضية للصنف المنتج النهائي {1},
Row #{0}: Depreciation Start Date is required,الصف #{0}: تاريخ بداية الإهلاك مطلوب,
Row #{0}: Duplicate entry in References {1} {2},الصف # {0}: إدخال مكرر في المراجع {1} {2},
Row #{0}: Expected Delivery Date cannot be before Purchase Order Date,الصف # {0}: تاريخ التسليم المتوقع لا يمكن أن يكون قبل تاريخ أمر الشراء,
Row #{0}: Expense Account not set for the Item {1}. {2},الصف رقم {0}: لم يتم تعيين حساب المصروف للصنف {1}. {2},
Row #{0}: Finished Good Item Qty can not be zero,الصف رقم {0}: لا يمكن أن تكون كمية الصنف المنتج النهائي صفرًا,
Row #{0}: Finished Good Item is not specified for service item {1},الصف رقم {0}: لم يتم تحديد صنف المنتج النهائي لصنف الخدمة {1},
Row #{0}: Finished Good Item {1} must be a sub-contracted item,الصف رقم {0}: يجب أن يكون صنف المنتج النهائي {1} صنفًا متعاقدًا عليه من الباطن,
Row #{0}: Finished Good must be {1},الصف رقم {0}: يجب أن يكون المنتج النهائي {1},
Row #{0}: Finished Good reference is mandatory for Scrap Item {1}.,الصف رقم {0}: مرجع المنتج النهائي إلزامي لصنف الخردة {1}.,
"Row #{0}: For Customer Provided Item {1}, Source Warehouse must be {2}",الصف #{0}: بالنسبة للمنتج المقدم من العميل {1}، يجب أن يكون مستودع المصدر {2},
"Row #{0}: For {1}, you can select reference document only if account gets credited",الصف رقم {0}: بالنسبة لـ {1}، يمكنك تحديد مستند مرجعي فقط إذا تم إضافة رصيد للحساب,
"Row #{0}: For {1}, you can select reference document only if account gets debited",الصف رقم {0}: بالنسبة لـ {1}، يمكنك تحديد مستند مرجعي فقط إذا تم خصم رصيد من الحساب,
Row #{0}: Frequency of Depreciation must be greater than zero,الصف #{0}: يجب أن يكون معدل الاستهلاك أكبر من الصفر,
Row #{0}: From Date cannot be before To Date,الصف رقم {0}: لا يمكن أن يكون تاريخ البدء قبل تاريخ الانتهاء,
Row #{0}: From Time and To Time fields are required,الصف رقم {0}: حقلا وقت البدء ووقت الانتهاء مطلوبان,
Row #{0}: Item added,الصف # {0}: تمت إضافة العنصر,
Row #{0}: Item {1} cannot be transferred more than {2} against {3} {4},الصف #{0}: لا يمكن نقل العنصر {1} إلى أكثر من {2} مقابل {3} {4},
Row #{0}: Item {1} does not exist,الصف رقم {0}: الصنف {1} غير موجود,
"Row #{0}: Item {1} has been picked, please reserve stock from the Pick List.",الصف رقم {0}: تم انتقاء الصنف {1}، يرجى حجز المخزون من قائمة الانتقاء.,
Row #{0}: Item {1} has no stock in warehouse {2}.,الصف رقم {0}: لا يوجد رصيد للصنف {1} في المستودع {2}.,
"Row #{0}: Item {1} in warehouse {2}: Available {3}, Needed {4}.",الصف رقم {0}: الصنف {1} في المستودع {2}: المتاح {3}، المطلوب {4}.,
Row #{0}: Item {1} is not a Customer Provided Item.,الصف #{0}: العنصر {1} ليس عنصرًا مقدمًا من العميل.,
Row #{0}: Item {1} is not a Serialized/Batched Item. It cannot have a Serial No/Batch No against it.,الصف # {0}: العنصر {1} ليس عنصرًا تسلسليًا / مُجمَّع. لا يمكن أن يكون له رقم مسلسل / لا دفعة ضده.,
Row #{0}: Item {1} is not a part of Subcontracting Inward Order {2},الصف رقم {0}: الصنف {1} ليس جزءًا من أمر التعاقد من الباطن الوارد {2},
Row #{0}: Item {1} is not a service item,الصف رقم {0}: الصنف {1} ليس صنف خدمة,
Row #{0}: Item {1} is not a stock item,الصف رقم {0}: الصنف {1} ليس صنف مخزون,
Row #{0}: Item {1} mismatch. Changing of item code is not permitted.,الصف رقم {0}: عدم تطابق الصنف {1}. تغيير رمز الصنف غير مسموح به.,
Row #{0}: Journal Entry {1} does not have account {2} or already matched against another voucher,الصف رقم {0}: قيد اليومية {1} لا يحتوي على الحساب {2} أو تمت مطابقته بالفعل مع سند آخر,
Row #{0}: Next Depreciation Date cannot be before Available-for-use Date,الصف رقم {0}: لا يمكن أن يكون تاريخ الإهلاك التالي قبل تاريخ التوفر للاستخدام,
Row #{0}: Next Depreciation Date cannot be before Purchase Date,الصف رقم {0}: لا يمكن أن يكون تاريخ الإهلاك التالي قبل تاريخ الشراء,
Row #{0}: Not allowed to change Supplier as Purchase Order already exists,الصف رقم {0}: غير مسموح تغيير المورد لأن أمر الشراء موجود مسبقاً,
Row #{0}: Only {1} available to reserve for the Item {2},الصف رقم {0}: متاح {1} فقط للحجز للصنف {2},
Row #{0}: Opening Accumulated Depreciation must be less than or equal to {1},الصف رقم {0}: يجب أن يكون الإهلاك المتراكم الافتتاحي أقل من أو يساوي {1},
Row #{0}: Operation {1} is not completed for {2} qty of finished goods in Work Order {3}. Please update operation status via Job Card {4}.,الصف # {0}: العملية {1} لم تكتمل لـ {2} الكمية من السلع تامة الصنع في أمر العمل {3}. يرجى تحديث حالة التشغيل عبر بطاقة العمل {4}.,
Row #{0}: Please select Item Code in Assembly Items,الصف رقم {0}: يرجى تحديد رمز الصنف في أصناف التجميع,
Row #{0}: Please select the BOM No in Assembly Items,الصف رقم {0}: يرجى تحديد رقم قائمة المواد في أصناف التجميع,
Row #{0}: Please select the Sub Assembly Warehouse,الصف رقم {0}: يرجى تحديد مستودع التجميع الفرعي,
Row #{0}: Please set reorder quantity,الصف # {0}: يرجى تعيين إعادة ترتيب الكمية,
Row #{0}: Please update deferred revenue/expense account in item row or default account in company master,الصف رقم {0}: يرجى تحديث حساب الإيرادات/المصروفات المؤجلة في صف الصنف أو الحساب الافتراضي في بيانات الشركة الرئيسية,
Row #{0}: Qty increased by {1},الصف رقم {0}: زادت الكمية بمقدار {1},
Row #{0}: Qty must be a positive number,الصف رقم {0}: يجب أن تكون الكمية رقمًا موجبًا,
Row #{0}: Qty should be less than or equal to Available Qty to Reserve (Actual Qty - Reserved Qty) {1} for Iem {2} against Batch {3} in Warehouse {4}.,الصف رقم {0}: يجب أن تكون الكمية أقل من أو تساوي الكمية المتاحة للحجز (الكمية الفعلية - الكمية المحجوزة) {1} للصنف {2} مقابل الدفعة {3} في المستودع {4}.,
Row #{0}: Quality Inspection is required for Item {1},الصف رقم {0}: فحص الجودة مطلوب للصنف {1},
Row #{0}: Quality Inspection {1} is not submitted for the item: {2},الصف رقم {0}: لم يتم تقديم فحص الجودة {1} للصنف: {2},
Row #{0}: Quality Inspection {1} was rejected for item {2},الصف رقم {0}: تم رفض فحص الجودة {1} للصنف {2},
Row #{0}: Quantity cannot be a non-positive number. Please increase the quantity or remove the Item {1},الصف رقم {0}: لا يمكن أن تكون الكمية رقمًا غير موجب. يرجى زيادة الكمية أو إزالة الصنف {1},
Row #{0}: Quantity for Item {1} cannot be zero.,الصف # {0}: كمية البند {1} لا يمكن أن يكون صفرا,
Row #{0}: Quantity of Item {1} cannot be more than {2} {3} against Subcontracting Inward Order {4},الصف #{0}: لا يمكن أن تتجاوز كمية الصنف {1} الكمية {2} {3} في طلب الشراء الداخلي للتعاقد من الباطن {4},
Row #{0}: Quantity to reserve for the Item {1} should be greater than 0.,الصف رقم {0}: يجب أن تكون الكمية المراد حجزها للصنف {1} أكبر من 0.,
Row #{0}: Rate must be same as {1}: {2} ({3} / {4}),الصف رقم {0}: يجب أن يكون السعر هو نفسه {1}: {2} ({3} / {4}),
"Row #{0}: Reference Document Type must be one of Purchase Order, Purchase Invoice or Journal Entry","الصف {0} : نوع المستند المرجع يجب أن يكون واحدة من طلب شراء ,فاتورة شراء أو قيد يومبة",
"Row #{0}: Reference Document Type must be one of Sales Order, Sales Invoice, Journal Entry or Dunning",الصف # {0}: يجب أن يكون نوع المستند المرجعي أحد أوامر المبيعات أو فاتورة المبيعات أو قيد اليومية أو المطالبة,
Row #{0}: Rejected Qty cannot be set for Scrap Item {1}.,الصف رقم {0}: لا يمكن تعيين كمية مرفوضة لصنف الخردة {1}.,
Row #{0}: Rejected Warehouse is mandatory for the rejected Item {1},الصف رقم {0}: المستودع المرفوض إلزامي للصنف المرفوض {1},
Row #{0}: Return Against is required for returning asset,"الصف رقم {0}: حقل ""مرتجع مقابل"" مطلوب لإرجاع الأصل",
Row #{0}: Returned quantity cannot be greater than available quantity for Item {1},الصف #{0}: لا يمكن أن تكون الكمية المُعادة أكبر من الكمية المتاحة للصنف {1},
Row #{0}: Returned quantity cannot be greater than available quantity to return for Item {1},الصف #{0}: لا يمكن أن تكون الكمية المُعادة أكبر من الكمية المتاحة للإرجاع للصنف {1},
Row #{0}: Scrap Item Qty cannot be zero,الصف رقم {0}: لا يمكن أن تكون كمية صنف الخردة صفرًا,
"Row #{0}: Selling rate for item {1} is lower than its {2}.
					Selling {3} should be atleast {4}.<br><br>Alternatively,
					you can disable '{5}' in {6} to bypass
					this validation.","الصف رقم {0}: سعر البيع للصنف {1} أقل من {2}.
					يجب ألا يقل سعر البيع {3} عن {4}.<br><br>بدلاً من ذلك،
					يمكنك تعطيل '{5}' في {6} لتجاوز
					هذا التحقق.",
Row #{0}: Sequence ID must be {1} or {2} for Operation {3}.,الصف رقم {0}: يجب أن يكون معرّف التسلسل {1} أو {2} للعملية {3}.,
Row #{0}: Serial No {1} does not belong to Batch {2},الصف # {0}: الرقم التسلسلي {1} لا ينتمي إلى الدُفعة {2},
Row #{0}: Serial No {1} for Item {2} is not available in {3} {4} or might be reserved in another {5}.,الصف رقم {0}: الرقم التسلسلي {1} للصنف {2} غير متوفر في {3} {4} أو قد يكون محجوزًا في {5} آخر.,
Row #{0}: Serial No {1} is already selected.,الصف رقم {0}: تم تحديد الرقم التسلسلي {1} بالفعل.,
Row #{0}: Service End Date cannot be before Invoice Posting Date,الصف # {0}: لا يمكن أن يكون تاريخ انتهاء الخدمة قبل تاريخ ترحيل الفاتورة,
Row #{0}: Service Start Date cannot be greater than Service End Date,الصف # {0}: لا يمكن أن يكون تاريخ بدء الخدمة أكبر من تاريخ انتهاء الخدمة,
Row #{0}: Service Start and End Date is required for deferred accounting,الصف # {0}: مطلوب بداية وتاريخ انتهاء الخدمة للمحاسبة المؤجلة,
Row #{0}: Set Supplier for item {1},الصف # {0}: حدد المورد للبند {1},
Row #{0}: Source Warehouse {1} for item {2} cannot be a customer warehouse.,الصف #{0}: لا يمكن أن يكون مستودع المصدر {1} للعنصر {2} مستودع عميل.,
Row #{0}: Source and Target Warehouse cannot be the same for Material Transfer,الصف #{0}: لا يمكن أن يكون مستودع المصدر ومستودع الهدف متطابقين لنقل المواد,
"Row #{0}: Source, Target Warehouse and Inventory Dimensions cannot be the exact same for Material Transfer",الصف #{0}: لا يمكن أن تكون أبعاد المستودع المصدر والمستودع الهدف والمخزون متطابقة تمامًا في عملية نقل المواد.,
Row #{0}: Start Time and End Time are required,الصف رقم {0}: وقت البدء ووقت الانتهاء مطلوبان,
Row #{0}: Start Time must be before End Time,الصف رقم {0}: يجب أن يكون وقت البدء قبل وقت الانتهاء,
Row #{0}: Status is mandatory,الصف رقم {0}: الحالة إلزامية,
Row #{0}: Status must be {1} for Invoice Discounting {2},الصف # {0}: يجب أن تكون الحالة {1} بالنسبة لخصم الفاتورة {2},
Row #{0}: Stock cannot be reserved for Item {1} against a disabled Batch {2}.,الصف رقم {0}: لا يمكن حجز المخزون للصنف {1} مقابل دفعة معطلة {2}.,
Row #{0}: Stock cannot be reserved for a non-stock Item {1},الصف رقم {0}: لا يمكن حجز المخزون لصنف غير مخزني {1},
Row #{0}: Stock cannot be reserved in group warehouse {1}.,الصف رقم {0}: لا يمكن حجز المخزون في مستودع مجموعة {1}.,
Row #{0}: Stock is already reserved for the Item {1}.,الصف رقم {0}: تم حجز المخزون بالفعل للصنف {1}.,
Row #{0}: Stock is reserved for item {1} in warehouse {2}.,الصف رقم {0}: المخزون محجوز للصنف {1} في المستودع {2}.,
Row #{0}: Stock not available to reserve for Item {1} against Batch {2} in Warehouse {3}.,الصف رقم {0}: المخزون غير متوفر للحجز للصنف {1} مقابل الدفعة {2} في المستودع {3}.,
Row #{0}: Stock not available to reserve for the Item {1} in Warehouse {2}.,الصف رقم {0}: المخزون غير متوفر للحجز للصنف {1} في المستودع {2}.,
Row #{0}: Stock quantity {1} ({2}) for item {3} cannot exceed {4},الصف رقم {0}: كمية المخزون {1} ({2}) للصنف {3} لا يمكن أن تتجاوز {4},
Row #{0}: The batch {1} has already expired.,الصف رقم {0}: انتهت صلاحية الدفعة {1} بالفعل.,
Row #{0}: The warehouse {1} is not a child warehouse of a group warehouse {2},الصف رقم {0}: المستودع {1} ليس مستودعًا تابعًا لمستودع المجموعة {2},
Row #{0}: Timings conflicts with row {1},الصف # {0}: التوقيت يتعارض مع الصف {1},
Row #{0}: Total Number of Depreciations cannot be less than or equal to Opening Number of Booked Depreciations,الصف رقم {0}: لا يمكن أن يكون العدد الإجمالي للإهلاكات أقل من أو يساوي العدد الافتتاحي للإهلاكات المسجلة,
Row #{0}: Total Number of Depreciations must be greater than zero,الصف #{0}: يجب أن يكون إجمالي عدد الاستهلاكات أكبر من الصفر,
Row #{0}: Withholding Amount {1} does not match calculated amount {2}.,الصف #{0}: مبلغ الاستقطاع {1} لا يتطابق مع المبلغ المحسوب {2}.,
Row #{0}: You cannot use the inventory dimension '{1}' in Stock Reconciliation to modify the quantity or valuation rate. Stock reconciliation with inventory dimensions is intended solely for performing opening entries.,الصف رقم {0}: لا يمكنك استخدام بُعد المخزون '{1}' في تسوية المخزون لتعديل الكمية أو معدل التقييم. تسوية المخزون بأبعاد المخزون مخصصة فقط لإجراء قيود افتتاحية.,
Row #{0}: You must select an Asset for Item {1}.,الصف رقم {0}: يجب عليك تحديد أصل للصنف {1}.,
Row #{0}: {1} can not be negative for item {2},الصف # {0}: {1} لا يمكن أن يكون سالبا للبند {2},
Row #{0}: {1} is not a valid reading field. Please refer to the field description.,الصف رقم {0}: {1} ليس حقل قراءة صالحًا. يرجى الرجوع إلى وصف الحقل.,
Row #{0}: {1} is required to create the Opening {2} Invoices,الصف رقم {0}: {1} مطلوب لإنشاء فواتير الافتتاح {2},
Row #{0}: {1} of {2} should be {3}. Please update the {1} or select a different account.,الصف رقم {0}: {1} لـ {2} يجب أن يكون {3}. يرجى تحديث {1} أو تحديد حساب مختلف.,
Row #{1}: Warehouse is mandatory for stock Item {0},الصف رقم {1}: المستودع إلزامي لصنف المخزون {0},
Row #{idx}: Cannot select Supplier Warehouse while suppling raw materials to subcontractor.,الصف رقم #{idx}: لا يمكن تحديد مستودع المورد أثناء توريد المواد الخام للمقاول من الباطن.,
Row #{idx}: Item rate has been updated as per valuation rate since its an internal stock transfer.,الصف رقم #{idx}: تم تحديث سعر الصنف حسب معدل التقييم لأنه تحويل مخزون داخلي.,
Row #{idx}: Please enter a location for the asset item {item_code}.,الصف رقم #{idx}: يرجى إدخال موقع لصنف الأصل {item_code}.,
Row #{idx}: Received Qty must be equal to Accepted + Rejected Qty for Item {item_code}.,الصف رقم #{idx}: يجب أن تكون الكمية المستلمة مساوية للكمية المقبولة + الكمية المرفوضة للصنف {item_code}.,
Row #{idx}: {field_label} can not be negative for item {item_code}.,الصف رقم #{idx}: لا يمكن أن يكون {field_label} سالبًا للصنف {item_code}.,
Row #{idx}: {field_label} is mandatory.,الصف رقم #{idx}: {field_label} إلزامي.,
Row #{idx}: {from_warehouse_field} and {to_warehouse_field} cannot be same.,الصف رقم #{idx}: لا يمكن أن يكون {from_warehouse_field} و {to_warehouse_field} متماثلين.,
Row #{idx}: {schedule_date} cannot be before {transaction_date}.,الصف رقم #{idx}: لا يمكن أن يكون {schedule_date} قبل {transaction_date}.,
Row #{}: Currency of {} - {} doesn't matches company currency.,الصف # {}: عملة {} - {} لا تطابق عملة الشركة.,
Row #{}: Finance Book should not be empty since you're using multiple.,الصف رقم #{}: لا يجب أن يكون دفتر التمويل فارغًا لأنك تستخدم دفاتر متعددة.,
Row #{}: POS Invoice {} has been {},الصف رقم {}: فاتورة نقاط البيع {} كانت {},
Row #{}: POS Invoice {} is not against customer {},الصف رقم {}: فاتورة نقاط البيع {} ليست ضد العميل {},
Row #{}: POS Invoice {} is not submitted yet,الصف رقم {}: فاتورة نقاط البيع {} لم يتم تقديمها بعد,
Row #{}: Please assign task to a member.,الصف رقم #{}: يرجى تعيين المهمة لعضو.,
Row #{}: Please use a different Finance Book.,الصف رقم #{}: يرجى استخدام دفتر تمويل مختلف.,
Row #{}: Serial No {} cannot be returned since it was not transacted in original invoice {},الصف # {}: لا يمكن إرجاع الرقم التسلسلي {} لأنه لم يتم التعامل معه في الفاتورة الأصلية {},
Row #{}: The original Invoice {} of return invoice {} is not consolidated.,الصف رقم #{}: الفاتورة الأصلية {} لفاتورة المرتجع {} غير مدمجة.,
Row #{}: You cannot add positive quantities in a return invoice. Please remove item {} to complete the return.,الصف رقم #{}: لا يمكنك إضافة كميات موجبة في فاتورة مرتجع. يرجى إزالة الصنف {} لإكمال المرتجع.,
Row #{}: item {} has been picked already.,الصف رقم #{}: تم انتقاء الصنف {} بالفعل.,
Row #{}: {},رقم الصف {}: {},
Row #{}: {} {} does not exist.,الصف رقم {}: {} {} غير موجود.,
Row #{}: {} {} doesn't belong to Company {}. Please select valid {}.,الصف رقم #{}: {} {} لا ينتمي إلى الشركة {}. يرجى تحديد {} صالح.,
Row No {0}: Warehouse is required. Please set a Default Warehouse for Item {1} and Company {2},رقم الصف {0}: المستودع مطلوب. يرجى تعيين مستودع افتراضي للصنف {1} والشركة {2},
Row {0} : Operation is required against the raw material item {1},الصف {0}: العملية مطلوبة مقابل عنصر المادة الخام {1},
"Row {0} picked quantity is less than the required quantity, additional {1} {2} required.",الصف {0} الكمية المنتقاة أقل من الكمية المطلوبة، مطلوب {1} {2} إضافية.,
Row {0}# Item {1} not found in 'Raw Materials Supplied' table in {2} {3},الصف {0}# لم يتم العثور على الصنف {1} في جدول 'المواد الخام الموردة' في {2} {3},
Row {0}: Accepted Qty and Rejected Qty can't be zero at the same time.,الصف {0}: لا يمكن أن تكون الكمية المقبولة والكمية المرفوضة صفرًا في نفس الوقت.,
Row {0}: Account {1} and Party Type {2} have different account types,الصف {0}: الحساب {1} ونوع الطرف {2} لهما أنواع حسابات مختلفة,
Row {0}: Activity Type is mandatory.,الصف {0}: نوع النشاط إلزامي.,
Row {0}: Advance against Customer must be credit,الصف {0}:  الدفعة المقدمة مقابل الزبائن يجب أن تكون دائن,
Row {0}: Advance against Supplier must be debit,الصف {0}:المورد المقابل المتقدم يجب أن يكون مدين,
Row {0}: Allocated amount {1} must be less than or equal to invoice outstanding amount {2},الصف {0}: يجب أن يكون المبلغ المخصص {1} أقل من أو يساوي المبلغ المستحق للفاتورة {2},
Row {0}: Allocated amount {1} must be less than or equal to remaining payment amount {2},الصف {0}: يجب أن يكون المبلغ المخصص {1} أقل من أو يساوي المبلغ المتبقي للدفع {2},
"Row {0}: As {1} is enabled, raw materials cannot be added to {2} entry. Use {3} entry to consume raw materials.",الصف {0}: نظرًا لتمكين {1}، لا يمكن إضافة المواد الخام إلى قيد {2}. استخدم قيد {3} لاستهلاك المواد الخام.,
Row {0}: Bill of Materials not found for the Item {1},صف {0}: من مواد مشروع القانون لم يتم العثور على هذا البند {1},
Row {0}: Both Debit and Credit values cannot be zero,الصف {0}: لا يمكن أن تكون قيمتي المدين والدائن صفرًا,
Row {0}: Conversion Factor is mandatory,الصف {0}: معامل التحويل إلزامي,
Row {0}: Cost Center {1} does not belong to Company {2},الصف {0}: مركز التكلفة {1} لا ينتمي إلى الشركة {2},
Row {0}: Cost center is required for an item {1},الصف {0}: مركز التكلفة مطلوب لعنصر {1},
Row {0}: Credit entry can not be linked with a {1},صف {0}: لا يمكن ربط قيد دائن مع {1},
Row {0}: Currency of the BOM #{1} should be equal to the selected currency {2},الصف {0}: العملة للـ BOM #{1} يجب أن يساوي العملة المختارة {2}<br>Row {0}: Currency of the BOM #{1} should be equal to the selected currency {2},
Row {0}: Debit entry can not be linked with a {1},الصف {0}: لا يمكن ربط قيد مدين مع {1},
Row {0}: Delivery Warehouse ({1}) and Customer Warehouse ({2}) can not be same,الصف {0}: لا يمكن أن يكون مستودع التسليم ({1}) ومستودع العميل ({2}) متماثلين,
Row {0}: Delivery Warehouse cannot be same as Customer Warehouse for Item {1}.,الصف {0}: لا يمكن أن يكون مستودع التسليم هو نفسه مستودع العميل للصنف {1}.,
Row {0}: Due Date in the Payment Terms table cannot be before Posting Date,الصف {0}: لا يمكن أن يكون تاريخ الاستحقاق في جدول شروط الدفع قبل تاريخ الترحيل,
Row {0}: Either Delivery Note Item or Packed Item reference is mandatory.,الصف {0}: إما مرجع صنف إشعار التسليم أو مرجع الصنف المعبأ إلزامي.,
Row {0}: Exchange Rate is mandatory,الصف {0}: سعر صرف إلزامي,
Row {0}: Expected Value After Useful Life cannot be negative,الصف {0}: لا يمكن أن تكون القيمة المتوقعة بعد العمر الإنتاجي سالبة,
Row {0}: Expected Value After Useful Life must be less than Net Purchase Amount,الصف {0}: يجب أن تكون القيمة المتوقعة بعد العمر الإنتاجي أقل من صافي مبلغ الشراء,
Row {0}: Expense Head changed to {1} as no Purchase Receipt is created against Item {2}.,الصف {0}: تم تغيير رأس المصروف إلى {1} لعدم إنشاء إيصال استلام مشتريات مقابل الصنف {2}.,
Row {0}: Expense Head changed to {1} because account {2} is not linked to warehouse {3} or it is not the default inventory account,الصف {0}: تم تغيير رأس المصروف إلى {1} لأن الحساب {2} غير مرتبط بالمستودع {3} أو أنه ليس حساب المخزون الافتراضي,
Row {0}: Expense Head changed to {1} because expense is booked against this account in Purchase Receipt {2},الصف {0}: تم تغيير رأس المصروف إلى {1} لأنه تم تسجيل المصروف مقابل هذا الحساب في إيصال استلام المشتريات {2},
"Row {0}: For Supplier {1}, Email Address is Required to send an email",الصف {0}: للمورد {1} ، مطلوب عنوان البريد الإلكتروني لإرسال بريد إلكتروني,
Row {0}: From Time and To Time is mandatory.,صف {0}: (من الوقت) و (إلى وقت) تكون إلزامية.,
Row {0}: From Time and To Time of {1} is overlapping with {2},الصف {0}: من وقت إلى وقت {1} يتداخل مع {2},
Row {0}: From Warehouse is mandatory for internal transfers,الصف {0}: مستودع المصدر إلزامي للتحويلات الداخلية,
Row {0}: From time must be less than to time,الصف {0}: من وقت يجب أن يكون أقل من الوقت,
Row {0}: Hours value must be greater than zero.,صف {0}: يجب أن تكون قيمة الساعات أكبر من الصفر.,
Row {0}: Invalid reference {1},الصف {0}: مرجع غير صالحة {1},
Row {0}: Item Tax template updated as per validity and rate applied,الصف {0}: تم تحديث قالب ضريبة الصنف حسب الصلاحية والسعر المطبق,
Row {0}: Item rate has been updated as per valuation rate since its an internal stock transfer,الصف {0}: تم تحديث سعر الصنف حسب معدل التقييم لأنه تحويل مخزون داخلي,
Row {0}: Item {1} must be a stock item.,الصف {0}: يجب أن يكون الصنف {1} صنف مخزون.,
Row {0}: Item {1} must be a subcontracted item.,الصف {0}: يجب أن يكون الصنف {1} صنفًا متعاقدًا عليه من الباطن.,
Row {0}: Item {1} must be linked to a {2}.,الصف {0}: يجب ربط الصنف {1} بـ {2}.,
Row {0}: Item {1}'s quantity cannot be higher than the available quantity.,الصف {0}: لا يمكن أن تكون كمية الصنف {1} أعلى من الكمية المتاحة.,
Row {0}: Packed Qty must be equal to {1} Qty.,الصف {0}: يجب أن تكون الكمية المعبأة مساوية لكمية {1}.,
Row {0}: Packing Slip is already created for Item {1}.,الصف {0}: تم إنشاء قسيمة تعبئة بالفعل للصنف {1}.,
Row {0}: Party / Account does not match with {1} / {2} in {3} {4},الصف {0}: حزب / حساب لا يتطابق مع {1} / {2} في {3} {4},
Row {0}: Party Type and Party is required for Receivable / Payable account {1},الصف {0}: نوع الطرف والطرف مطلوبان للحساب المدين / الدائن {1},
Row {0}: Payment Term is mandatory,الصف {0}: شرط الدفع إلزامي,
Row {0}: Payment against Sales/Purchase Order should always be marked as advance,الصف {0}: الدفع لطلب الشراء/البيع يجب أن يكون دائما معلم كمتقدم,
Row {0}: Please check 'Is Advance' against Account {1} if this is an advance entry.,"الصف {0}: يرجى اختيار ""دفعة مقدمة"" مقابل الحساب {1} إذا كان هذا الادخال دفعة مقدمة.",
Row {0}: Please provide a valid Delivery Note Item or Packed Item reference.,الصف {0}: يرجى تقديم مرجع صالح لصنف إشعار التسليم أو صنف معبأ.,
Row {0}: Please select a BOM for Item {1}.,الصف {0}: يرجى تحديد قائمة مواد للصنف {1}.,
Row {0}: Please select an active BOM for Item {1}.,الصف {0}: يرجى تحديد قائمة مواد نشطة للصنف {1}.,
Row {0}: Please select an valid BOM for Item {1}.,الصف {0}: يرجى تحديد قائمة مواد صالحة للصنف {1}.,
Row {0}: Please set at Tax Exemption Reason in Sales Taxes and Charges,الصف {0}: يرجى تعيين سبب الإعفاء الضريبي في ضرائب ورسوم المبيعات,
Row {0}: Please set the Mode of Payment in Payment Schedule,الصف {0}: يرجى ضبط طريقة الدفع في جدول الدفع,
Row {0}: Please set the correct code on Mode of Payment {1},الصف {0}: يرجى ضبط الكود الصحيح على طريقة الدفع {1},
Row {0}: Project must be same as the one set in the Timesheet: {1}.,الصف {0}: يجب أن يكون المشروع هو نفسه المحدد في الجدول الزمني: {1}.,
Row {0}: Purchase Invoice {1} has no stock impact.,الصف {0}: فاتورة الشراء {1} ليس لها تأثير على المخزون.,
Row {0}: Qty cannot be greater than {1} for the Item {2}.,الصف {0}: لا يمكن أن تكون الكمية أكبر من {1} للصنف {2}.,
Row {0}: Qty in Stock UOM can not be zero.,الصف {0}: لا يمكن أن تكون الكمية بوحدة قياس المخزون صفرًا.,
Row {0}: Qty must be greater than 0.,الصف {0}: يجب أن تكون الكمية أكبر من 0.,
Row {0}: Quantity cannot be negative.,الصف {0}: لا يمكن أن تكون الكمية سالبة.,
Row {0}: Quantity not available for {4} in warehouse {1} at posting time of the entry ({2} {3}),الصف {0}: الكمية غير متوفرة {4} في المستودع {1} في وقت نشر الإدخال ({2} {3}),
Row {0}: Sales Invoice {1} is already created for {2},الصف {0}: تم إنشاء فاتورة المبيعات {1} بالفعل لـ {2},
Row {0}: Shift cannot be changed since the depreciation has already been processed,الصف {0}: لا يمكن تغيير الوردية لأنه تم بالفعل معالجة الإهلاك,
Row {0}: Subcontracted Item is mandatory for the raw material {1},الصف {0}: العنصر المتعاقد عليه من الباطن إلزامي للمادة الخام {1},
Row {0}: Target Warehouse is mandatory for internal transfers,الصف {0}: مستودع الهدف إلزامي للتحويلات الداخلية,
Row {0}: Task {1} does not belong to Project {2},الصف {0}: المهمة {1} لا تنتمي إلى المشروع {2},
Row {0}: The entire expense amount for account {1} in {2} has already been allocated.,الصف {0}: تم تخصيص كامل مبلغ المصروف للحساب {1} في {2} بالفعل.,
"Row {0}: The item {1}, quantity must be positive number",الصف {0}: العنصر {1} ، يجب أن تكون الكمية رقمًا موجبًا,
Row {0}: The {3} Account {1} does not belong to the company {2},الصف {0}: حساب {3} {1} لا ينتمي إلى الشركة {2},
"Row {0}: To set {1} periodicity, difference between from and to date must be greater than or equal to {2}",الصف {0}: لتعيين دورية {1}، يجب أن يكون الفرق بين تاريخ البدء وتاريخ الانتهاء أكبر من أو يساوي {2},
Row {0}: Transferred quantity cannot be greater than the requested quantity.,الصف {0}: لا يمكن أن تكون الكمية المحوّلة أكبر من الكمية المطلوبة.,
Row {0}: UOM Conversion Factor is mandatory,الصف {0}: عامل تحويل UOM إلزامي,
Row {0}: Workstation or Workstation Type is mandatory for an operation {1},الصف {0}: محطة العمل أو نوع محطة العمل إلزامي للعملية {1},
Row {0}: user has not applied the rule {1} on the item {2},الصف {0}: لم يطبق المستخدم القاعدة {1} على العنصر {2},
Row {0}: {1} account already applied for Accounting Dimension {2},الصف {0}: تم تطبيق حساب {1} بالفعل لبُعد المحاسبة {2},
Row {0}: {1} must be greater than 0,الصف {0}: يجب أن يكون {1} أكبر من 0,
Row {0}: {1} {2} cannot be same as {3} (Party Account) {4},الصف {0}: لا يمكن أن يكون {1} {2} هو نفسه {3} (حساب الطرف) {4},
Row {0}: {1} {2} does not match with {3},الصف {0}: {1} {2} لا يتطابق مع {3},
Row {0}: {2} Item {1} does not exist in {2} {3},الصف {0}: صنف {2} {1} غير موجود في {2} {3},
"Row {1}: Quantity ({0}) cannot be a fraction. To allow this, disable '{2}' in UOM {3}.",الصف {1}: لا يمكن أن تكون الكمية ({0}) كسرًا. للسماح بذلك ، قم بتعطيل '{2}' في UOM {3}.,
Row {idx}: Asset Naming Series is mandatory for the auto creation of assets for item {item_code}.,الصف رقم {idx}: سلسلة تسمية الأصول إلزامية للإنشاء التلقائي للأصول للصنف {item_code}.,
Row({0}): Outstanding Amount cannot be greater than actual Outstanding Amount {1} in {2},الصف({0}): لا يمكن أن يكون المبلغ المستحق أكبر من المبلغ المستحق الفعلي {1} في {2},
Row({0}): {1} is already discounted in {2},الصف ({0}): {1} مخصوم بالفعل في {2},
Rows Added in {0},تمت إضافة الصفوف في {0},
Rows Removed in {0},تمت إزالة الصفوف في {0},
Rows with Same Account heads will be merged on Ledger,سيتم دمج الصفوف التي لها نفس رؤوس الحسابات في دفتر الأستاذ,
Rows with duplicate due dates in other rows were found: {0},تم العثور على صفوف ذات تواريخ استحقاق مكررة في صفوف أخرى: {0},
Rows: {0} have 'Payment Entry' as reference_type. This should not be set manually.,الصفوف: {0} لديها 'قيد الدفع' كنوع مرجعي. لا ينبغي تعيين هذا يدويًا.,
Rows: {0} in {1} section are Invalid. Reference Name should point to a valid Payment Entry or Journal Entry.,الصفوف: {0} في قسم {1} غير صالحة. يجب أن يشير اسم المرجع إلى قيد دفع أو قيد يومية صالح.,
Rule Applied,تطبق القاعدة,
Rule Description,وصف القاعدة,
Run parallel job cards in a workstation,تشغيل بطاقات عمل متوازية في محطة عمل,
Running,قيد التشغيل,
S.O. No.,S.O. رقم,
SCIO Detail,تفاصيل SCIO,
SCO Supplied Item,صنف مورد من SCO,
SLA Fulfilled On,تم استيفاء اتفاقية مستوى الخدمة في,
SLA Fulfilled On Status,حالة استيفاء اتفاقية مستوى الخدمة في,
SLA Paused On,تم إيقاف اتفاقية مستوى الخدمة مؤقتًا في,
SLA is on hold since {0},اتفاقية مستوى الخدمة معلقة منذ {0},
SLA will be applied if {1} is set as {2}{3},سيتم تطبيق اتفاقية مستوى الخدمة إذا تم تعيين {1} كـ {2}{3},
SLA will be applied on every {0},سيتم تطبيق اتفاقية مستوى الخدمة على كل {0},
SMS Center,مركز رسائل SMS,
SO Qty,كمية طلبات الشراء,
SO Total Qty,إجمالي كمية أمر المبيعات,
STATEMENT OF ACCOUNTS,كشف الحسابات,
SWIFT Number,رقم سويفت,
SWIFT number,رقم سويفت,
Safety Stock,مخزونات السلامة,
Salary,الراتب,
Salary Currency,عملة الراتب,
Salary Mode,طريقة تحصيل الراتب,
Sales,مبيعات,
Sales Account,حساب مبيعات,
Sales Analytics,تحليل المبيعات,
Sales Contributions and Incentives,مساهمات وحوافز المبيعات,
Sales Defaults,القيم الافتراضية للمبيعات,
Sales Expenses,نفقات المبيعات,
Sales Forecast,توقعات المبيعات,
Sales Forecast Item,بند توقعات المبيعات,
Sales Funnel,هرم المبيعات,
Sales Incoming Rate,سعر المبيعات الوارد,
Sales Invoice,فاتورة مبيعات,
Sales Invoice Advance,فاتورة مبيعات المقدمة,
Sales Invoice Item,بند فاتورة مبيعات,
Sales Invoice No,رقم فاتورة المبيعات,
Sales Invoice Payment,دفع فاتورة المبيعات,
Sales Invoice Reference,مرجع فاتورة المبيعات,
Sales Invoice Timesheet,السجل الزمني لفاتورة المبيعات,
Sales Invoice Transactions,معاملات فاتورة المبيعات,
Sales Invoice Trends,اتجاهات فاتورة المبيعات,
Sales Invoice does not have Payments,فاتورة المبيعات لا تحتوي على مدفوعات,
Sales Invoice is already consolidated,فاتورة المبيعات مدمجة بالفعل,
Sales Invoice is not created using POS,لم يتم إنشاء فاتورة المبيعات باستخدام نقاط البيع,
Sales Invoice is not submitted,لم يتم تقديم فاتورة المبيعات,
Sales Invoice isn't created by user {},لم يتم إنشاء فاتورة المبيعات بواسطة المستخدم {},
Sales Invoice mode is activated in POS. Please create Sales Invoice instead.,تم تفعيل وضع فاتورة المبيعات في نقاط البيع. يرجى إنشاء فاتورة مبيعات بدلاً من ذلك.,
Sales Invoice {0} has already been submitted,سبق أن تم ترحيل فاتورة المبيعات {0},
Sales Invoice {0} must be deleted before cancelling this Sales Order,يجب حذف فاتورة المبيعات {0} قبل إلغاء أمر المبيعات هذا,
Sales Monthly History,التاريخ الشهري للمبيعات,
Sales Opportunities by Campaign,فرص المبيعات حسب الحملة,
Sales Opportunities by Medium,فرص المبيعات حسب الوسيط,
Sales Opportunities by Source,فرص المبيعات حسب المصدر,
Sales Order,طلب المبيعات,
Sales Order Analysis,تحليل أوامر المبيعات,
Sales Order Date,تاريخ طلب المبيعات,
Sales Order Item,مواد طلب المبيعات,
Sales Order Packed Item,صنف معبأ من أمر المبيعات,
Sales Order Reference,مرجع أمر المبيعات,
Sales Order Schedule,جدول أوامر المبيعات,
Sales Order Status,حالة أمر المبيعات,
Sales Order Trends,مجرى طلبات البيع,
Sales Order required for Item {0},طلب البيع مطلوب للبند {0},
"Sales Order {0} already exists against Customer's Purchase Order {1}. To allow multiple Sales Orders, Enable {2} in {3}",أمر المبيعات {0} موجود بالفعل مقابل أمر شراء العميل {1}. للسماح بأوامر مبيعات متعددة، قم بتمكين {2} في {3},
Sales Order {0} is not submitted,لا يتم اعتماد أمر التوريد {0},
Sales Order {0} is not valid,أمر البيع {0} غير موجود,
Sales Order {0} is {1},طلب المبيعات {0} هو {1},
Sales Orders,أوامر البيع,
Sales Orders Required,أوامر المبيعات مطلوبة,
Sales Orders to Bill,أوامر المبيعات إلى الفاتورة,
Sales Orders to Deliver,أوامر المبيعات لتقديم,
Sales Partner,شريك المبيعات,
Sales Partner ,شريك المبيعات ,
Sales Partner Commission Summary,ملخص عمولة شريك المبيعات,
Sales Partner Item,صنف شريك المبيعات,
Sales Partner Name,اسم المندوب,
Sales Partner Target,المبلغ المطلوب للمندوب,
Sales Partner Target Variance Based On Item Group,تباين هدف شريك المبيعات بناءً على مجموعة الأصناف,
Sales Partner Target Variance based on Item Group,الفرق المستهدف لشركاء المبيعات استنادًا إلى مجموعة العناصر,
Sales Partner Transaction Summary,ملخص معاملات شريك المبيعات,
Sales Partner Type,نوع شريك المبيعات,
Sales Partners Commission,عمولة المناديب,
Sales Payment Summary,ملخص دفع المبيعات,
Sales Person,مندوب مبيعات,
Sales Person <b>{0}</b> is disabled.,مندوب المبيعات <b>{0}</b> معطل.,
Sales Person Commission Summary,ملخص مندوب مبيعات الشخص,
Sales Person Name,اسم رجل المبيعات,
Sales Person Target Variance Based On Item Group,شخص المبيعات التباين المستهدف بناء على مجموعة البند,
Sales Person Targets,اهداف رجل المبيعات,
Sales Person-wise Transaction Summary,ملخص المبيعات بناء على رجل المبيعات,
Sales Pipeline,خط أنابيب المبيعات,
Sales Pipeline Analytics,تحليلات مسار المبيعات,
Sales Pipeline by Stage,مسار المبيعات حسب المرحلة,
Sales Price List,قائمة مبيعات الأسعار,
Sales Register,سجل مبيعات,
Sales Representative,مندوب مبيعات,
Sales Return,مبيعات المعاده,
Sales Stage,مرحلة المبيعات,
Sales Summary,ملخص المبيعات,
Sales Tax Template,قالب ضريبة المبيعات,
Sales Tax Withholding Category,فئة اقتطاع ضريبة المبيعات,
Sales Taxes and Charges,الضرائب على المبيعات والرسوم,
Sales Taxes and Charges Template,قالب الضرائب والرسوم على المبيعات,
Sales Team,فريق المبيعات,
Sales Update Frequency in Company and Project,تكرار تحديث المبيعات في الشركة والمشروع,
Sales Value,قيمة المبيعات,
Sales and Returns,المبيعات والمرتجعات,
Sales orders are not available for production,طلبات المبيعات غير متوفرة للإنتاج,
Salvage Value,القيمة التخريدية,
Salvage Value Percentage,نسبة القيمة التخريدية,
Same Company is entered more than once,تم إدخال نفس الشركة أكثر من مره,
Same Item,نفس البند,
Same item and warehouse combination already entered.,تم إدخال نفس تركيبة الصنف والمستودع بالفعل.,
Same item cannot be entered multiple times.,لا يمكن إدخال البند نفسه عدة مرات.,
Same supplier has been entered multiple times,تم إدخال المورد نفسه عدة مرات,
Sample Quantity,كمية العينة,
Sample Retention Stock Entry,قيد مخزون الاحتفاظ بالعينات,
Sample Retention Warehouse,مستودع الاحتفاظ بالعينات,
Sample Size,حجم العينة,
Sample quantity {0} cannot be more than received quantity {1},كمية العينة {0} لا يمكن أن تكون أكثر من الكمية المستلمة {1},
Sanctioned,مقرر,
Save Changes and Load New Invoice,حفظ التغييرات وتحميل فاتورة جديدة,
Savings,المدخرات,
Sazhen,ساجين,
Scan Barcode,مسح الباركود,
Scan Batch No,مسح رقم الدفعة,
Scan Job Card Qrcode,مسح رمز الاستجابة السريعة لبطاقة العمل,
Scan Mode,وضع المسح,
Scan Serial No,مسح الرقم التسلسلي,
Scan barcode for item {0},مسح الباركود للصنف {0},
"Scan mode enabled, existing quantity will not be fetched.",تم تمكين وضع المسح، لن يتم جلب الكمية الحالية.,
Scanned Cheque,الممسوحة ضوئيا شيك,
Scanned Quantity,الكمية الممسوحة ضوئيًا,
Schedule Date,جدول التسجيل,
Scheduled Date,المقرر تاريخ,
Scheduled Time,جدول زمني,
Scheduled Time Logs,سجلات الوقت المجدولة,
Scheduler is Inactive. Can't trigger job now.,الجدولة غير نشطة. لا يمكن تشغيل المهمة الآن.,
Scheduler is Inactive. Can't trigger jobs now.,الجدولة غير نشطة. لا يمكن تشغيل المهام الآن.,
Scheduler is inactive. Cannot enqueue job.,الجدولة غير نشطة. لا يمكن إضافة المهمة إلى قائمة الانتظار.,
Scheduler is inactive. Cannot merge accounts.,الجدولة غير نشطة. لا يمكن دمج الحسابات.,
Schedules,جداول,
Scheduling,الجدولة,
Scheduling...,جاري الجدولة...,
School/University,مدرسة / جامعة,
Score,أحرز هدفاً,
Scorecard Actions,إجراءات بطاقة الأداء,
"Scorecard variables can be used, as well as:
{total_score} (the total score from that period),
{period_number} (the number of periods to present day)
","يمكن استخدام متغيرات بطاقة الأداء، بالإضافة إلى:
{total_score} (النتيجة الإجمالية من تلك الفترة)،
{period_number} (عدد الفترات حتى اليوم الحالي)
",
Scorecards,بطاقات الأداء,
Scoring Criteria,معايير التسجيل,
Scoring Setup,سجل الإعداد,
Scoring Standings,ترتيب الترتيب,
Scrap & Process Loss,الخردة وفاقد المعالجة,
Scrap Asset,تخريد الأصل,
Scrap Cost Per Qty,تكلفة الخردة لكل كمية,
Scrap Item Code,رمز صنف الخردة,
Scrap Item Name,اسم صنف الخردة,
Scrap Items,الخردة الأصناف,
Scrap Material Cost,التكلفة الخردة المواد,
Scrap Material Cost(Company Currency),الخردة المواد التكلفة (شركة العملات),
Scrap Warehouse,الخردة مستودع,
Scrap date cannot be before purchase date,لا يمكن أن يكون تاريخ التخريد قبل تاريخ الشراء,
Scrapped,ألغت,
Search APIs,بحث واجهات برمجة التطبيقات,
Search Sub Assemblies,بحث التجميعات الفرعية,
Search Term Param Name,Search Param Name,
"Search by customer name, phone, email.",البحث عن طريق اسم العميل، الهاتف، البريد الإلكتروني.,
Search by invoice id or customer name,البحث عن طريق معرف الفاتورة أو اسم العميل,
"Search by item code, serial number or barcode",ابحث برمز الصنف أو الرقم التسلسلي أو الباركود,
Second,ثانية,
Second Email,البريد الإلكتروني الثاني,
Secondary Party,الطرف الثانوي,
Secondary Role,الدور الثانوي,
Secretary,سكرتير,
Section Code,كود القسم,
Secured Loans,القروض المضمونة,
Securities & Commodity Exchanges,بورصات الأوراق المالية والسلع,
Securities and Deposits,الأوراق المالية و الودائع,
See All Articles,انظر جميع المقالات,
See all open tickets,شاهد جميع التذاكر المفتوحة,
Segregate Serial / Batch Bundle,فصل حزمة الرقم التسلسلي / الدفعة,
Select Accounting Dimension.,حدد بُعد المحاسبة.,
Select Alternate Item,اختر البند البديل,
Select Alternative Items for Sales Order,حدد أصنافًا بديلة لأمر المبيعات,
Select Attribute Values,حدد قيم السمات,
Select BOM,حدد مكتب الإدارة,
Select BOM and Qty for Production,اختر فاتورة المواد و الكمية للانتاج,
"Select BOM, Qty and For Warehouse",اختر قائمة المواد، الكمية، وإلى المخزن,
Select Batch No,حدد رقم الدفعة,
Select Billing Address,اختر عنوان الفواتير,
Select Brand...,اختر الماركة...,
Select Columns and Filters,حدد الأعمدة والفلاتر,
Select Company,حدد الشركة,
Select Company Address,حدد عنوان الشركة,
Select Corrective Operation,حدد العملية التصحيحية,
Select Customers By,حدد العملاء حسب,
Select Date of Birth. This will validate Employees age and prevent hiring of under-age staff.,حدد تاريخ الميلاد. سيؤدي ذلك إلى التحقق من عمر الموظفين ومنع توظيف الموظفين القصر.,
"Select Date of joining. It will have impact on the first salary calculation, Leave allocation on pro-rata bases.",حدد تاريخ الانضمام. سيكون له تأثير على حساب الراتب الأول، وتخصيص الإجازات على أساس تناسبي.,
Select Default Supplier,حدد الافتراضي مزود,
Select Difference Account,حدد حساب الفرق,
Select Dimension,حدد البُعد,
Select Dispatch Address ,حدد عنوان الإرسال ,
Select Employees,حدد الموظفين,
Select Finished Good,حدد المنتج النهائي,
Select Items,اختيار العناصر,
Select Items based on Delivery Date,حدد العناصر بناءً على تاريخ التسليم,
Select Items for Quality Inspection,حدد الأصناف لفحص الجودة,
Select Items to Manufacture,حدد العناصر لتصنيع,
Select Items to Receive,اختر العناصر التي ترغب في استلامها,
Select Items up to Delivery Date,حدد الأصناف حتى تاريخ التسليم,
Select Job Worker Address,حدد عنوان عامل الوظيفة,
Select Loyalty Program,اختر برنامج الولاء,
Select Possible Supplier,اختار المورد المحتمل,
Select Quantity,اختيار الكمية,
Select Serial No,حدد الرقم التسلسلي,
Select Serial and Batch,حدد الرقم التسلسلي والدفعة,
Select Shipping Address,حدد عنوان الشحن,
Select Supplier Address,حدد مزود العناوين,
Select Target Warehouse,حدد مستودع الهدف,
Select Time,اختر الوقت,
Select View,حدد العرض,
Select Vouchers to Match,حدد الإيصالات للمطابقة,
Select Warehouse...,حدد مستودع...,
Select Warehouses to get Stock for Materials Planning,حدد المستودعات للحصول على المخزون لتخطيط المواد,
Select a Company,حدد شركة,
Select a Company this Employee belongs to.,حدد الشركة التي ينتمي إليها هذا الموظف.,
Select a Customer,حدد عميلاً,
Select a Default Priority.,حدد أولوية افتراضية.,
Select a Payment Method.,اختر طريقة الدفع.,
Select a Supplier,حدد المورد,
"Select a Supplier from the Default Suppliers of the items below. On selection, a Purchase Order will be made against items belonging to the selected Supplier only.",حدد موردًا من الموردين الافتراضيين للعناصر أدناه. عند التحديد، سيتم إجراء طلب الشراء مقابل العناصر التي تنتمي إلى المورد المحدد فقط.,
Select a company,اختر شركة,
Select an Item Group.,حدد مجموعة أصناف.,
Select an account to print in account currency,حدد حسابا للطباعة بعملة الحساب,
Select an invoice to load summary data,حدد فاتورة لتحميل بيانات الملخص,
Select an item from each set to be used in the Sales Order.,حدد صنفًا من كل مجموعة ليتم استخدامه في أمر المبيعات.,
Select at least one value from each of the attributes.,حدد قيمة واحدة على الأقل من كل من السمات.,
Select company first,اختر الشركة أولا,
Select company name first.,حدد اسم الشركة الأول.,
Select finance book for the item {0} at row {1},حدد دفتر تمويل للعنصر {0} في الصف {1},
Select item group,حدد مجموعة العناصر,
Select template item,حدد عنصر القالب,
Select the Bank Account to reconcile.,حدد الحساب البنكي للتوفيق.,
Select the Default Workstation where the Operation will be performed. This will be fetched in BOMs and Work Orders.,حدد محطة العمل الافتراضية حيث سيتم تنفيذ العملية. سيتم جلب هذا في قوائم المواد وأوامر العمل.,
Select the Item to be manufactured.,حدد الصنف المراد تصنيعه.,
"Select the Item to be manufactured. The Item name, UoM, Company, and Currency will be fetched automatically.",حدد الصنف المراد تصنيعه. سيتم جلب اسم الصنف ووحدة القياس والشركة والعملة تلقائيًا.,
Select the Warehouse,حدد المستودع,
Select the customer or supplier.,حدد العميل أو المورد.,
Select the date,حدد التاريخ,
Select the date and your timezone,حدد التاريخ والمنطقة الزمنية الخاصة بك,
Select the raw materials (Items) required to manufacture the Item,حدد المواد الخام (الأصناف) المطلوبة لتصنيع الصنف,
Select variant item code for the template item {0},حدد رمز عنصر متغير لعنصر النموذج {0},
"Select whether to get items from a Sales Order or a Material Request. For now select <b>Sales Order</b>.
 A Production Plan can also be created manually where you can select the Items to manufacture.","حدد ما إذا كنت تريد الحصول على الأصناف من أمر مبيعات أو طلب مواد. الآن حدد <b>أمر المبيعات</b>.
يمكن أيضًا إنشاء خطة إنتاج يدويًا حيث يمكنك تحديد الأصناف المراد تصنيعها.",
Select your weekly off day,حدد يوم عطلتك الأسبوعية,
"Select, to make the customer searchable with these fields",حدد، لجعل العميل قابلا للبحث باستخدام هذه الحقول,
Selected POS Opening Entry should be open.,يجب أن يكون الإدخال الافتتاحي المحدد لنقاط البيع مفتوحًا.,
Selected Price List should have buying and selling fields checked.,قائمة الأسعار المختارة يجب أن يكون لديها حقول بيع وشراء محددة.,
Selected Print Format does not exist.,تنسيق الطباعة المحدد غير موجود.,
Selected Serial and Batch Bundle entries have been fixed.,تم إصلاح إدخالات الحزم التسلسلية والدفعية المحددة.,
Selected Vouchers,الإيصالات المحددة,
Selected date is,التاريخ المحدد هو,
Selected document must be in submitted state,يجب أن يكون المستند المحدد في حالة التقديم,
Self delivery,تسليم ذاتي,
Sell,باع,
Sell Asset,بيع الأصل,
Sell Qty,بيع الكمية,
Sell quantity cannot exceed the asset quantity,لا يمكن أن تتجاوز كمية البيع كمية الأصل,
Sell quantity must be greater than zero,يجب أن تكون كمية البيع أكبر من الصفر,
Selling,المبيعات,
Selling Amount,مبلغ البيع,
Selling Price List,قائمة أسعار البيع,
Selling Rate,معدل البيع,
Selling Settings,إعدادات البيع,
"Selling must be checked, if Applicable For is selected as {0}",يجب أن يتم التحقق البيع، إذا تم تحديد مطبق للك {0},
Semi Finished Good / Finished Good,منتج نصف مصنع / منتج نهائي,
Semi Finished Goods / Finished Goods,منتجات نصف مصنعة / منتجات نهائية,
Send After (days),إرسال بعد (أيام),
Send Attached Files,إرسال الملفات المرفقة,
Send Document Print,إرسال طباعة المستند,
Send Email,إرسال بريد الإلكتروني,
Send Emails,إرسال رسائل بريد إلكتروني,
Send Emails to Suppliers,إرسال رسائل البريد الإلكتروني إلى الموردين,
Send SMS,SMS أرسل رسالة,
Send To,أرسل إلى,
Send To Primary Contact,أرسل إلى جهة الاتصال الأساسية,
Send regular summary reports via Email.,إرسال تقارير ملخصة منتظمة عبر البريد الإلكتروني.,
Send to Subcontractor,إرسال إلى المقاول من الباطن,
Send with Attachment,إرسال مع المرفقات,
Sequence ID,معرف التسلسل,
Sequential,متسلسل,
Serial & Batch Item,صنف تسلسلي ودفعة,
Serial & Batch Item Settings,إعدادات صنف الرقم التسلسلي والدفعة,
Serial / Batch,الرقم التسلسلي/الدفعة,
Serial / Batch Bundle,حزمة الرقم التسلسلي / الدفعة,
Serial / Batch Bundle Missing,حزمة الرقم التسلسلي / الدفعة مفقودة,
Serial / Batch No,رقم تسلسلي / رقم دفعة,
Serial / Batch Nos,أرقام تسلسلية / أرقام دفعات,
Serial No,الرقم التسلسلي,
Serial No (In/Out),الرقم التسلسلي (داخل/خارج),
Serial No / Batch,رقم المسلسل / الدفعة,
Serial No Already Assigned,الرقم التسلسلي مُسند بالفعل,
Serial No Count,المسلسل لا عد,
Serial No Ledger,دفتر أستاذ الأرقام التسلسلية,
Serial No Range,نطاق الأرقام التسلسلية,
Serial No Reserved,الرقم التسلسلي محجوز,
Serial No Series Overlap,تداخل سلسلة الأرقام التسلسلية,
Serial No Service Contract Expiry,مسلسل العقد لا انتهاء الاشتراك خدمة,
Serial No Status,حالة رقم المسلسل,
Serial No Warranty Expiry,المسلسل لا عودة انتهاء الاشتراك,
Serial No and Batch,الرقم التسلسلي والدفعة,
Serial No and Batch Selector cannot be use when Use Serial / Batch Fields is enabled.,لا يمكن استخدام محدد الرقم التسلسلي والدفعة عند تمكين استخدام حقول الرقم التسلسلي / الدفعة.,
Serial No and Batch Traceability,إمكانية تتبع الرقم التسلسلي والدفعة,
Serial No is mandatory,الرقم التسلسلي إلزامي,
Serial No is mandatory for Item {0},رقم المسلسل إلزامي القطعة ل {0},
Serial No {0} already exists,الرقم التسلسلي {0} موجود بالفعل,
Serial No {0} already scanned,الرقم التسلسلي {0} تم مسحه ضوئيًا بالفعل,
Serial No {0} does not belong to Delivery Note {1},الرقم المتسلسل {0} لا ينتمي الى إشعار تسليم {1},
Serial No {0} does not belong to Item {1},الرقم المتسلسل {0} لا ينتمي إلى البند {1},
Serial No {0} does not exist,الرقم المتسلسل {0} غير موجود,
Serial No {0} does not exists,الرقم التسلسلي {0} غير موجود,
Serial No {0} is already added,الرقم التسلسلي {0} مضاف بالفعل,
Serial No {0} is already assigned to customer {1}. Can only be returned against the customer {1},الرقم التسلسلي {0} مُسند بالفعل للعميل {1}. لا يمكن إرجاعه إلا مقابل العميل {1},
"Serial No {0} is not present in the {1} {2}, hence you can't return it against the {1} {2}",الرقم التسلسلي {0} غير موجود في {1} {2}، وبالتالي لا يمكنك إرجاعه مقابل {1} {2},
Serial No {0} is under maintenance contract upto {1},الرقم التسلسلي {0} يتبع عقد الصيانة حتى {1},
Serial No {0} is under warranty upto {1},الرقم التسلسلي {0} تحت الضمان حتى {1},
Serial No {0} not found,لم يتم العثور علي الرقم التسلسلي {0},
Serial No: {0} has already been transacted into another POS Invoice.,الرقم التسلسلي: تم بالفعل معاملة {0} في فاتورة نقطة بيع أخرى.,
Serial Nos,الأرقام التسلسلية,
Serial Nos / Batch Nos,الأرقام التسلسلية / أرقام الدفعات,
Serial Nos and Batches,الرقم التسلسلي ودفعات,
Serial Nos are created successfully,تم إنشاء الأرقام التسلسلية بنجاح,
"Serial Nos are reserved in Stock Reservation Entries, you need to unreserve them before proceeding.",الأرقام التسلسلية محجوزة في قيود حجز المخزون، يجب عليك إلغاء حجزها قبل المتابعة.,
Serial Number Series,المسلسل عدد سلسلة,
Serial and Batch,الرقم التسلسلي والدفعة,
Serial and Batch Bundle,حزمة الرقم التسلسلي والدفعة,
Serial and Batch Bundle created,تم إنشاء حزمة الرقم التسلسلي والدفعة,
Serial and Batch Bundle updated,تم تحديث حزمة الرقم التسلسلي والدفعة,
Serial and Batch Bundle {0} is already used in {1} {2}.,تم استخدام حزمة الرقم التسلسلي والدفعة {0} بالفعل في {1} {2}.,
Serial and Batch Bundle {0} is not submitted,حزمة الرقم التسلسلي والدفعة {0} غير مرحّلة,
Serial and Batch Details,تفاصيل الرقم التسلسلي والدفعة,
Serial and Batch Entry,قيد الرقم التسلسلي والدفعة,
Serial and Batch No,رقم تسلسلي ورقم دفعة,
Serial and Batch Nos,أرقام تسلسلية وأرقام دفعات,
Serial and Batch Nos will be auto-reserved based on <b>Pick Serial / Batch Based On</b>,سيتم حجز الأرقام التسلسلية وأرقام الدفعات تلقائيًا بناءً على <b>اختيار الرقم التسلسلي / الدفعة بناءً على</b>,
Serial and Batch Reservation,حجز الرقم التسلسلي والدفعة,
Serial and Batch Summary,ملخص الرقم التسلسلي والدفعة,
Serial number {0} entered more than once,الرقم التسلسلي {0} دخلت أكثر من مرة,
Serial numbers unavailable for Item {0} under warehouse {1}. Please try changing warehouse.,الأرقام التسلسلية غير متوفرة للصنف {0} في المستودع {1}. يرجى محاولة تغيير المستودع.,
Series,سلسلة التسمية,
Series for Asset Depreciation Entry (Journal Entry),التسلسل لقيد إهلاك الأصل (قيد اليومية),
Series is mandatory,الترقيم المتسلسل إلزامي,
Service Address,عنوان الخدمة,
Service Cost Per Qty,تكلفة الخدمة لكل كمية,
Service Day,يوم الخدمة,
Service End Date,تاريخ انتهاء الخدمة,
Service Expense Account,حساب مصروفات الخدمة,
Service Expense Total Amount,إجمالي مبلغ مصروفات الخدمة,
Service Expenses,مصروفات الخدمة,
Service Item,صنف الخدمة,
Service Item Qty,كمية صنف الخدمة,
Service Item Qty / Finished Good Qty,كمية صنف الخدمة / كمية المنتج النهائي,
Service Item UOM,وحدة قياس صنف الخدمة,
Service Item {0} is disabled.,صنف الخدمة {0} معطل.,
Service Item {0} must be a non-stock item.,يجب أن يكون صنف الخدمة {0} صنفًا غير مخزني.,
Service Items,أصناف الخدمة,
Service Level Agreement,اتفاقية مستوى الخدمة,
Service Level Agreement Creation,إنشاء اتفاقية مستوى الخدمة,
Service Level Agreement Details,تفاصيل اتفاقية مستوى الخدمة,
Service Level Agreement Status,حالة اتفاقية مستوى الخدمة,
Service Level Agreement for {0} {1} already exists.,اتفاقية مستوى الخدمة لـ {0} {1} موجودة بالفعل.,
Service Level Agreement has been changed to {0}.,تم تغيير اتفاقية مستوى الخدمة إلى {0}.,
Service Level Agreement was reset.,تمت إعادة ضبط اتفاقية مستوى الخدمة.,
Service Level Agreements,اتفاقيات مستوى الخدمة,
Service Level Name,اسم مستوى الخدمة,
Service Level Priority,أولوية مستوى الخدمة,
Service Provider,مزود الخدمة,
Service Received But Not Billed,تم استلام الخدمة ولكن لم يتم دفع الفاتورة,
Service Start Date,تاريخ بدء الخدمة,
Service Stop Date,تاريخ توقف الخدمة,
Service Stop Date cannot be after Service End Date,لا يمكن أن يكون تاريخ إيقاف الخدمة بعد تاريخ انتهاء الخدمة,
Service Stop Date cannot be before Service Start Date,لا يمكن أن يكون تاريخ إيقاف الخدمة قبل تاريخ بدء الخدمة,
Services,الخدمات,
Set Accepted Warehouse,حدد المخزن المعتمد,
Set Advances and Allocate (FIFO),تعيين السلف والتخصيص (FIFO),
Set Basic Rate Manually,قم بتعيين السعر الأساسي يدويًا,
Set Default Supplier,تعيين المورد الافتراضي,
Set Delivery Warehouse,مستودع توصيل المجموعات,
Set Finished Good Quantity,تعيين كمية المنتج النهائي,
Set From Warehouse,تعيين من مستودع,
Set Grand Total to Default Payment Method,تعيين الإجمالي الكلي لطريقة الدفع الافتراضية,
Set Item Group-wise budgets on this Territory. You can also include seasonality by setting the Distribution.,تعيين مجموعة من الحكمة الإغلاق الميزانيات على هذا الإقليم. يمكنك أيضا تضمين الموسمية عن طريق تعيين التوزيع.,
Set Landed Cost Based on Purchase Invoice Rate,تعيين التكلفة الهابطة بناءً على سعر فاتورة الشراء,
Set Loyalty Program,تعيين برنامج الولاء,
Set New Release Date,تعيين تاريخ الإصدار الجديد,
Set Operating Cost / Scrap Items From Sub-assemblies,تعيين تكلفة التشغيل / أصناف الخردة من التجميعات الفرعية,
Set Operating Cost Based On BOM Quantity,تعيين تكلفة التشغيل بناءً على كمية قائمة المواد,
Set Parent Row No in Items Table,تعيين رقم الصف الأصلي في جدول الأصناف,
Set Posting Date,حدد تاريخ النشر,
Set Process Loss Item Quantity,تعيين كمية صنف فاقد المعالجة,
Set Project Status,تعيين حالة المشروع,
Set Project and all Tasks to status {0}?,عيّن Project وجميع المهام إلى الحالة {0}؟,
Set Reserve Warehouse,تعيين مستودع الاحتياطي,
Set Response Time for Priority {0} in row {1}.,تعيين وقت الاستجابة للأولوية {0} في الصف {1}.,
Set Serial and Batch Bundle Naming Based on Naming Series,تعيين تسمية حزمة الرقم التسلسلي والدفعة بناءً على سلسلة التسمية,
Set Source Warehouse,تعيين المخزن المصدر,
Set Supplier,مورد المجموعة,
Set Target Warehouse,حدد المخزن الوجهة,
Set Valuation Rate Based on Source Warehouse,تعيين معدل التقييم بناءً على مستودع المصدر,
Set Valuation Rate for Rejected Materials,تعيين معدل التقييم للمواد المرفوضة,
Set Warehouse,تعيين المستودع,
Set as Closed,على النحو مغلق,
Set as Completed,تعيين كـ مكتمل,
Set as Lost,على النحو المفقودة,
Set as Open,على النحو المفتوحة,
Set by Item Tax Template,تعيين بواسطة قالب ضريبة الصنف,
Set default inventory account for perpetual inventory,تعيين حساب المخزون الافتراضي للمخزون الدائم,
Set default {0} account for non stock items,تعيين حساب {0} افتراضي للأصناف غير المخزنية,
Set fieldname from which you want to fetch the data from the parent form.,عيّن اسم الحقل الذي تريد جلب البيانات منه من النموذج الأصلي.,
Set quantity of process loss item:,تعيين كمية صنف فاقد المعالجة:,
Set rate of sub-assembly item based on BOM,تعيين معدل عنصر التجميع الفرعي استنادا إلى بوم,
Set targets Item Group-wise for this Sales Person.,تحديد أهداف المجموعة السلعة الحكيم لهذا الشخص المبيعات.,
Set the Planned Start Date (an Estimated Date at which you want the Production to begin),عيّن تاريخ البدء المخطط (تاريخ تقديري تريد أن يبدأ فيه الإنتاج),
Set the status manually.,عيّن الحالة يدويًا.,
Set this if the customer is a Public Administration company.,حدد هذا إذا كان العميل شركة إدارة عامة.,
Set {0} in asset category {1} for company {2},عيّن {0} في فئة الأصل {1} للشركة {2},
Set {0} in asset category {1} or company {2},تعيين {0} في فئة الأصول {1} أو الشركة {2},
Set {0} in company {1},قم بتعيين {0} في الشركة {1},
Sets 'Accepted Warehouse' in each row of the Items table.,يعيّن 'المستودع المقبول' في كل صف من جدول الأصناف.,
Sets 'Rejected Warehouse' in each row of the Items table.,يعيّن 'المستودع المرفوض' في كل صف من جدول الأصناف.,
Sets 'Reserve Warehouse' in each row of the Supplied Items table.,يعيّن 'مستودع الحجز' في كل صف من جدول الأصناف الموردة.,
Sets 'Source Warehouse' in each row of the items table.,"يعيّن ""مستودع المصدر"" في كل صف من جدول العناصر.",
Sets 'Target Warehouse' in each row of the items table.,"يعيّن ""المستودع المستهدف"" في كل صف من جدول العناصر.",
Sets 'Warehouse' in each row of the Items table.,"يعيّن ""المستودع"" في كل صف من جدول السلع.",
Setting Account Type helps in selecting this Account in transactions.,تحديد نوع الحساب يساعد في تحديد هذا الحساب في المعاملات.,
"Setting Events to {0}, since the Employee attached to the below Sales Persons does not have a User ID{1}",وضع الأحداث إلى {0}، لأن الموظف المرفقة أدناه الأشخاص المبيعات لايوجد هوية المستخدم {1},
Setting Item Locations...,جاري تعيين مواقع الأصناف...,
Setting defaults,تعيين الإعدادات الافتراضية,
Setting the account as a Company Account is necessary for Bank Reconciliation,يعد تعيين الحساب كحساب شركة ضروريًا لتسوية البنك,
Setting up company,تأسيس شركة,
Setting {0} is required,الإعداد {0} مطلوب,
Settings for Selling Module,إعدادات وحدة المبيعات,
Settled,تسوية,
Setup your organization,إعداد مؤسستك,
Share Balance,رصيد السهم,
Share Ledger,مشاركة دفتر الأستاذ,
Share Management,إدارة المشاركة,
Share Transfer,نقل المشاركة,
Share Type,نوع المشاركة,
Shareholder,المساهم,
Shelf Life In Days,العمر الافتراضي في الأيام,
Shelf Life in Days,مدة الصلاحية بالأيام,
Shift,وردية,
Shift Factor,عامل الوردية,
Shift Name,اسم الوردية,
Shift Time (In Hours),مدة الوردية (بالساعات),
Shipment,شحنة,
Shipment Amount,مبلغ الشحنة,
Shipment Delivery Note,إشعار تسليم الشحنة,
Shipment ID,معرف الشحنة,
Shipment Information,معلومات الشحنة,
Shipment Parcel,طرد الشحنة,
Shipment Parcel Template,قالب طرد الشحنة,
Shipment Type,نوع الشحنة,
Shipment details,تفاصيل الشحنة,
Shipments,شحنات,
Shipping Account,حساب الشحن,
Shipping Address Details,تفاصيل عنوان الشحن,
Shipping Address Name,الشحن العنوان الاسم,
Shipping Address Template,قالب عنوان الشحن,
Shipping Address does not belong to the {0},عنوان الشحن لا ينتمي إلى {0},
"Shipping Address does not have country, which is required for this Shipping Rule",عنوان الشحن ليس لديه بلد، وهو مطلوب لقاعدة الشحن هذه,
Shipping Amount,مبلغ الشحن,
Shipping City,مدينة الشحن,
Shipping Country,دولة الشحن,
Shipping County,مقاطعة البريدية,
Shipping Rule,قواعد الشحن,
Shipping Rule Condition,حالة قاعدة الشحن,
Shipping Rule Conditions,شروط قاعدة الشحن,
Shipping Rule Country,بلد قاعدة الشحن,
Shipping Rule Label,ملصق قاعدة الشحن,
Shipping Rule Type,نوع القاعدة الشحن,
Shipping State,الدولة الشحن,
Shipping Zipcode,الشحن الرمز البريدي,
Shipping rule not applicable for country {0} in Shipping Address,قاعدة الشحن لا تنطبق على البلد {0} في عنوان الشحن,
Shipping rule only applicable for Buying,الشحن القاعدة المعمول بها فقط للشراء,
Shipping rule only applicable for Selling,الشحن القاعدة المعمول بها فقط للبيع,
Shopping Cart,سلة التسوق,
Short Name,الاسم المختصر,
Short Term Loan Account,حساب قرض قصير الأجل,
Short biography for website and other publications.,نبذة على موقع الويب وغيره من المنشورات.,
Short-term Investments,الاستثمارات قصيرة الأجل,
Shortage Qty,نقص الكمية,
Show Aggregate Value from Subsidiary Companies,عرض القيمة الإجمالية من الشركات التابعة,
Show Balances in Chart Of Accounts,عرض الأرصدة في شجرة الحسابات,
Show Barcode Field in Stock Transactions,عرض حقل الباركود في معاملات المخزون,
Show Cancelled Entries,إظهار القيود الملغاة,
Show Completed,عرض مكتمل,
Show Credit / Debit in Company Currency,إظهار الرصيد الدائن / المدين بعملة الشركة,
Show Cumulative Amount,إظهار المبلغ التراكمي,
Show Dimension Wise Stock,عرض المخزون حسب الأبعاد,
Show Disabled Items,عرض العناصر المعطلة,
Show Disabled Warehouses,عرض المستودعات المعطلة,
Show Failed Logs,إظهار السجلات الفاشلة,
Show Future Payments,إظهار المدفوعات المستقبلية,
Show GL Balance,عرض رصيد دفتر الأستاذ العام,
Show Group Accounts,عرض حسابات المجموعة,
Show In Website,تظهر في الموقع,
Show Inclusive Tax in Print,عرض الضرائب الشاملة في المطبوعات,
Show Item Name,عرض اسم الصنف,
Show Items,إظهار العناصر,
Show Latest Forum Posts,إظهار أحدث مشاركات المنتدى,
Show Ledger View,عرض دفتر الأستاذ,
Show Linked Delivery Notes,إظهار إشعارات التسليم المرتبطة,
Show Net Values in Party Account,عرض القيم الصافية في حساب الطرف,
Show Open,عرض مفتوح,
Show Opening Entries,إظهار القيود الافتتاحية,
Show Opening and Closing Balance,عرض الرصيد الافتتاحي والختامي,
Show Operations,مشاهدة العمليات,
Show Pay Button in Purchase Order Portal,عرض زر الدفع في بوابة أمر الشراء,
Show Payment Details,إظهار تفاصيل الدفع,
Show Payment Schedule in Print,عرض جدول الدفع في الطباعة,
Show Remarks,عرض الملاحظات,
Show Return Entries,إظهار قيود المرتجعات,
Show Sales Person,عرض شخص المبيعات,
Show Stock Ageing Data,عرض بيانات تقادم المخزون,
Show Taxes as Table in Print,عرض الضرائب كجدول في الطباعة,
Show Variant Attributes,عرض سمات متغير,
Show Variants,اظهار المتغيرات,
Show Warehouse-wise Stock,عرض المستودع الحكيمة,
Show exploded view,عرض عرض انفجرت,
Show in Bucket View,عرض في عرض الدلو,
Show in Website,عرض في الموقع,
Show net values in opening and closing columns,عرض القيم الصافية في أعمدة الفتح والإغلاق,
Show only POS,إظهار نقاط البيع فقط,
Show only the Immediate Upcoming Term,عرض الشرط القادم المباشر فقط,
Show pending entries,عرض القيود المعلقة,
Show unclosed fiscal year's P&L balances,تظهر P & L أرصدة السنة المالية غير مغلق ل,
Show with upcoming revenue/expense,عرض مع الإيرادات/المصروفات القادمة,
Show zero values,إظهار القيم صفر,
Show {0},عرض {0},
Signatory Position,الوظيفة الموقعة,
Signed,وقعت,
Signed By (Company),موقع من قبل (الشركة),
Signed On,تم تسجيل الدخول,
Signee,الموقع,
Signee (Company),التوقيع (شركة),
Signee Details,تفاصيل المنشور,
"Simple Python Expression, Example: doc.status == 'Open' and doc.issue_type == 'Bug'",تعبير بايثون بسيط، مثال: doc.status == 'Open' and doc.issue_type == 'Bug',
"Simple Python Expression, Example: territory != 'All Territories'","تعبير بايثون بسيط، مثال: إقليم! = ""كل الأقاليم""",
"Simple Python formula applied on Reading fields.<br> Numeric eg. 1: <b>reading_1 &gt; 0.2 and reading_1 &lt; 0.5</b><br>
Numeric eg. 2: <b>mean &gt; 3.5</b> (mean of populated fields)<br>
Value based eg.:  <b>reading_value in (""A"", ""B"", ""C"")</b>","صيغة بايثون بسيطة تُطبَّق على حقول القراءة.<br> مثال رقمي 1: <b>reading_1 &gt; 0.2 and reading_1 &lt; 0.5</b><br>
مثال رقمي 2: <b>mean &gt; 3.5</b> (متوسط الحقول المعبأة)<br>
مثال قائم على القيمة:  <b>reading_value in (""A"", ""B"", ""C"")</b>",
Simultaneous,متزامن,
"Since there is a process loss of {0} units for the finished good {1}, you should reduce the quantity by {0} units for the finished good {1} in the Items Table.",نظرًا لوجود فاقد معالجة قدره {0} وحدة للمنتج النهائي {1}، يجب عليك تقليل الكمية بمقدار {0} وحدة للمنتج النهائي {1} في جدول الأصناف.,
Single,أعزب,
Single Tier Program,برنامج الطبقة الواحدة,
Single Variant,متغير واحد,
Skip Delivery Note,تخطي إشعار التسليم,
Skip Material Transfer,تخطي تحويل المواد,
Skip Material Transfer to WIP,تخطي تحويل المواد إلى العمل تحت التشغيل,
Skip Material Transfer to WIP Warehouse,تخطي نقل المواد إلى مستودع WIP,
Skype ID,هوية السكايب,
Slug/Cubic Foot,سلج/قدم مكعب,
Small,صغير,
Smoothing Constant,تجانس ثابت,
Soap & Detergent,الصابون والمنظفات,
Software,البرمجيات,
Software Developer,مطور برامج,
Sold,تم البيع,
Sold by,مباع بواسطة,
Something went wrong please try again,حدث خطأ ما، يرجى المحاولة مرة أخرى,
"Sorry, this coupon code is no longer valid",عذرا، رمز القسيمة هذا لم يعد صالحًا,
"Sorry, this coupon code's validity has expired",عذرا، لقد انتهت صلاحية رمز القسيمة,
"Sorry, this coupon code's validity has not started",عذرًا، لم تبدأ صلاحية رمز القسيمة,
Source DocType,المصدر DocType,
Source Document,وثيقة المصدر,
Source Document Name,اسم المستند المصدر,
Source Document No,رقم المستند الأصلي,
Source Document Type,نوع المستند المصدر,
Source Exchange Rate,سعر صرف المصدر,
Source Fieldname,اسم حقل المصدر,
Source Location,موقع المصدر,
Source Type,نوع المصدر,
Source Warehouse,مصدر مستودع,
Source Warehouse Address,عنوان مستودع المصدر,
Source Warehouse Address Link,رابط عنوان مستودع المصدر,
Source Warehouse is mandatory for the Item {0}.,مستودع المصدر إلزامي للصنف {0}.,
Source and Target Location cannot be same,لا يمكن أن يكون المصدر و الموقع الهدف نفسه,
Source and target warehouse cannot be same for row {0},المصدر والمستودع المستهدف لا يمكن أن يكون نفس الصف {0},
Source and target warehouse must be different,ويجب أن تكون مصدر ومستودع الهدف مختلفة,
Source of Funds (Liabilities),مصدر الأموال (الخصوم),
Source warehouse is mandatory for row {0},مستودع المصدر إلزامي للصف {0},
Sourced by Supplier,مصدرها المورد,
South Africa VAT Account,حساب ضريبة القيمة المضافة في جنوب أفريقيا,
South Africa VAT Settings,إعدادات ضريبة القيمة المضافة في جنوب أفريقيا,
Specify Exchange Rate to convert one currency into another,حدد سعر الصرف لتحويل عملة إلى أخرى,
Specify conditions to calculate shipping amount,حدد الشروط لحساب مبلغ الشحن,
Split,انشق، مزق,
Split Asset,تقسيم الأصل,
Split Batch,تقسيم دفعة,
Split Early Payment Discount Loss into Income and Tax Loss,تقسيم خسارة خصم الدفع المبكر إلى دخل وخسارة ضريبية,
Split From,مقسم من,
Split Issue,تقسيم القضية,
Split Qty,كمية التقسيم,
Split Quantity must be less than Asset Quantity,يجب أن تكون كمية التقسيم أقل من كمية الأصل,
Splitting {0} {1} into {2} rows as per Payment Terms,جاري تقسيم {0} {1} إلى {2} صفوف حسب شروط الدفع,
Sports,الرياضة,
Square Centimeter,سنتيمتر مربع,
Square Foot,قدم مربع,
Square Inch,بوصة مربعة,
Square Kilometer,كيلومتر مربع,
Square Meter,متر مربع,
Square Mile,ميل مربع,
Square Yard,ياردة مربعة,
Stage,المرحلة,
Stage Name,اسم المرحلة,
Stale Days,أيام قديمة,
Stale Days should start from 1.,يجب أن تبدأ الأيام القديمة من 1.,
Standard Buying,شراء القياسية,
Standard Description,الوصف القياسي,
Standard Rated Expenses,المصروفات ذات المعدل القياسي,
Standard Selling,البيع القياسية,
Standard Selling Rate,مستوى البيع السعر,
Standard Template,قالب قياسي,
"Standard Terms and Conditions that can be added to Sales and Purchases. Examples: Validity of the offer, Payment Terms, Safety and Usage, etc.",الشروط والأحكام القياسية التي يمكن إضافتها إلى المبيعات والمشتريات. أمثلة: صلاحية العرض، شروط الدفع، السلامة والاستخدام، إلخ.,
Standard rated supplies in {0},الإمدادات ذات المعدل القياسي في {0},
"Standard tax template that can be applied to all Purchase Transactions. This template can contain a list of tax heads and also other expense heads like ""Shipping"", ""Insurance"", ""Handling"", etc.","قالب ضريبة قياسي يمكن تطبيقه على جميع معاملات الشراء. يمكن أن يحتوي هذا القالب على قائمة برؤوس الضرائب وأيضًا رؤوس مصروفات أخرى مثل ""الشحن"" و ""التأمين"" و ""المناولة"" وما إلى ذلك.",
"Standard tax template that can be applied to all Sales Transactions. This template can contain a list of tax heads and also other expense/income heads like ""Shipping"", ""Insurance"", ""Handling"" etc.","قالب ضريبة قياسي يمكن تطبيقه على جميع معاملات البيع. يمكن أن يحتوي هذا القالب على قائمة برؤوس الضرائب وأيضًا رؤوس مصروفات/إيرادات أخرى مثل ""الشحن"" و ""التأمين"" و ""المناولة"" وما إلى ذلك.",
Standing Name,اسم الدائمة,
Start / Resume,بدء / استئناف,
Start Date cannot be before the current date,لا يمكن أن يكون تاريخ البدء قبل التاريخ الحالي,
Start Date should be lower than End Date,يجب أن يكون تاريخ البدء أقل من تاريخ الانتهاء,
Start Job,بدء المهمة,
Start Merge,بدء الدمج,
Start Reposting,بدء إعادة المعالجة,
Start Time can't be greater than or equal to End Time for {0}.,لا يمكن أن يكون وقت البدء أكبر من أو يساوي وقت الانتهاء لـ {0}.,
Start Timer,بدء المؤقت,
Start Year,بداية السنة,
Start Year and End Year are mandatory,سنة البداية وسنة الانتهاء إلزامية,
Start and End Dates,تواريخ البدء والانتهاء,
Start date of current invoice's period,تاريخ بدء فترة الفاتورة الحالية,
Start date should be less than end date for Item {0},يجب أن يكون تاريخ البدء أقل من تاريخ الانتهاء للعنصر {0},
Start date should be less than end date for task {0},يجب أن يكون تاريخ البدء أقل من تاريخ الانتهاء للمهمة {0},
Started a background job to create {1} {0}. {2},تم بدء مهمة في الخلفية لإنشاء {1} {0}. {2},
Starting location from left edge,بدءا الموقع من الحافة اليسرى,
Starting position from top edge,بدءا من موقف من أعلى الحافة,
Status Details,تفاصيل الحالة,
Status Illustration,توضيح الحالة,
Status and Reference,الحالة والمرجع,
Status must be Cancelled or Completed,يجب إلغاء الحالة أو إكمالها,
Status must be one of {0},يجب أن تكون حالة واحدة من {0},
Status set to rejected as there are one or more rejected readings.,تم تعيين الحالة إلى مرفوض لوجود قراءة واحدة أو أكثر مرفوضة.,
Statutory info and other general information about your Supplier,معلومات قانونية ومعلومات عامة أخرى عن بريدا,
Stock,المخزون,
Stock Adjustment,تسوية المخزون,
Stock Adjustment Account,حساب تسوية الأوراق المالية,
Stock Ageing,التبويب التاريخي للمخزن,
Stock Analytics,تحليلات المخازن,
Stock Asset Account,حساب أصول المخزون,
Stock Assets,اصول المخزون,
Stock Available,مخزون متاح,
Stock Balance,رصيد المخزون,
Stock Balance Report,تقرير رصيد المخزون,
Stock Capacity,سعة المخزون,
Stock Closing,إغلاق المخزون,
Stock Closing Balance,رصيد إغلاق المخزون,
Stock Closing Entry,قيد إغلاق المخزون,
Stock Closing Entry {0} already exists for the selected date range,قيد إغلاق المخزون {0} موجود بالفعل لنطاق التاريخ المحدد,
"Stock Closing Entry {0} has been queued for processing, system will take sometime to complete it.",تم وضع قيد إغلاق المخزون {0} في قائمة الانتظار للمعالجة، سيستغرق النظام بعض الوقت لإكماله.,
Stock Closing Log,سجل إغلاق المخزون,
Stock Details,تفاصيل المخزون,
Stock Entries already created for Work Order {0}: {1},تم إنشاء قيود المخزون بالفعل لأمر العمل {0}: {1},
Stock Entry,قيد مخزون,
Stock Entry (Outward GIT),قيد المخزون (بضاعة بالطريق صادرة),
Stock Entry Child,تفاصيل قيد المخزون,
Stock Entry Detail,تفاصيل قيد المخزون,
Stock Entry Item,بند قيد المخزون,
Stock Entry Type,نوع قيد المخزون,
Stock Entry has been already created against this Pick List,تم إنشاء قيد المخزون بالفعل مقابل قائمة الاختيار هذه,
Stock Entry {0} created,تم إنشاء قيد المخزون {0},
Stock Entry {0} has created,تم إنشاء قيد المخزون {0},
Stock Entry {0} is not submitted,الحركة المخزنية {0} غير مسجلة,
Stock Expenses,مصاريف المخزون,
Stock Frozen Up To,المخزون مجمد حتى,
Stock In Hand,المخزون المتاح,
Stock Items,أصناف المخزن,
Stock Ledger,سجل المخزن,
Stock Ledger Entries and GL Entries are reposted for the selected Purchase Receipts,تمت إعادة معالجة قيود دفتر أستاذ المخزون وقيود دفتر الأستاذ العام لإيصالات الشراء المحددة,
Stock Ledger Entry,حركة سجل المخزن,
Stock Ledger ID,معرف دفتر الأستاذ,
Stock Ledger Invariant Check,فحص ثبات دفتر أستاذ المخزون,
Stock Ledger Variance,تباين دفتر أستاذ المخزون,
Stock Ledgers won’t be reposted.,لن يتم إعادة نشر سجلات المخزون.,
Stock Levels,مستوى المخزون,
Stock Liabilities,خصوم المخزون,
Stock Manager,مدير المخزن,
Stock Movement,حركة المخزون,
Stock Partially Reserved,المخزون محجوز جزئيًا,
Stock Planning,تخطيط المخزون,
Stock Projected Qty,كمية المخزون المتوقعة,
Stock Qty,المخزون الكمية,
Stock Qty vs Batch Qty,كمية المخزون مقابل كمية الدفعة,
Stock Qty vs Serial No Count,كمية المخزون مقابل الرقم التسلسلي,
Stock Received But Not Billed,المخزون المتلقي ولكن غير مفوتر,
Stock Reconciliation,جرد المخزون,
Stock Reconciliation Item,جرد عناصر المخزون,
Stock Reconciliations,تسويات المخزون,
Stock Reports,تقارير المخزون,
Stock Reposting Settings,إعدادات إعادة معالجة المخزون,
Stock Reservation,حجز المخزون,
Stock Reservation Entries Cancelled,تم إلغاء قيود حجز المخزون,
Stock Reservation Entries Created,تم إنشاء قيود حجز المخزون,
Stock Reservation Entries created,تم إنشاء إدخالات حجز المخزون,
Stock Reservation Entry,قيد حجز المخزون,
Stock Reservation Entry cannot be updated as it has been delivered.,لا يمكن تحديث قيد حجز المخزون لأنه تم تسليمه.,
"Stock Reservation Entry created against a Pick List cannot be updated. If you need to make changes, we recommend canceling the existing entry and creating a new one.",لا يمكن تحديث قيد حجز المخزون الذي تم إنشاؤه مقابل قائمة انتقاء. إذا كنت بحاجة إلى إجراء تغييرات، نوصي بإلغاء القيد الحالي وإنشاء قيد جديد.,
Stock Reservation Warehouse Mismatch,عدم تطابق مستودع حجز المخزون,
Stock Reservation can only be created against {0}.,لا يمكن إنشاء حجز المخزون إلا مقابل {0}.,
Stock Reserved,المخزون محجوز,
Stock Reserved Qty,كمية المخزون المحجوزة,
Stock Reserved Qty (in Stock UOM),كمية المخزون المحجوزة (بوحدة قياس المخزون),
Stock Settings,إعدادات المخزون,
Stock Summary,ملخص الأوراق المالية,
Stock Transactions,قيود المخزون,
Stock Transactions Settings,إعدادات معاملات المخزون,
Stock UOM,وحدة قياس المخزون,
Stock UOM Quantity,كمية وحدة قياس المخزون,
Stock Unreservation,إلغاء حجز المخزون,
Stock Uom,وحدة قياس المخزون,
Stock User,عضو المخزن,
Stock Validations,تحققات المخزون,
Stock Value,قيمة المخزون,
Stock Value by Item Group,قيمة المخزون حسب مجموعة الأصناف,
Stock and Account Value Comparison,مقارنة قيمة المخزون والحساب,
Stock and Manufacturing,المخزون والتصنيع,
Stock cannot be reserved in group warehouse {0}.,لا يمكن حجز المخزون في مستودع المجموعة {0}.,
Stock cannot be reserved in the group warehouse {0}.,لا يمكن حجز المخزون في مستودع المجموعة {0}.,
Stock cannot be updated against Purchase Receipt {0},لا يمكن تحديث المخزون مقابل إيصال الشراء {0},
Stock cannot be updated against the following Delivery Notes: {0},لا يمكن تحديث المخزون مقابل إشعارات التسليم التالية: {0},
Stock cannot be updated because the invoice contains a drop shipping item. Please disable 'Update Stock' or remove the drop shipping item.,لا يمكن تحديث المخزون لأن الفاتورة تحتوي على صنف شحن مباشر. يرجى تعطيل 'تحديث المخزون' أو إزالة صنف الشحن المباشر.,
Stock has been unreserved for work order {0}.,تم إلغاء حجز المخزون لأمر العمل {0}.,
Stock not available for Item {0} in Warehouse {1}.,المخزون غير متوفر للصنف {0} في المستودع {1}.,
Stock quantity not enough for Item Code: {0} under warehouse {1}. Available quantity {2} {3}.,كمية المخزون غير كافية لرمز الصنف: {0} في المستودع {1}. الكمية المتاحة {2} {3}.,
Stock transactions before {0} are frozen,يتم تجميد المعاملات المخزنية قبل {0},
Stock transactions that are older than the mentioned days cannot be modified.,لا يمكن تعديل معاملات المخزون الأقدم من الأيام المذكورة.,
Stock will be reserved on submission of <b>Purchase Receipt</b> created against Material Request for Sales Order.,سيتم حجز المخزون عند تقديم <b>إيصال الشراء</b> الذي تم إنشاؤه مقابل طلب مواد لأمر المبيعات.,
Stock/Accounts can not be frozen as processing of backdated entries is going on. Please try again later.,لا يمكن تجميد المخزون/الحسابات لأن معالجة القيود ذات التاريخ السابق جارية. يرجى المحاولة مرة أخرى لاحقًا.,
Stone,حجر,
Stop Reason,توقف السبب,
"Stopped Work Order cannot be cancelled, Unstop it first to cancel",لا يمكن إلغاء طلب العمل المتوقف، قم بإلغاء إيقافه أولاً للإلغاء,
Stores,مخازن,
Straight Line,خط مستقيم,
Sub Assemblies,المجمعات الفرعية,
Sub Assemblies & Raw Materials,التجميعات الفرعية والمواد الخام,
Sub Assembly Item,صنف تجميع فرعي,
Sub Assembly Item Code,رمز صنف التجميع الفرعي,
Sub Assembly Item Reference,مرجع عناصر التجميع الفرعي,
Sub Assembly Item is mandatory,صنف التجميع الفرعي إلزامي,
Sub Assembly Items,أصناف التجميع الفرعي,
Sub Assembly Warehouse,مستودع التجميع الفرعي,
Sub Operation,عملية فرعية,
Sub Operations,عمليات فرعية,
Sub Procedure,الإجراء الفرعي,
Sub Total,المجموع الفرعي,
Sub-assembly BOM Count,التجميع الفرعي BOM Count,
Sub-contracting,التعاقد من الباطن,
Subcontract,قام بمقاولة فرعية,
Subcontract BOM,قائمة مواد التعاقد من الباطن,
Subcontract Order,أمر تعاقد من الباطن,
Subcontract Order Summary,ملخص أمر التعاقد من الباطن,
Subcontract Return,مرتجع تعاقد من الباطن,
Subcontracted Item,البند من الباطن,
Subcontracted Item To Be Received,البند المتعاقد عليه من الباطن,
Subcontracted Purchase Order,أمر شراء متعاقد عليه من الباطن,
Subcontracted Quantity,الكمية المتعاقد عليها من الباطن,
Subcontracted Raw Materials To Be Transferred,المواد الخام المتعاقد عليها من الباطن,
Subcontracting,التعاقد من الباطن,
Subcontracting BOM,قائمة مواد التعاقد من الباطن,
Subcontracting Conversion Factor,عامل تحويل التعاقد من الباطن,
Subcontracting Delivery,تسليم المشاريع عن طريق التعاقد من الباطن,
Subcontracting Inward,التعاقد من الباطن داخلياً,
Subcontracting Inward Order,طلب وارد من الباطن,
Subcontracting Inward Order Count,عدد الطلبات الواردة من الباطن,
Subcontracting Inward Order Item,بند طلب داخلي للتعاقد من الباطن,
Subcontracting Inward Order Received Item,بند تم استلامه من الباطن,
Subcontracting Inward Order Service Item,بند خدمة طلب داخلي للتعاقد من الباطن,
Subcontracting Order,أمر تعاقد من الباطن,
Subcontracting Order (Draft) will be auto-created on submission of Purchase Order.,سيتم إنشاء أمر تعاقد من الباطن (مسودة) تلقائيًا عند تقديم أمر الشراء.,
Subcontracting Order Item,صنف أمر تعاقد من الباطن,
Subcontracting Order Service Item,صنف خدمة أمر تعاقد من الباطن,
Subcontracting Order Supplied Item,صنف مورد لأمر تعاقد من الباطن,
Subcontracting Order {0} created.,تم إنشاء أمر التعاقد من الباطن {0}.,
Subcontracting Outward Order,التعاقد من الباطن على الطلبات الخارجية,
Subcontracting Outward Order Count,عدد الطلبات الخارجية المُسندة إلى مقاولين فرعيين,
Subcontracting Purchase Order,أمر شراء تعاقد من الباطن,
Subcontracting Receipt,إيصال استلام التعاقد من الباطن,
Subcontracting Receipt Item,صنف إيصال استلام التعاقد من الباطن,
Subcontracting Receipt Supplied Item,صنف مورد لإيصال استلام التعاقد من الباطن,
Subcontracting Return,إرجاع عقود المقاولة الفرعية,
Subcontracting Sales Order,أمر بيع تعاقد من الباطن,
Subcontracting Settings,إعدادات التعاقد من الباطن,
Subdivision,تقسيم فرعي,
Submit Action Failed,فشل إجراء التقديم,
Submit ERR Journals?,تقديم قيود ERR؟,
Submit Generated Invoices,تقديم الفواتير التي تم إنشاؤها,
Submit Journal Entries,إرسال قيود اليومية,
Submit this Work Order for further processing.,أرسل طلب العمل هذا لمزيد من المعالجة.,
Submit your Quotation,قدم عرض سعرك,
Subscription,اشتراك,
Subscription End Date,تاريخ انتهاء الاشتراك,
Subscription End Date is mandatory to follow calendar months,تاريخ انتهاء الاشتراك إلزامي لمتابعة الأشهر التقويمية,
Subscription End Date must be after {0} as per the subscription plan,يجب أن يكون تاريخ انتهاء الاشتراك بعد {0} وفقًا لخطة الاشتراك,
Subscription Invoice,فاتورة الاشتراك,
Subscription Management,إدارة الاشتراك,
Subscription Period,فترة الاكتتاب,
Subscription Plan,خطة الاشتراك,
Subscription Plan Detail,تفاصيل خطة الاشتراك,
Subscription Plans,خطط الاشتراك,
Subscription Price Based On,يعتمد سعر الاشتراك على,
Subscription Section,قسم الاشتراك,
Subscription Settings,إعدادات الاشتراك,
Subscription Start Date,تاريخ بدء الاشتراك,
Subscription for Future dates cannot be processed.,لا يمكن معالجة الاشتراكات للتواريخ المستقبلية.,
Subscriptions,الاشتراكات,
Succeeded,نجح,
Succeeded Entries,القيود الناجحة,
Success Redirect URL,نجاح إعادة توجيه URL,
Success Settings,إعدادات النجاح,
Successful,ناجح,
Successfully Reconciled,تمت التسوية بنجاح,
Successfully Set Supplier,بنجاح تعيين المورد,
"Successfully changed Stock UOM, please redefine conversion factors for new UOM.",تم تغيير وحدة قياس المخزون بنجاح، يرجى إعادة تحديد عوامل التحويل للوحدة الجديدة.,
"Successfully imported {0} record out of {1}. Click on Export Errored Rows, fix the errors and import again.",تم استيراد {0} سجل من أصل {1} بنجاح. انقر على تصدير الصفوف التي بها أخطاء، قم بإصلاح الأخطاء ثم استورد مرة أخرى.,
Successfully imported {0} record.,تم استيراد {0} سجل بنجاح.,
"Successfully imported {0} records out of {1}. Click on Export Errored Rows, fix the errors and import again.",تم استيراد {0} سجل من أصل {1} بنجاح. انقر على تصدير الصفوف التي بها أخطاء، قم بإصلاح الأخطاء ثم استورد مرة أخرى.,
Successfully imported {0} records.,تم استيراد {0} سجل بنجاح.,
Successfully linked to Customer,تم الربط بالعميل بنجاح,
Successfully linked to Supplier,تم الربط بالمورد بنجاح,
Successfully merged {0} out of {1}.,تم دمج {0} من أصل {1} بنجاح.,
"Successfully updated {0} record out of {1}. Click on Export Errored Rows, fix the errors and import again.",تم تحديث {0} سجل من أصل {1} بنجاح. انقر على تصدير الصفوف التي بها أخطاء، قم بإصلاح الأخطاء ثم استورد مرة أخرى.,
Successfully updated {0} record.,تم تحديث {0} سجل بنجاح.,
"Successfully updated {0} records out of {1}. Click on Export Errored Rows, fix the errors and import again.",تم تحديث {0} سجل من أصل {1} بنجاح. انقر على تصدير الصفوف التي بها أخطاء، قم بإصلاح الأخطاء ثم استورد مرة أخرى.,
Successfully updated {0} records.,تم تحديث {0} سجل بنجاح.,
Suggestions,اقتراحات,
Summary for this month and pending activities,ملخص لهذا الشهر والأنشطة المعلقة,
Summary for this week and pending activities,ملخص لهذا الأسبوع والأنشطة المعلقة,
Supplied Item,الصنف المورد,
Supplied Items,الأصناف الموردة,
Supplied Qty,الموردة الكمية,
Supplier,المورد,
Supplier > Supplier Type,المورد > نوع المورد,
Supplier Address,عنوان المورد,
Supplier Address Details,تفاصيل عنوان المورد,
Supplier Addresses And Contacts,عناوين الموردين وجهات الاتصال,
Supplier Contact,جهة اتصال المورد,
Supplier Delivery Note,إشعار تسليم المورد,
Supplier Details,تفاصيل المورد,
Supplier Group,مجموعة الموردين,
Supplier Group Item,صنف مجموعة الموردين,
Supplier Group Name,اسم مجموعة الموردين,
Supplier Info,معلومات المورد,
Supplier Invoice,فاتورة المورد,
Supplier Invoice Date,المورد فاتورة التسجيل,
Supplier Invoice Date cannot be greater than Posting Date,تاريخ فاتورة المورد لا يمكن أن تكون أكبر من تاريخ الإنشاء<br> Supplier Invoice Date cannot be greater than Posting Date,
Supplier Invoice No,رقم فاتورة المورد,
Supplier Invoice No exists in Purchase Invoice {0},المورد فاتورة لا يوجد في شراء الفاتورة {0},
Supplier Item,صنف المورد,
Supplier Items,المورد الأصناف,
Supplier Lead Time (days),مهلة المورد (أيام),
Supplier Ledger Summary,ملخص دفتر الأستاذ,
Supplier Name,اسم المورد,
Supplier Naming By,المورد تسمية بواسطة,
Supplier Number,رقم المورد,
Supplier Number At Customer,رقم المورد لدى العميل,
Supplier Numbers,أرقام الموردين,
Supplier Part No,رقم قطعة المورد,
Supplier Part Number,رقم قطعة المورد,
Supplier Portal Users,مستخدمو بوابة الموردين,
Supplier Primary Address,العنوان الأساسي للمورد,
Supplier Primary Contact,جهة الاتصال الأساسية للمورد,
Supplier Quotation,التسعيرة من المورد,
Supplier Quotation Comparison,مقارنة عروض أسعار الموردين,
Supplier Quotation Item,المورد اقتباس الإغلاق,
Supplier Quotation {0} Created,تم إنشاء عرض أسعار المورد {0},
Supplier Reference,مرجع المورد,
Supplier Required,مطلوب مورد,
Supplier Score,المورد نقاط,
Supplier Scorecard,بطاقة أداء المورد,
Supplier Scorecard Criteria,معايير بطاقة تقييم الموردين,
Supplier Scorecard Period,المورد بطاقة الأداء,
Supplier Scorecard Scoring Criteria,معايير سجل نقاط الأداء للموردين,
Supplier Scorecard Scoring Standing,المورد بطاقة الأداء التهديف الدائمة,
Supplier Scorecard Scoring Variable,سجل الأداء بطاقة الأداء المتغير,
Supplier Scorecard Setup,إعداد بطاقة الأداء المورد,
Supplier Scorecard Standing,المورد بطاقة الأداء الدائمة,
Supplier Scorecard Variable,مورد بطاقة الأداء المتغير,
Supplier Type,المورد نوع,
Supplier Warehouse,المورد مستودع,
Supplier delivers to Customer,المورد يسلم للعميل,
Supplier numbers assigned by the customer,أرقام الموردين المعينة من قبل العميل,
Supplier of Goods or Services.,مورد السلع أو الخدمات.,
Supplier {0} not found in {1},المورد {0} غير موجود في {1},
Supplier(s),المورد (ق),
Supplier-Wise Sales Analytics,المورد حكيم المبيعات تحليلات,
Suppliers,الموردين,
Supplies subject to the reverse charge provision,الإمدادات الخاضعة لحكم التكليف العكسي,
Supply,إمداد,
Support,الدعم,
Support Hour Distribution,دعم توزيع ساعة,
Support Portal,بوابة الدعم,
Support Search Source,دعم مصدر البحث,
Support Settings,إعدادات الدعم,
Support Team,فريق الدعم,
Support Tickets,تذاكر الدعم الفني,
Suspected Discount Amount,مبلغ الخصم المتوقع,
Suspended,معلق,
Switch Between Payment Modes,التبديل بين طرق الدفع,
Sync Now,مزامنة الآن,
Sync Started,بدأت المزامنة,
Synchronize all accounts every hour,مزامنة جميع الحسابات كل ساعة,
System In Use,النظام قيد الاستخدام,
"System User (login) ID. If set, it will become default for all HR forms.",هوية مستخدم النظام (تسجيل الدخول). إذا وضع، وسوف تصبح الافتراضية لكافة أشكال HR.,
System will automatically create the serial numbers / batch for the Finished Good on submission of work order,سيقوم النظام تلقائيًا بإنشاء الأرقام التسلسلية / الدفعة للمنتج النهائي عند تقديم أمر العمل,
System will fetch all the entries if limit value is zero.,سيقوم النظام بجلب كل الإدخالات إذا كانت قيمة الحد صفرا.,
System will not check over billing since amount for Item {0} in {1} is zero,لن يتحقق النظام من الفوترة الزائدة لأن مبلغ الصنف {0} في {1} هو صفر,
System will notify to increase or decrease quantity or amount ,سيُعلم النظام بزيادة أو تقليل الكمية أو الكمية ,
TDS Computation Summary,ملخص حساب TDS,
TDS Deducted,تم خصم TDS,
TDS Payable,TDS مستحق الدفع,
Table for Item that will be shown in Web Site,جدول للصنف الذي سيتم عرضه في موقع الويب,
Tablespoon (US),ملعقة كبيرة (أمريكي),
Target  Amount,المبلغ المستهدف,
Target ({}),استهداف ({}),
Target Asset,الأصل المستهدف,
Target Asset {0} cannot be cancelled,لا يمكن إلغاء الأصل المستهدف {0},
Target Asset {0} cannot be submitted,لا يمكن تقديم الأصل المستهدف {0},
Target Asset {0} cannot be {1},لا يمكن أن يكون الأصل المستهدف {0} {1},
Target Asset {0} does not belong to company {1},الأصل المستهدف {0} لا ينتمي إلى الشركة {1},
Target Asset {0} needs to be composite asset,يجب أن يكون الأصل المستهدف {0} أصلًا مركبًا,
Target Detail,تفاصل الهدف,
Target Details,تفاصيل الهدف,
Target Distribution,هدف التوزيع,
Target Exchange Rate,سعر صرف الهدف,
Target Fieldname (Stock Ledger Entry),اسم حقل الهدف (قيد دفتر أستاذ المخزون),
Target Fixed Asset Account,حساب الأصل الثابت المستهدف,
Target Incoming Rate,سعر وارد الهدف,
Target Item Code,رمز صنف الهدف,
Target Item {0} must be a Fixed Asset item,يجب أن يكون صنف الهدف {0} صنف أصل ثابت,
Target Location,الموقع المستهدف,
Target Location is required for transferring Asset {0},الموقع المستهدف مطلوب لنقل الأصل {0},
Target Location is required while receiving Asset {0},الموقع المستهدف مطلوب عند استلام الأصل {0},
Target On,الهدف في,
Target Qty,الهدف الكمية,
Target Warehouse,المخزن المستهدف,
Target Warehouse Address,عنوان المستودع المستهدف,
Target Warehouse Address Link,رابط عنوان مستودع الهدف,
Target Warehouse Reservation Error,خطأ في حجز مستودع الهدف,
Target Warehouse is required before Submit,مستودع الهدف مطلوب قبل التقديم,
Target Warehouse is set for some items but the customer is not an internal customer.,تم تعيين مستودع الهدف لبعض الأصناف ولكن العميل ليس عميلًا داخليًا.,
Target warehouse is mandatory for row {0},المستودع المستهدف إلزامي للصف {0},
Targets,أهداف,
Tariff Number,عدد التعرفة,
Task Assignee Email,بريد إلكتروني للمكلف بالمهمة,
Task Completion,إنجاز المهمة,
Task Depends On,المهمة تعتمد على,
Task Description,وصف المهمة,
Task Name,اسم المهمة,
Task Progress,تقدم المهمة,
Task Type,نوع المهمة,
Task Weight,وزن المهمة,
Task {0} depends on Task {1}. Please add Task {1} to the Tasks list.,المهمة {0} تعتمد على المهمة {1}. يرجى إضافة المهمة {1} إلى قائمة المهام.,
Tasks Completed,اكتملت المهام,
Tasks Overdue,المهام المتأخرة,
Tax,ضريبة,
Tax Account,حساب الضرائب,
Tax Amount,مبلغ الضريبة,
Tax Amount After Discount Amount,المبلغ الضريبي بعد خصم المبلغ,
Tax Amount After Discount Amount (Company Currency),مبلغ الضريبة بعد خصم مبلغ (شركة العملات),
Tax Amount will be rounded on a row(items) level,سيتم تقريب مبلغ الضريبة على مستوى الصف (الأصناف),
Tax Assets,ضريبية الأصول,
Tax Breakup,تفكيك الضرائب,
Tax Category,الفئة الضريبية,
"Tax Category has been changed to ""Total"" because all the Items are non-stock items","تم تغيير فئة الضرائب إلى ""توتال"" لأن جميع العناصر هي عناصر غير مخزون",
Tax Expense,مصروفات الضرائب,
Tax ID,الرقم الضريبي,
Tax Id,الرقم الضريبي,
Tax Id: ,الرقم الضريبي: ,
Tax Id: {0},معرف الضريبة: {0},
Tax Masters,سجلات الضرائب الرئيسية,
Tax Rate,معدل الضريبة,
Tax Rate %,معدل الضريبة %,
Tax Rates,معدلات الضريبة,
Tax Refunds provided to Tourists under the Tax Refunds for Tourists Scheme,استردادات الضرائب المقدمة للسياح بموجب نظام استرداد الضرائب للسياح,
Tax Row,صف الضرائب,
Tax Rule,القاعدة الضريبية,
Tax Rule Conflicts with {0},تضارب القاعدة الضريبية مع {0},
Tax Settings,إعدادات الضرائب,
Tax Template is mandatory.,قالب الضرائب إلزامي.,
Tax Total,مجموع الضرائب,
Tax Type,نوع الضريبة,
Tax Withholding Account,حساب حجب الضرائب,
Tax Withholding Category,فئة حجب الضرائب,
Tax Withholding Details,تفاصيل استقطاع الضريبة,
Tax Withholding Entries,قيود اقتطاع الضرائب,
Tax Withholding Entry,قيد اقتطاع الضريبة,
Tax Withholding Group,مجموعة حجز الضرائب,
Tax Withholding Rate,سعر الخصم الضريبي,
Tax Withholding Rates,أسعار الخصم الضريبي,
"Tax detail table fetched from item master as a string and stored in this field.
Used for Taxes and Charges","جدول تفاصيل الضريبة الذي تم جلبه من بيانات الصنف الرئيسية كسلسلة نصية وتم تخزينه في هذا الحقل.
يستخدم للضرائب والرسوم",
Tax withheld only for amount exceeding cumulative threshold,يتم اقتطاع الضريبة فقط على المبلغ الذي يتجاوز الحد التراكمي,
Taxable Amount,المبلغ الخاضع للضريبة,
Taxable Date,تاريخ استحقاق الضريبة,
Taxable Document Name,اسم المستند الخاضع للضريبة,
Taxable Document Type,نوع المستند الخاضع للضريبة,
Taxes,الضرائب,
Taxes and Charges,الضرائب والرسوم,
Taxes and Charges Added,أضيفت الضرائب والرسوم,
Taxes and Charges Added (Company Currency),الضرائب والرسوم المضافة (عملة الشركة),
Taxes and Charges Calculation,حساب الضرائب والرسوم,
Taxes and Charges Deducted,خصم الضرائب والرسوم,
Taxes and Charges Deducted (Company Currency),الضرائب والرسوم مقطوعة (عملة الشركة),
Taxes row #{0}: {1} cannot be smaller than {2},صف الضرائب رقم {0}: لا يمكن أن يكون {1} أصغر من {2},
Team,الفريق,
Team Member,أعضاء الفريق,
Teaspoon,ملعقة شاي,
Technical Atmosphere,جو تقني,
Technology,التكنولوجيا,
Telecommunications,الاتصالات,
Telephone Expenses,نفقات الهاتف,
Telephony Call Type,نوع مكالمة هاتفية,
Television,التلفزيون,
Template Item,عنصر القالب,
Template Item Selected,تم تحديد صنف القالب,
Template Name,اسم القالب,
Template Task,مهمة القالب,
Template Title,عنوان النموذج,
Temporarily on Hold,مؤقت في الانتظار,
Temporary,مؤقت,
Temporary Accounts,حسابات مؤقتة,
Temporary Opening,افتتاحي مؤقت,
Temporary Opening Account,حساب الافتتاح المؤقت,
Term Details,تفاصيل الشروط,
Terms,الشروط,
Terms & Conditions,الشروط والأحكام,
Terms Template,قالب الشروط,
Terms and Conditions,الشروط والأحكام,
Terms and Conditions Content,محتويات الشروط والأحكام,
Terms and Conditions Details,تفاصيل الشروط والأحكام,
Terms and Conditions Help,مساعدة الشروط والأحكام,
Terms and Conditions Template,قالب الشروط والأحكام,
Territory,إقليم,
Territory Item,صنف المنطقة,
Territory Manager,مدير إقليمي,
Territory Name,اسم الاقليم,
Territory Target Variance Based On Item Group,التباين المستهدف للمنطقة بناءً على مجموعة العناصر,
Territory Targets,الاقاليم المستهدفة,
Territory-wise Sales,المبيعات الحكيمة,
Tesla,تسلا,
The 'From Package No.' field must neither be empty nor it's value less than 1.,"و ""من حزمة رقم"" يجب ألا يكون الحقل فارغا ولا قيمة أقل من 1.",
"The Access to Request for Quotation From Portal is Disabled. To Allow Access, Enable it in Portal Settings.",تم تعطيل الوصول إلى طلب عرض الأسعار من البوابة. للسماح بالوصول، قم بتمكينه في إعدادات البوابة.,
The BOM which will be replaced,وBOM التي سيتم استبدالها,
The Campaign '{0}' already exists for the {1} '{2}',الحملة '{0}' موجودة بالفعل لـ {1} '{2}',
The Document Type {0} must have a Status field to configure Service Level Agreement,يجب أن يحتوي نوع المستند {0} على حقل حالة لتكوين اتفاقية مستوى الخدمة,
"The GL Entries and closing balances will be processed in the background, it can take a few minutes.",سيتم معالجة قيود دفتر الأستاذ العام والأرصدة الختامية في الخلفية، وقد يستغرق ذلك بضع دقائق.,
"The GL Entries will be cancelled in the background, it can take a few minutes.",سيتم إلغاء قيود دفتر الأستاذ العام في الخلفية، وقد يستغرق ذلك بضع دقائق.,
The Loyalty Program isn't valid for the selected company,برنامج الولاء غير صالح للشركة المختارة,
"The Payment Request {0} is already paid, cannot process payment twice",تم دفع طلب الدفع {0} بالفعل، لا يمكن معالجة الدفع مرتين,
The Payment Term at row {0} is possibly a duplicate.,قد يكون مصطلح الدفع في الصف {0} مكررا.,
"The Pick List having Stock Reservation Entries cannot be updated. If you need to make changes, we recommend canceling the existing Stock Reservation Entries before updating the Pick List.",لا يمكن تحديث قائمة الانتقاء التي تحتوي على قيود حجز المخزون. إذا كنت بحاجة إلى إجراء تغييرات، نوصي بإلغاء قيود حجز المخزون الحالية قبل تحديث قائمة الانتقاء.,
The Process Loss Qty has reset as per job cards Process Loss Qty,تمت إعادة تعيين كمية فاقد المعالجة حسب كمية فاقد المعالجة في بطاقات العمل,
The Sales Person is linked with {0},مندوب المبيعات مرتبط بـ {0},
The Serial No at Row #{0}: {1} is not available in warehouse {2}.,الرقم التسلسلي في الصف رقم {0}: {1} غير متوفر في المستودع {2}.,
The Serial No {0} is reserved against the {1} {2} and cannot be used for any other transaction.,الرقم التسلسلي {0} محجوز مقابل {1} {2} ولا يمكن استخدامه لأي معاملة أخرى.,
The Serial and Batch Bundle {0} is not valid for this transaction. The 'Type of Transaction' should be 'Outward' instead of 'Inward' in Serial and Batch Bundle {0},حزمة الرقم التسلسلي والدفعة {0} غير صالحة لهذه المعاملة. يجب أن يكون 'نوع المعاملة' 'صادر' بدلاً من 'وارد' في حزمة الرقم التسلسلي والدفعة {0},
"The Stock Entry of type 'Manufacture' is known as backflush. Raw materials being consumed to manufacture finished goods is known as backflushing. <br><br> When creating Manufacture Entry, raw-material items are backflushed based on BOM of production item. If you want raw-material items to be backflushed based on Material Transfer entry made against that Work Order instead, then you can set it under this field.","يُعرف قيد المخزون من نوع ""التصنيع"" باسم التدفق الرجعي. تُعرف المواد الخام التي يتم استهلاكها لتصنيع السلع التامة الصنع بالتدفق العكسي.<br><br> عند إنشاء إدخال التصنيع، يتم إجراء مسح تلقائي لعناصر المواد الخام استنادًا إلى قائمة مكونات الصنف الخاصة بصنف الإنتاج. إذا كنت تريد إعادة تسريح أصناف المواد الخام استنادًا إلى إدخال نقل المواد الذي تم إجراؤه مقابل طلب العمل هذا بدلاً من ذلك، فيمكنك تعيينه ضمن هذا الحقل.",
"The account head under Liability or Equity, in which Profit/Loss will be booked",رئيس الحساب تحت المسؤولية أو الأسهم، والتي سيتم حجز الربح / الخسارة,
The allocated amount is greater than the outstanding amount of Payment Request {0},المبلغ المخصص أكبر من المبلغ المستحق لطلب الدفع {0},
The amount of {0} set in this payment request is different from the calculated amount of all payment plans: {1}. Make sure this is correct before submitting the document.,يختلف مبلغ {0} المحدد في طلب الدفع هذا عن المبلغ المحسوب لجميع خطط الدفع: {1}. تأكد من صحة ذلك قبل إرسال المستند.,
The completed quantity {0} of an operation {1} cannot be greater than the completed quantity {2} of a previous operation {3}.,لا يمكن أن تكون الكمية المكتملة {0} لعملية {1} أكبر من الكمية المكتملة {2} لعملية سابقة {3}.,
The currency of invoice {} ({}) is different from the currency of this dunning ({}).,عملة الفاتورة {} ({}) مختلفة عن عملة هذا الإنذار ({}).,
The default BOM for that item will be fetched by the system. You can also change the BOM.,سيقوم النظام بجلب قائمة المواد الافتراضية لذلك الصنف. يمكنك أيضًا تغيير قائمة المواد.,
The difference between from time and To Time must be a multiple of Appointment,يجب أن يكون الفرق بين الوقت والوقت مضاعفاً في المواعيد,
The field Asset Account cannot be blank,لا يمكن أن يكون حقل الأصول حساب فارغًا,
The field Equity/Liability Account cannot be blank,لا يمكن أن يكون حساب حقوق الملكية / المسؤولية فارغًا,
The field From Shareholder cannot be blank,لا يمكن ترك الحقل من المساهمين فارغا,
The field To Shareholder cannot be blank,لا يمكن ترك الحقل للمساهم فارغا,
The field {0} in row {1} is not set,الحقل {0} في الصف {1} غير معين,
The fields From Shareholder and To Shareholder cannot be blank,لا يمكن ترك الحقول من المساهمين والمساهم فارغا,
The folio numbers are not matching,أرقام الورقة غير متطابقة,
"The following Items, having Putaway Rules, could not be accomodated:",لم يتم استيعاب الأصناف التالية التي لها قواعد وضع:,
The following Purchase Invoices are not submitted:,فواتير الشراء التالية غير مرحّلة:,
The following assets have failed to automatically post depreciation entries: {0},فشلت الأصول التالية في ترحيل قيود الإهلاك تلقائيًا: {0},
"The following batches are expired, please restock them: <br> {0}",الدفعات التالية منتهية الصلاحية، يرجى إعادة تخزينها: <br> {0},
The following deleted attributes exist in Variants but not in the Template. You can either delete the Variants or keep the attribute(s) in template.,توجد السمات المحذوفة التالية في المتغيرات ولكن ليس في القالب. يمكنك إما حذف المتغيرات أو الاحتفاظ بالسمة (السمات) في القالب.,
The following employees are currently still reporting to {0}:,لا يزال الموظفون التالي ذكرهم يتبعون حاليًا {0}:,
The following invalid Pricing Rules are deleted:,تم حذف قواعد التسعير غير الصالحة التالية:,
The following rows are duplicates:,الصفوف التالية مكررة:,
The following {0} were created: {1},تم إنشاء {0} التالية: {1},
The gross weight of the package. Usually net weight + packaging material weight. (for print),الوزن الكلي للحزمة. الوزن الصافي عادة + تغليف المواد الوزن. (للطباعة),
The holiday on {0} is not between From Date and To Date,عطلة على {0} ليست بين من تاريخ وإلى تاريخ,
The item {item} is not marked as {type_of} item. You can enable it as {type_of} item from its Item master.,الصنف {item} غير محدد كصنف {type_of}. يمكنك تمكينه كصنف {type_of} من بياناته الرئيسية.,
The items {0} and {1} are present in the following {2} :,الأصناف {0} و {1} موجودة في {2} التالي:,
The items {items} are not marked as {type_of} item. You can enable them as {type_of} item from their Item masters.,الأصناف {items} غير محددة كأصناف {type_of}. يمكنك تمكينها كأصناف {type_of} من بياناتها الرئيسية.,
The job card {0} is in {1} state and you cannot complete.,بطاقة العمل {0} في حالة {1} ولا يمكنك إكمالها.,
The job card {0} is in {1} state and you cannot start it again.,بطاقة العمل {0} في حالة {1} ولا يمكنك تشغيلها مرة أخرى.,
The lowest tier must have a minimum spent amount of 0. Customers need to be part of a tier as soon as they are enrolled in the program.,يجب أن يكون الحد الأدنى للمبلغ المنفق في أدنى مستوى هو 0. يجب أن يكون العملاء جزءًا من مستوى بمجرد تسجيلهم في البرنامج.,
The net weight of this package. (calculated automatically as sum of net weight of items),وزن صافي من هذه الحزمة. (تحسب تلقائيا مجموع الوزن الصافي للسلعة),
The new BOM after replacement,وBOM الجديدة بعد استبدال,
The number of shares and the share numbers are inconsistent,عدد الأسهم وأعداد الأسهم غير متناسقة,
The operation {0} can not add multiple times,لا يمكن إضافة العملية {0} عدة مرات,
The operation {0} can not be the sub operation,لا يمكن أن تكون العملية {0} هي العملية الفرعية,
The original invoice should be consolidated before or along with the return invoice.,يجب دمج الفاتورة الأصلية قبل أو مع فاتورة المرتجع.,
The parent account {0} does not exists in the uploaded template,الحساب الأصل {0} غير موجود في القالب الذي تم تحميله,
The payment gateway account in plan {0} is different from the payment gateway account in this payment request,يختلف حساب بوابة الدفع في الخطة {0} عن حساب بوابة الدفع في طلب الدفع هذا,
"The percentage you are allowed to bill more against the amount ordered. For example, if the order value is $100 for an item and tolerance is set as 10%, then you are allowed to bill up to $110 ",النسبة المئوية المسموح لك بفوترة أكثر من المبلغ المطلوب. على سبيل المثال، إذا كانت قيمة الطلب 100 دولار لصنف ما وتم تعيين التسامح على 10%، فيُسمح لك بفوترة ما يصل إلى 110 دولارات ,
The percentage you are allowed to pick more items in the pick list than the ordered quantity.,النسبة المئوية المسموح لك بانتقاء أصناف أكثر في قائمة الانتقاء من الكمية المطلوبة.,
"The percentage you are allowed to receive or deliver more against the quantity ordered. For example, if you have ordered 100 units, and your Allowance is 10%, then you are allowed to receive 110 units.",النسبة المئوية المسموح لك باستلام أو تسليم أكثر من الكمية المطلوبة. على سبيل المثال، إذا طلبت 100 وحدة، وكان مخصصك 10%، فيُسمح لك باستلام 110 وحدات.,
"The percentage you are allowed to transfer more against the quantity ordered. For example, if you have ordered 100 units, and your Allowance is 10%, then you are allowed transfer 110 units.",النسبة المئوية المسموح لك بتحويل أكثر من الكمية المطلوبة. على سبيل المثال، إذا طلبت 100 وحدة، وكان مخصصك 10%، فيُسمح لك بتحويل 110 وحدات.,
The reserved stock will be released when you update items. Are you certain you wish to proceed?,سيتم تحرير المخزون المحجوز عند تحديث الأصناف. هل أنت متأكد من رغبتك في المتابعة؟,
The reserved stock will be released. Are you certain you wish to proceed?,سيتم تحرير المخزون المحجوز. هل أنت متأكد من رغبتك في المتابعة؟,
The root account {0} must be a group,يجب أن يكون حساب الجذر {0} مجموعة,
The selected BOMs are not for the same item,قواائم المواد المحددة ليست لنفس البند,
The selected change account {} doesn't belongs to Company {}.,حساب التغيير المحدد {} لا ينتمي إلى الشركة {}.,
The selected item cannot have Batch,العنصر المحدد لا يمكن أن يكون دفعة,
The seller and the buyer cannot be the same,البائع والمشتري لا يمكن أن يكون هو نفسه,
The serial and batch bundle {0} not linked to {1} {2},حزمة الرقم التسلسلي والدفعة {0} غير مرتبطة بـ {1} {2},
The serial no {0} does not belong to item {1},الرقم التسلسلي {0} لا ينتمي إلى العنصر {1},
The shareholder does not belong to this company,لا ينتمي المساهم إلى هذه الشركة,
The shares already exist,الأسهم موجودة بالفعل,
The shares don't exist with the {0},الأسهم غير موجودة مع {0},
"The stock for the item {0} in the {1} warehouse was negative on the {2}. You should create a positive entry {3} before the date {4} and time {5} to post the correct valuation rate. For more details, please read the <a href='https://docs.erpnext.com/docs/user/manual/en/stock-adjustment-cogs-with-negative-stock'>documentation<a>.",كان مخزون الصنف {0} في المستودع {1} سالبًا في {2}. يجب عليك إنشاء قيد موجب {3} قبل التاريخ {4} والوقت {5} لترحيل معدل التقييم الصحيح. لمزيد من التفاصيل، يرجى قراءة <a href='https://docs.erpnext.com/docs/user/manual/en/stock-adjustment-cogs-with-negative-stock'>الوثائق<a>.,
"The stock has been reserved for the following Items and Warehouses, un-reserve the same to {0} the Stock Reconciliation: <br /><br /> {1}",تم حجز المخزون للأصناف والمستودعات التالية، قم بإلغاء حجزها لـ {0} تسوية المخزون: <br /><br /> {1},
"The sync has started in the background, please check the {0} list for new records.",بدأت المزامنة في الخلفية، يرجى التحقق من قائمة {0} بحثًا عن سجلات جديدة.,
"The task has been enqueued as a background job. In case there is any issue on processing in background, the system will add a comment about the error on this Stock Reconciliation and revert to the Draft stage",وقد تم إرساء المهمة كعمل خلفية. في حالة وجود أي مشكلة في المعالجة في الخلفية، سيقوم النظام بإضافة تعليق حول الخطأ في تسوية المخزون هذا والعودة إلى مرحلة المسودة,
"The task has been enqueued as a background job. In case there is any issue on processing in background, the system will add a comment about the error on this Stock Reconciliation and revert to the Submitted stage",تم وضع المهمة في قائمة الانتظار كمهمة خلفية. في حالة وجود أي مشكلة في المعالجة في الخلفية، سيقوم النظام بإضافة تعليق حول الخطأ في تسوية المخزون هذه والعودة إلى مرحلة التقديم,
The total Issue / Transfer quantity {0} in Material Request {1}  cannot be greater than allowed requested quantity {2} for Item {3},إجمالي كمية الإصدار / التحويل {0} في طلب المواد {1} لا يمكن أن يكون أكبر من الكمية المطلوبة المسموح بها {2} للصنف {3},
The total Issue / Transfer quantity {0} in Material Request {1} cannot be greater than requested quantity {2} for Item {3},إجمالي كمية الإصدار / التحويل {0} في طلب المواد {1} لا يمكن أن يكون أكبر من الكمية المطلوبة {2} للصنف {3},
The uploaded file does not appear to be in valid MT940 format.,يبدو أن الملف المرفوع ليس بتنسيق MT940 صالح.,
The uploaded file does not match the selected Code List.,الملف الذي تم تحميله لا يتطابق مع قائمة الرموز المحددة.,
The user cannot submit the Serial and Batch Bundle manually,لا يمكن للمستخدم تقديم حزمة الرقم التسلسلي والدفعة يدويًا,
"The users with this Role are allowed to create/modify a stock transaction, even though the transaction is frozen.",يُسمح للمستخدمين الذين لديهم هذا الدور بإنشاء/تعديل معاملة مخزون، حتى لو كانت المعاملة مجمدة.,
The value of {0} differs between Items {1} and {2},تختلف قيمة {0} بين العناصر {1} و {2},
The value {0} is already assigned to an existing Item {1}.,تم تعيين القيمة {0} بالفعل لعنصر موجود {1}.,
The warehouse where you store finished Items before they are shipped.,المستودع الذي تخزن فيه الأصناف النهائية قبل شحنها.,
"The warehouse where you store your raw materials. Each required item can have a separate source warehouse. Group warehouse also can be selected as source warehouse. On submission of the Work Order, the raw materials will be reserved in these warehouses for production usage.",المستودع الذي تخزن فيه المواد الخام الخاصة بك. يمكن أن يكون لكل صنف مطلوب مستودع مصدر منفصل. يمكن أيضًا تحديد مستودع المجموعة كمستودع مصدر. عند تقديم أمر العمل، سيتم حجز المواد الخام في هذه المستودعات للاستخدام في الإنتاج.,
The warehouse where your Items will be transferred when you begin production. Group Warehouse can also be selected as a Work in Progress warehouse.,المستودع الذي سيتم نقل أصنافك إليه عند بدء الإنتاج. يمكن أيضًا تحديد مستودع المجموعة كمستودع عمل تحت التشغيل.,
The {0} ({1}) must be equal to {2} ({3}),يجب أن يكون {0} ({1}) مساويًا لـ {2} ({3}),
The {0} contains Unit Price Items.,يحتوي {0} على أصناف سعر الوحدة.,
The {0} {1} created successfully,تم إنشاء {0} {1} بنجاح,
The {0} {1} does not match with the {0} {2} in the {3} {4},لا يتطابق {0} {1} مع {0} {2} في {3} {4},
The {0} {1} is used to calculate the valuation cost for the finished good {2}.,يستخدم {0} {1} لحساب تكلفة التقييم للمنتج النهائي {2}.,
There are active maintenance or repairs against the asset. You must complete all of them before cancelling the asset.,هناك صيانة نشطة أو إصلاحات ضد الأصل. يجب عليك إكمالها جميعًا قبل إلغاء الأصل.,
"There are inconsistencies between the rate, no of shares and the amount calculated",هناك تناقضات بين المعدل، لا من الأسهم والمبلغ المحسوب,
There are ledger entries against this account. Changing {0} to non-{1} in live system will cause incorrect output in 'Accounts {2}' report,توجد قيود دفتر أستاذ مقابل هذا الحساب. سيؤدي تغيير {0} إلى غير {1} في النظام المباشر إلى إخراج غير صحيح في تقرير 'الحسابات {2}',
There are no Failed transactions,لا توجد معاملات فاشلة,
There are no active Fiscal Years for which Demo Data can be generated.,لا توجد سنوات مالية نشطة يمكن إنشاء بيانات تجريبية لها.,
There are no slots available on this date,لا توجد مواعيد متاحة في هذا التاريخ,
"There are two options to maintain valuation of stock. FIFO (first in - first out) and Moving Average. To understand this topic in detail please visit <a href='https://docs.frappe.io/erpnext/user/manual/en/calculation-of-valuation-rate-in-fifo-and-moving-average' target='_blank'>Item Valuation, FIFO and Moving Average.</a>",يوجد خياران للحفاظ على تقييم المخزون: الوارد أولاً صادر أولاً (FIFO) والمتوسط المتحرك. لفهم هذا الموضوع بالتفصيل يرجى زيارة <a href='https://docs.frappe.io/erpnext/user/manual/en/calculation-of-valuation-rate-in-fifo-and-moving-average' target='_blank'>تقييم الصنف، الوارد أولاً صادر أولاً والمتوسط المتحرك.</a>,
There aren't any item variants for the selected item,لا توجد أي متغيرات أصناف للصنف المحدد,
There can be multiple tiered collection factor based on the total spent. But the conversion factor for redemption will always be same for all the tier.,يمكن أن يكون هناك عامل تجميع متعدد المستويات بناءً على إجمالي الإنفاق. ولكن عامل التحويل للاسترداد سيكون دائمًا هو نفسه لجميع المستويات.,
There can only be 1 Account per Company in {0} {1},يمكن أن يكون هناك سوى 1 في حساب الشركة في {0} {1},
"There can only be one Shipping Rule Condition with 0 or blank value for ""To Value""","يمكن ان يكون هناك شرط قاعده شحن واحد فقط مع 0 أو قيمه فارغه ل ""قيمه""",
There is already a valid Lower Deduction Certificate {0} for Supplier {1} against category {2} for this time period.,توجد بالفعل شهادة خصم أقل صالحة {0} للمورد {1} مقابل الفئة {2} لهذه الفترة الزمنية.,
There is already an active Subcontracting BOM {0} for the Finished Good {1}.,توجد بالفعل قائمة مواد تعاقد من الباطن نشطة {0} للمنتج النهائي {1}.,
There is no batch found against the {0}: {1},لم يتم العثور على دفعة بالمقابلة مع {0}: {1},
There must be atleast 1 Finished Good in this Stock Entry,يجب أن يكون هناك منتج نهائي واحد على الأقل في قيد المخزون هذا,
There was an error creating Bank Account while linking with Plaid.,حدث خطأ أثناء إنشاء حساب بنكي أثناء الربط بـ Plaid.,
There was an error syncing transactions.,حدث خطأ أثناء مزامنة المعاملات.,
There was an error updating Bank Account {} while linking with Plaid.,حدث خطأ أثناء تحديث الحساب البنكي {} أثناء الربط بـ Plaid.,
There was an issue connecting to Plaid's authentication server. Check browser console for more information,حدثت مشكلة في الاتصال بخادم مصادقة Plaid. تحقق من وحدة تحكم المتصفح لمزيد من المعلومات,
There were issues unlinking payment entry {0}.,حدثت مشكلات في إلغاء ربط قيد الدفع {0}.,
This Account has '0' balance in either Base Currency or Account Currency,هذا الحساب لديه رصيد '0' إما بالعملة الأساسية أو عملة الحساب,
This Item is a Template and cannot be used in transactions.<br>All fields present in the 'Copy Fields to Variant' table in Item Variant Settings will be copied to its variant items.,"هذا العنصر عبارة عن قالب ولا يمكن استخدامه في المعاملات.<br>سيتم نسخ جميع الحقول الموجودة في جدول ""نسخ الحقول إلى المتغير"" في إعدادات متغير العنصر إلى متغيراته.",
This Item is a Variant of {0} (Template).,هذا العنصر هو متغير {0} (قالب).,
This Month's Summary,ملخص هذا الشهر,
This Purchase Order has been fully subcontracted.,تم التعاقد من الباطن بالكامل على أمر الشراء هذا.,
This Sales Order has been fully subcontracted.,تم التعاقد من الباطن بالكامل على أمر البيع هذا.,
This Week's Summary,ملخص هذا الأسبوع,
This action will stop future billing. Are you sure you want to cancel this subscription?,سيوقف هذا الإجراء الفوترة المستقبلية. هل أنت متأكد من أنك تريد إلغاء هذا الاشتراك؟,
This action will unlink this account from any external service integrating ERPNext with your bank accounts. It cannot be undone. Are you certain ?,سيؤدي هذا الإجراء إلى إلغاء ربط هذا الحساب بأي خدمة خارجية تدمج ERPNext مع حساباتك المصرفية. لا يمكن التراجع. هل أنت متأكد؟,
This asset category is marked as non-depreciable. Please disable depreciation calculation or choose a different category.,تم تحديد فئة الأصل هذه على أنها غير قابلة للإهلاك. يرجى تعطيل حساب الإهلاك أو اختيار فئة مختلفة.,
This covers all scorecards tied to this Setup,وهذا يغطي جميع بطاقات الأداء مرتبطة بهذا الإعداد,
This document is over limit by {0} {1} for item {4}. Are you making another {3} against the same {2}?,هذه الوثيقة هي على حد كتبها {0} {1} لمادة {4}. وجعل لكم آخر {3} ضد نفسه {2}؟,
This field is used to set the 'Customer'.,يستخدم هذا الحقل لتعيين 'العميل'.,
This filter will be applied to Journal Entry.,سيتم تطبيق هذا الفلتر على قيد اليومية.,
This invoice has already been paid.,تم سداد هذه الفاتورة بالفعل.,
This is a Template BOM and will be used to make the work order for {0} of the item {1},هذه قائمة مواد قالب وسيتم استخدامها لإنشاء أمر عمل لـ {0} من الصنف {1},
This is a location where final product stored.,هذا هو المكان الذي يتم فيه تخزين المنتج النهائي.,
This is a location where operations are executed.,هذا هو المكان الذي يتم فيه تنفيذ العمليات.,
This is a location where raw materials are available.,هذا هو المكان الذي تتوفر فيه المواد الخام.,
This is a location where scraped materials are stored.,هذا هو الموقع حيث يتم تخزين المواد كشط.,
This is a preview of the email to be sent. A PDF of the document will automatically be attached with the email.,هذه معاينة للبريد الإلكتروني الذي سيتم إرساله. سيتم إرفاق ملف PDF للمستند تلقائيًا بالبريد الإلكتروني.,
This is a root account and cannot be edited.,.هذا حساب جذري و لايمكن تعديله,
This is a root customer group and cannot be edited.,هذه هي مجموعة العملاء الجذرية والتي لا يمكن تحريرها.,
This is a root department and cannot be edited.,هذا هو قسم الجذر ولا يمكن تحريره.,
This is a root item group and cannot be edited.,هذه هي مجموعة البند الجذرية والتي لا يمكن تحريرها.,
This is a root sales person and cannot be edited.,هذا هو الشخص المبيعات الجذرية والتي لا يمكن تحريرها.,
This is a root supplier group and cannot be edited.,هذه مجموعة مورِّد جذر ولا يمكن تحريرها.,
This is a root territory and cannot be edited.,هذا هو الجذر الأرض والتي لا يمكن تحريرها.,
This is based on stock movement. See {0} for details,ويستند هذا على حركة المخزون. راجع {0} لمزيد من التفاصيل,
This is based on the Time Sheets created against this project,ويستند هذا على جداول زمنية خلق ضد هذا المشروع,
This is based on transactions against this Sales Person. See timeline below for details,هذا يعتمد على المعاملات ضد هذا الشخص المبيعات. انظر الجدول الزمني أدناه للحصول على التفاصيل,
This is considered dangerous from accounting point of view.,يعتبر هذا خطيرًا من وجهة نظر محاسبية.,
This is done to handle accounting for cases when Purchase Receipt is created after Purchase Invoice,يتم إجراء ذلك للتعامل مع محاسبة الحالات التي يتم فيها إنشاء إيصال الشراء بعد فاتورة الشراء,
"This is enabled by default. If you want to plan materials for sub-assemblies of the Item you're manufacturing leave this enabled. If you plan and manufacture the sub-assemblies separately, you can disable this checkbox.",هذا مفعل افتراضيًا. إذا كنت ترغب في تخطيط المواد للتجميعات الفرعية للصنف الذي تقوم بتصنيعه، فاترك هذا مفعلًا. إذا كنت تخطط وتصنع التجميعات الفرعية بشكل منفصل، يمكنك تعطيل مربع الاختيار هذا.,
"This is for raw material Items that'll be used to create finished goods. If the Item is an additional service like 'washing' that'll be used in the BOM, keep this unchecked.",هذا مخصص لأصناف المواد الخام التي سيتم استخدامها لإنشاء منتجات نهائية. إذا كان الصنف خدمة إضافية مثل 'الغسيل' سيتم استخدامها في قائمة المواد، فاترك هذا بدون تحديد.,
This item filter has already been applied for the {0},تم تطبيق فلتر الصنف هذا بالفعل لـ {0},
This option can be checked to edit the 'Posting Date' and 'Posting Time' fields.,يمكن تحديد هذا الخيار لتعديل حقلي 'تاريخ الترحيل' و 'وقت الترحيل'.,
This schedule was created when Asset {0} was adjusted through Asset Value Adjustment {1}.,تم إنشاء هذا الجدول عندما تم تعديل الأصل {0} من خلال تعديل قيمة الأصل {1}.,
This schedule was created when Asset {0} was consumed through Asset Capitalization {1}.,تم إنشاء هذا الجدول عندما تم استهلاك الأصل {0} من خلال رسملة الأصل {1}.,
This schedule was created when Asset {0} was repaired through Asset Repair {1}.,تم إنشاء هذا الجدول عندما تم إصلاح الأصل {0} من خلال إصلاح الأصل {1}.,
This schedule was created when Asset {0} was restored due to Sales Invoice {1} cancellation.,تم إنشاء هذا الجدول عندما تم استعادة الأصل {0} بسبب إلغاء فاتورة المبيعات {1}.,
This schedule was created when Asset {0} was restored on Asset Capitalization {1}'s cancellation.,تم إنشاء هذا الجدول عندما تم استعادة الأصل {0} عند إلغاء رسملة الأصل {1}.,
This schedule was created when Asset {0} was restored.,تم إنشاء هذا الجدول عندما تم استعادة الأصل {0}.,
This schedule was created when Asset {0} was returned through Sales Invoice {1}.,تم إنشاء هذا الجدول عندما تم إرجاع الأصل {0} من خلال فاتورة المبيعات {1}.,
This schedule was created when Asset {0} was scrapped.,تم إنشاء هذا الجدول عندما تم تخريد الأصل {0}.,
This schedule was created when Asset {0} was {1} into new Asset {2}.,تم إنشاء هذا الجدول عندما تم {1} الأصل {0} إلى أصل جديد {2}.,
This schedule was created when Asset {0} was {1} through Sales Invoice {2}.,تم إنشاء هذا الجدول عندما تم {1} الأصل {0} من خلال فاتورة المبيعات {2}.,
This schedule was created when Asset {0}'s Asset Value Adjustment {1} was cancelled.,تم إنشاء هذا الجدول عندما تم إلغاء تعديل قيمة الأصل {1} للأصل {0}.,
This schedule was created when Asset {0}'s shifts were adjusted through Asset Shift Allocation {1}.,تم إنشاء هذا الجدول عندما تم تعديل ورديات الأصل {0} من خلال تخصيص وردية الأصل {1}.,
"This section allows the user to set the Body and Closing text of the Dunning Letter for the Dunning Type based on language, which can be used in Print.",يسمح هذا القسم للمستخدم بتعيين النص الأساسي ونص الإغلاق لحرف المطالبة لنوع المطالبة بناءً على اللغة، والتي يمكن استخدامها في الطباعة.,
"This table is used to set details about the 'Item', 'Qty', 'Basic Rate', etc.",يستخدم هذا الجدول لتعيين تفاصيل حول 'الصنف' و 'الكمية' و 'السعر الأساسي' وما إلى ذلك.,
This tool helps you to update or fix the quantity and valuation of stock in the system. It is typically used to synchronise the system values and what actually exists in your warehouses.,تساعدك هذه الأداة على تحديث أو إصلاح كمية وتقييم المخزون في النظام. تستخدم عادة لمزامنة قيم النظام وما هو موجود بالفعل في مستودعاتك.,
This value shall be used when no matching Common Code for a record is found.,سيتم استخدام هذه القيمة عند عدم العثور على رمز مشترك مطابق لسجل ما.,
"This will be appended to the Item Code of the variant. For example, if your abbreviation is ""SM"", and the item code is ""T-SHIRT"", the item code of the variant will be ""T-SHIRT-SM""","سيتم إلحاق هذا إلى بند رمز للمتغير. على سبيل المثال، إذا اختصار الخاص بك هو ""SM""، ورمز البند هو ""T-SHIRT""، رمز العنصر المتغير سيكون ""T-SHIRT-SM""",
This will restrict user access to other employee records,سيؤدي هذا إلى تقييد وصول المستخدم لسجلات الموظفين الأخرى,
This {} will be treated as material transfer.,سيتم التعامل مع {} هذا على أنه تحويل مواد.,
Threshold Exemption,الإعفاء من الحد الأدنى,
Threshold for Suggestion,عتبة الاقتراح,
Threshold for Suggestion (In Percentage),حد الاقتراح (بالنسبة المئوية),
Thumbnail,المصغرات,
Tier Name,اسم الطبقة,
Time (In Mins),الوقت (بالدقائق),
Time Between Operations (Mins),الوقت بين العمليات (بالدقائق),
Time In Mins,الوقت في دقيقة,
Time Logs,سجلات الوقت,
Time Required (In Mins),الوقت المطلوب (بالدقائق),
Time Sheet,ورقة الوقت,
Time Sheet List,الساعة قائمة ورقة,
Time Sheets,جداول زمنية,
Time Taken to Deliver,الوقت المستغرق للتسليم,
Time Tracking,تتبع الوقت,
Time at which materials were received,الوقت الذي وردت المواد,
Time in mins,الوقت بالدقائق,
Time in mins.,الوقت بالدقائق.,
Time logs are required for {0} {1},سجلات الوقت مطلوبة لـ {0} {1},
Time slot is not available,الوقت غير متاح,
Time(in mins),الوقت (دقيقة),
Timer,مؤقت,
Timer exceeded the given hours.,الموقت تجاوزت الساعات المعطاة.,
Timesheet,سجل الدوام,
Timesheet Billing Summary,ملخص فواتير الجداول الزمنية,
Timesheet Detail,تفاصيل الجدول الزمني,
Timesheet for tasks.,الجدول الزمني للمهام.,
Timesheet {0} cannot be invoiced in its current state,لا يمكن إصدار فاتورة لجدول الدوام {0} في حالته الحالية,
Timesheets,الجداول الزمنية,
"Timesheets help keep track of time, cost and billing for activities done by your team",تساعد الجداول الزمنية في تتبع الوقت والتكلفة والفوترة للأنشطة التي يقوم بها فريقك,
Timeslots,فتحات الوقت,
To Bill,على فاتورة,
To Currency,إلى العملات,
To Date cannot be before From Date,"لا يمكن أن يكون ""إلى تاريخ"" قبل ""من تاريخ""",
To Date cannot be before From Date.,"لا يمكن أن يكون ""إلى"" قبل ""من تاريخ"".",
To Date cannot be less than From Date,لا يمكن أن يكون تاريخ التاريخ أقل من تاريخ,
To Date is mandatory,تاريخ الانتهاء إلزامي,
To Date must be greater than From Date,يجب أن يكون التاريخ أكبر من تاريخ,
To Date should be within the Fiscal Year. Assuming To Date = {0},إلى التسجيل يجب أن يكون ضمن السنة المالية. على افتراض إلى تاريخ = {0},
To Datetime,إلى التاريخ والوقت,
To Deliver,لتسليم,
To Deliver and Bill,للتسليم و الفوترة,
To Delivery Date,إلى تاريخ التسليم,
To Doctype,إلى نوع المستند,
To Due Date,إلى تاريخ الاستحقاق,
To Employee,إلى الموظف,
To Fiscal Year,إلى السنة المالية,
To Folio No,إلى الورقة رقم,
To Invoice Date,إلى تاريخ الفاتورة,
To No,إلى لا,
To Package No.,لحزم رقم,
To Pay,للدفع,
To Payment Date,إلى تاريخ الدفع,
To Posting Date,إلى تاريخ الإرسال,
To Range,تتراوح,
To Receive,للأستلام,
To Receive and Bill,للأستلام و الفوترة,
To Reference Date,إلى تاريخ المرجع,
To Rename,لإعادة تسمية,
To Shareholder,للمساهم,
To Time,إلى وقت,
To Time cannot be before from date,لا يمكن أن يكون وقت الانتهاء قبل تاريخ البدء,
To Track inbound purchase,لتتبع الشراء الوارد,
To Value,إلى القيمة,
To Warehouse,لمستودع,
To Warehouse (Optional),إلى مستودع (اختياري),
To add Operations tick the 'With Operations' checkbox.,لإضافة عمليات، حدد مربع الاختيار 'مع العمليات'.,
To add subcontracted Item's raw materials if include exploded items is disabled.,لإضافة المواد الخام للصنف المتعاقد عليه من الباطن إذا كان خيار تضمين الأصناف المفككة معطلاً.,
"To allow over billing, update ""Over Billing Allowance"" in Accounts Settings or the Item.","للسماح بزيادة الفواتير، حدّث ""Over Billing Allowance"" في إعدادات الحسابات أو العنصر.",
"To allow over receipt / delivery, update ""Over Receipt/Delivery Allowance"" in Stock Settings or the Item.","للسماح بوصول الاستلام / التسليم، قم بتحديث ""الإفراط في الاستلام / بدل التسليم"" في إعدادات المخزون أو العنصر.",
To apply condition on parent field use parent.field_name and to apply condition on child table use doc.field_name. Here field_name could be based on the actual column name of the respective field.,لتطبيق شرط على الحقل الأصلي استخدم parent.field_name ولتطبيق شرط على الجدول الفرعي استخدم doc.field_name. هنا يمكن أن يستند field_name إلى اسم العمود الفعلي للحقل المعني.,
To be Delivered to Customer,ليتم تسليمها للعميل,
To cancel a {} you need to cancel the POS Closing Entry {}.,لإلغاء {} تحتاج إلى إلغاء قيد إغلاق نقاط البيع {}.,
To cancel this Sales Invoice you need to cancel the POS Closing Entry {}.,لإلغاء فاتورة المبيعات هذه، تحتاج إلى إلغاء قيد إغلاق نقاط البيع {}.,
To create a Payment Request reference document is required,لإنشاء مستند مرجع طلب الدفع مطلوب,
"To enable Capital Work in Progress Accounting,",لتمكين محاسبة العمل الرأسمالي تحت التنفيذ،,
To include non-stock items in the material request planning. i.e. Items for which 'Maintain Stock' checkbox is unticked.,لتضمين الأصناف غير المخزنية في تخطيط طلب المواد. أي الأصناف التي تم إلغاء تحديد مربع الاختيار 'الحفاظ على المخزون' لها.,
"To include sub-assembly costs and scrap items in Finished Goods on a work order without using a job card, when the 'Use Multi-Level BOM' option is enabled.",لتضمين تكاليف التجميع الفرعي وأصناف الخردة في المنتجات النهائية في أمر عمل دون استخدام بطاقة عمل، عند تمكين خيار 'استخدام قائمة مواد متعددة المستويات'.,
"To include tax in row {0} in Item rate, taxes in rows {1} must also be included",ل تشمل الضريبة في الصف {0} في معدل الإغلاق ، {1} ويجب أيضا تضمين الضرائب في الصفوف,
"To merge, following properties must be same for both items",لدمج، يجب أن يكون نفس الخصائص التالية ل كلا البندين,
"To overrule this, enable '{0}' in company {1}","لإلغاء هذا ، قم بتمكين ""{0}"" في الشركة {1}",
"To still proceed with editing this Attribute Value, enable {0} in Item Variant Settings.",للاستمرار في تعديل قيمة السمة هذه ، قم بتمكين {0} في إعدادات متغير العنصر.,
To submit the invoice without purchase order please set {0} as {1} in {2},لتقديم الفاتورة بدون أمر شراء، يرجى تعيين {0} كـ {1} في {2},
To submit the invoice without purchase receipt please set {0} as {1} in {2},لتقديم الفاتورة بدون إيصال شراء، يرجى تعيين {0} كـ {1} في {2},
"To use a different finance book, please uncheck 'Include Default FB Assets'",لاستخدام دفتر تمويل مختلف، يرجى إلغاء تحديد 'تضمين أصول دفتر التمويل الافتراضي',
"To use a different finance book, please uncheck 'Include Default FB Entries'",لاستخدام دفتر تمويل مختلف، يرجى إلغاء تحديد 'تضمين قيود دفتر التمويل الافتراضي',
Ton (Long)/Cubic Yard,طن (طويل)/ياردة مكعبة,
Ton (Short)/Cubic Yard,طن (قصير)/ياردة مكعبة,
Ton-Force (UK),طن-قوة (المملكة المتحدة),
Ton-Force (US),طن-قوة (الولايات المتحدة),
Tonne,طن,
Tonne-Force(Metric),طن-قوة (متري),
Too many columns. Export the report and print it using a spreadsheet application.,أعمدة كثيرة جدًا. قم بتصدير التقرير وطباعته باستخدام تطبيق جداول بيانات.,
Tools,الأدوات,
Torr,تور,
Total (Company Currency),الإجمالي (بعملة الشركة),
Total (Credit),الإجمالي (دائن),
Total (Without Tax),الإجمالي (بدون ضريبة),
Total Achieved,الإجمالي المحقق,
Total Active Items,إجمالي الأصناف النشطة,
Total Actual,الإجمالي الفعلي,
Total Additional Costs,مجموع التكاليف الإضافية,
Total Advance,إجمالي المقدمة,
Total Allocated Amount,إجمالي المبلغ المخصص,
Total Allocated Amount (Company Currency),إجمالي المبلغ المخصص (شركة العملات),
Total Allocations,إجمالي التخصيصات,
Total Amount,إجمالي المبلغ,
Total Amount Currency,عملة إجمالي المبلغ,
Total Amount Due,إجمالي المبلغ المستحق,
Total Amount in Words,إجمالي المبلغ بالنص,
Total Applicable Charges in Purchase Receipt Items table must be same as Total Taxes and Charges,مجموع الرسوم المطبقة في شراء طاولة إيصال عناصر يجب أن يكون نفس مجموع الضرائب والرسوم,
Total Asset,إجمالي الأصول,
Total Asset Cost,إجمالي تكلفة الأصل,
Total Assets,إجمالي الأصول,
Total Billable Amount,المبلغ الكلي القابل للمحاسبة,
Total Billable Amount (via Timesheet),إجمالي المبلغ القابل للفوترة (عبر الجداول الزمنية),
Total Billable Hours,مجموع الساعات فوترة,
Total Billed Amount,المبلغ الكلي وصفت,
Total Billed Amount (via Sales Invoice),إجمالي مبلغ الفاتورة (عبر فواتير المبيعات),
Total Billed Hours,مجموع الساعات وصفت,
Total Billing Amount,المبلغ الكلي الفواتير,
Total Billing Hours,إجمالي ساعات الفوترة,
Total Budget,الميزانية الإجمالية,
Total Characters,مجموع أحرف,
Total Commission,مجموع العمولة,
Total Completed Qty,إجمالي الكمية المكتملة,
Total Consumed Material Cost (via Stock Entry),إجمالي تكلفة المواد المستهلكة (عبر قيد المخزون),
Total Contribution Amount Against Invoices: {0},إجمالي مبلغ المساهمة مقابل الفواتير: {0},
Total Contribution Amount Against Orders: {0},إجمالي مبلغ المساهمة مقابل الطلبات: {0},
Total Cost,التكلفة الكلية لل,
Total Cost (Company Currency),التكلفة الإجمالية (عملة الشركة),
Total Costing Amount,المبلغ الكلي التكاليف,
Total Costing Amount (via Timesheet),إجمالي مبلغ التكلفة (عبر الجداول الزمنية),
Total Credit,إجمالي الدائن,
Total Credit/ Debit Amount should be same as linked Journal Entry,يجب أن يكون إجمالي مبلغ الائتمان / المدين هو نفسه المرتبطة بقيد اليومية,
Total Debit,إجمالي المدين,
Total Debit must be equal to Total Credit. The difference is {0},يجب أن يساوي إجمالي المدين إجمالي الدائن. الفرق هو {0},
Total Delivered Amount,إجمالي المبلغ الذي تم تسليمه,
Total Demand (Past Data),إجمالي الطلب (البيانات السابقة),
Total Equity,إجمالي حقوق الملكية,
Total Estimated Distance,مجموع المسافة المقدرة,
Total Expense,المصاريف الكلية,
Total Expense This Year,إجمالي النفقات هذا العام,
Total Expenses booked through,إجمالي المصاريف المسجلة من خلال,
Total Experience,مجموع الخبرة,
Total Forecast (Future Data),إجمالي التوقعات (البيانات المستقبلية),
Total Forecast (Past Data),إجمالي التوقعات (البيانات السابقة),
Total Gain/Loss,إجمالي الربح / الخسارة,
Total Hold Time,إجمالي وقت الانتظار,
Total Holidays,مجموع العطلات,
Total Income,إجمالي الدخل,
Total Income This Year,إجمالي الدخل هذا العام,
Total Incoming Value (Receipt),إجمالي القيمة الواردة (إيصال),
Total Interest,إجمالي الفائدة,
Total Invoiced Amount,إجمالي مبلغ الفاتورة,
Total Issues,إجمالي المشكلات,
Total Items,إجمالي الأصناف,
Total Landed Cost,إجمالي تكلفة الهبوط,
Total Landed Cost (Company Currency),إجمالي تكلفة الشحن (بعملة الشركة),
Total Liability,إجمالي الخصوم,
Total Message(s),مجموع الرسائل ( ق ),
Total Monthly Sales,إجمالي المبيعات الشهرية,
Total Net Weight,مجموع الوزن الصافي,
Total Number of Booked Depreciations ,إجمالي عدد الإهلاكات المسجلة ,
Total Number of Depreciations,إجمالي عدد التلفيات,
Total Only,الإجمالي فقط,
Total Operating Cost,إجمالي تكاليف التشغيل,
Total Operation Time,إجمالي وقت التشغيل,
Total Order Considered,اجمالي أمر البيع التقديري,
Total Order Value,مجموع قيمة الطلب,
Total Other Charges,إجمالي الرسوم الأخرى,
Total Outgoing,مجموع المنتهية ولايته,
Total Outgoing Value (Consumption),إجمالي القيمة الصادرة (استهلاك),
Total Outstanding,إجمالي المعلقة,
Total Outstanding Amount,إجمالي المبلغ المستحق,
Total Paid Amount,إجمالي المبلغ المدفوع,
Total Payment Amount in Payment Schedule must be equal to Grand / Rounded Total,يجب أن يكون إجمالي مبلغ الدفع في جدول الدفع مساويا للمجموع الكبير / المستدير,
Total Payment Request amount cannot be greater than {0} amount,لا يمكن أن يكون إجمالي مبلغ طلب الدفع أكبر من {0} المبلغ,
Total Payments,مجموع المدفوعات,
Total Picked Quantity {0} is more than ordered qty {1}. You can set the Over Picking Allowance in Stock Settings.,إجمالي الكمية المنتقاة {0} أكبر من الكمية المطلوبة {1}. يمكنك تعيين مخصص الانتقاء الزائد في إعدادات المخزون.,
Total Planned Qty,مجموع الكمية المخطط لها,
Total Produced Qty,إجمالي الكمية المنتجة,
Total Projected Qty,توقعات مجموع الكمية,
Total Purchase Amount,إجمالي مبلغ الشراء,
Total Purchase Cost (via Purchase Invoice),مجموع تكلفة الشراء (عن طريق شراء الفاتورة),
Total Qty,إجمالي الكمية,
Total Quantity,الكمية الإجمالية,
Total Received Amount,إجمالي المبلغ المستلم,
Total Repair Cost,إجمالي تكلفة الإصلاح,
Total Reposting Count,إجمالي عدد عمليات إعادة المعالجة,
Total Revenue,إجمالي الإيرادات,
Total Sales Amount,إجمالي مبلغ المبيعات,
Total Sales Amount (via Sales Order),إجمالي مبلغ المبيعات (عبر أمر المبيعات),
Total Stock Summary,ملخص إجمالي المخزون,
Total Stock Value,إجمالي قيمة المخزون,
Total Supplied Qty,إجمالي الكمية الموردة,
Total Target,إجمالي المستهدف,
Total Tasks,إجمالي المهام,
Total Tax,مجموع الضرائب,
Total Taxable Amount,إجمالي المبلغ الخاضع للضريبة,
Total Taxes and Charges,مجموع الضرائب والرسوم,
Total Taxes and Charges (Company Currency),مجموع الضرائب والرسوم (عملة الشركة),
Total Time (in Mins),إجمالي الوقت (بالدقائق),
Total Time in Mins,إجمالي الوقت بالدقائق,
Total Unpaid: {0},إجمالي غير المدفوع: {0},
Total Value,القيمة الإجمالية,
Total Value Difference (Incoming - Outgoing),إجمالي فرق القيمة (وارد - صادر),
Total Variance,مجموع الفروق,
Total Vendor Invoices Cost (Company Currency),إجمالي تكلفة فواتير الموردين (بعملة الشركة),
Total Views,إجمالي المشاهدات,
Total Warehouses,إجمالي المستودعات,
Total Weight,الوزن الكلي,
Total Weight (kg),الوزن الإجمالي (كجم),
Total Working Hours,مجموع ساعات العمل,
Total Workstation Time (In Hours),إجمالي وقت العمل على محطة العمل (بالساعات),
Total allocated percentage for sales team should be 100,مجموع النسبة المئوية المخصصة ل فريق المبيعات يجب أن يكون 100,
Total contribution percentage should be equal to 100,يجب أن تكون نسبة المساهمة الإجمالية مساوية 100,
Total distribution percent must equal 100 (currently {0}),يجب أن يساوي إجمالي نسبة التوزيع 100 (حاليًا {0}),
Total hours: {0},إجمالي الساعات: {0},
Total payments amount can't be greater than {},لا يمكن أن يكون إجمالي المدفوعات أكبر من {},
Total percentage against cost centers should be 100,يجب أن تكون النسبة المئوية الإجمالية مقابل مراكز التكلفة 100,
Total quantity in delivery schedule cannot be greater than the item quantity,لا يمكن أن يكون إجمالي الكمية في جدول التسليم أكبر من كمية الصنف,
Total {0} ({1}),إجمالي {0} ({1}),
"Total {0} for all items is zero, may be you should change 'Distribute Charges Based On'",إجمالي {0} لجميع العناصر هو صفر، قد يكون عليك تغيير 'توزيع الرسوم على أساس',
Total(Amt),إجمالي (AMT),
Total(Qty),إجمالي (الكمية),
Totals (Company Currency),المجاميع (بعملة الشركة),
Traceability,التتبع,
Tracebility Direction,اتجاه التتبع,
Track Semi Finished Goods,تتبع المنتجات نصف المصنعة,
Track Service Level Agreement,تتبع اتفاقية مستوى الخدمة,
Track separate Income and Expense for product verticals or divisions.,تتبع الإيرادات والمصروفات المنفصلة لقطاعات المنتجات أو الأقسام.,
Tracking Status,حالة التتبع,
Tracking Status Info,معلومات حالة التتبع,
Tracking URL,رابط التتبع,
Transaction,حركة,
Transaction Currency,عملية العملات,
Transaction Date,تاريخ المعاملة,
Transaction Deletion Document {0} has been triggered for company {1},تم تشغيل مستند حذف المعاملات {0} للشركة {1},
Transaction Deletion Record,سجل حذف المعاملات,
Transaction Deletion Record Details,تفاصيل سجل حذف المعاملات,
Transaction Deletion Record Item,صنف سجل حذف المعاملات,
Transaction Deletion Record To Delete,سجل حذف المعاملات المطلوب حذفه,
Transaction Deletion Record {0} is already running. {1},سجل حذف المعاملات {0} قيد التشغيل بالفعل. {1},
Transaction Details,تفاصيل الصفقه,
Transaction Exchange Rate,سعر صرف المعاملة,
Transaction ID,رقم المعاملات,
Transaction Information,معلومات المعاملة,
Transaction Name,اسم المعاملة,
Transaction Settings,إعدادات المعاملات,
Transaction Threshold,عتبة المعاملة,
Transaction Type,نوع المعاملة,
Transaction currency must be same as Payment Gateway currency,يجب أن تكون العملة المعاملة نفس العملة بوابة الدفع,
Transaction currency: {0} cannot be different from Bank Account({1}) currency: {2},عملة المعاملة: {0} لا يمكن أن تكون مختلفة عن عملة الحساب البنكي ({1}): {2},
Transaction date can't be earlier than previous movement date,لا يمكن أن يكون تاريخ المعاملة أقدم من تاريخ الحركة السابقة,
Transaction not allowed against stopped Work Order {0},المعاملة غير مسموح بها في مقابل أمر العمل المتوقف {0},
Transaction reference no {0} dated {1},إشارة عملية لا {0} بتاريخ {1},
Transactions,المعاملات,
Transactions Annual History,المعاملات السنوية التاريخ,
Transactions against the Company already exist! Chart of Accounts can only be imported for a Company with no transactions.,المعاملات مقابل الشركة موجودة بالفعل! لا يمكن استيراد شجرة الحسابات إلا لشركة ليس لديها معاملات.,
Transactions using Sales Invoice in POS are disabled.,تم تعطيل المعاملات التي تستخدم فاتورة المبيعات في نقاط البيع.,
Transfer,نقل,
Transfer Asset,تحويل الأصل,
Transfer Extra Raw Materials to WIP (%),تحويل المواد الخام الزائدة إلى المنتجات قيد التصنيع (%),
Transfer From Warehouses,تحويل من المستودعات,
Transfer Material Against,نقل المواد ضد,
Transfer Materials,تحويل المواد,
Transfer Materials For Warehouse {0},نقل المواد للمستودع {0},
Transfer Status,حالة نقل,
Transfer Type,نوع النقل,
Transfer and Issue,التحويل والإصدار,
Transferred,نقل,
Transferred Qty,نقل الكمية,
Transferred Quantity,الكمية المنقولة,
Transferred Raw Materials,المواد الخام المحولة,
Transit,عبور,
Transit Entry,قيد العبور,
Transport Receipt Date,تاريخ استلام النقل,
Transport Receipt No,إيصالات النقل,
Transportation,النقل,
Transporter,الناقل,
Transporter Details,تفاصيل نقل,
Transporter Info,نقل معلومات,
Transporter Name,نقل اسم,
Travel Expenses,نفقات السفر,
Tree Details,تفاصيل شجرة,
Tree Type,نوع الشجرة,
Tree of Procedures,شجرة الإجراءات,
Trial Balance,ميزان المراجعة,
Trial Balance (Simple),ميزان المراجعة (بسيط),
Trial Balance for Party,ميزان المراجعة للحزب,
Trial Period End Date,تاريخ انتهاء الفترة التجريبية,
Trial Period End Date Cannot be before Trial Period Start Date,لا يمكن أن يكون تاريخ انتهاء الفترة التجريبية قبل تاريخ بدء الفترة التجريبية,
Trial Period Start Date,فترة بداية الفترة التجريبية,
Trial Period Start date cannot be after Subscription Start Date,لا يمكن أن يكون تاريخ بدء الفترة التجريبية بعد تاريخ بدء الاشتراك,
Trialing,تجريبي,
Truncates 'Remarks' column to set character length,يقطع عمود 'الملاحظات' لتعيين طول الأحرف,
Turnover Ratios,معدلات دوران الموظفين,
Twice Daily,مرتين يوميا,
Two-way,في اتجاهين,
Type Of Call,نوع المكالمة,
Type of Material,نوع المادة,
Type of Payment,نوع الدفع,
Type of Transaction,نوع المعاملة,
Type of document to rename.,نوع الوثيقة إلى إعادة تسمية.,
Types of activities for Time Logs,أنواع الأنشطة لسجلات الوقت,
UAE VAT 201,ضريبة القيمة المضافة الإماراتية 201,
UAE VAT Account,حساب ضريبة القيمة المضافة في الإمارات,
UAE VAT Accounts,حسابات ضريبة القيمة المضافة في الإمارات,
UAE VAT Settings,إعدادات ضريبة القيمة المضافة في الإمارات,
UOM,وحدة القياس,
UOM Category,تصنيف وحدة القياس,
UOM Conversion Detail,تفاصيل تحويل وحدة القياس,
UOM Conversion Factor,عامل تحويل وحدة القياس,
UOM Conversion factor ({0} -> {1}) not found for item: {2},معامل تحويل UOM ({0} -> {1}) غير موجود للعنصر: {2},
UOM Conversion factor is required in row {0},معامل تحويل وحدة القياس مطلوب في الصف: {0},
UOM Name,اسم وحدة القايس,
UOM conversion factor required for UOM: {0} in Item: {1},عامل تحويل وحدة القياس مطلوب لوحدة القياس: {0} في الصنف: {1},
UOM {0} not found in Item {1},لم يتم العثور على وحدة القياس {0} في الصنف {1},
UOMs,وحدات القياس,
UPC,UPC,
UPC-A,UPC-A,
URL can only be a string,يمكن أن يكون عنوان URL عبارة عن سلسلة فقط,
UTM Analytics,تحليلات UTM,
UnBuffered Cursor,مؤشر غير مخزن مؤقتًا,
UnReconcile,إلغاء التسوية,
UnReconcile Allocations,إلغاء تسوية التخصيصات,
Unable to find exchange rate for {0} to {1} for key date {2}. Please create a Currency Exchange record manually,تعذر العثور على سعر الصرف من {0} إلى {1} لتاريخ المفتاح {2}. يرجى إنشاء سجل صرف العملات يدويا,
Unable to find exchange rate for {0} to {1} for key date {2}. Please create a Currency Exchange record manually.,تعذر العثور على سعر الصرف من {0} إلى {1} لتاريخ المفتاح {2}. يرجى إنشاء سجل صرف العملات يدويا.,
Unable to find score starting at {0}. You need to have standing scores covering 0 to 100,تعذر العثور على النتيجة بدءا من {0}. يجب أن يكون لديك درجات دائمة تغطي 0 إلى 100,
Unable to find the time slot in the next {0} days for the operation {1}. Please increase the 'Capacity Planning For (Days)' in the {2}.,تعذر العثور على فترة زمنية في الأيام {0} القادمة للعملية {1}. يرجى زيادة 'تخطيط السعة لـ (أيام)' في {2}.,
Unable to find variable:,تعذر العثور على المتغير:,
Unallocated Amount,المبلغ غير المخصصة,
Unassigned Qty,الكمية غير المخصصة,
Unbilled Orders,الطلبات غير المفوترة,
Unblock Invoice,الافراج عن الفاتورة,
Unclosed Fiscal Years Profit / Loss (Credit),غير مغلقة سنتين الماليتين الربح / الخسارة (الائتمان),
Under AMC,تحت AMC,
Under Graduate,غير متخرج,
Under Warranty,تحت الضمان,
Under Withheld Reason,تحت سبب محجوب,
"Under Working Hours table, you can add start and end times for a Workstation. For example, a Workstation may be active from 9 am to 1 pm, then 2 pm to 5 pm. You can also specify the working hours based on shifts. While scheduling a Work Order, the system will check for the availability of the Workstation based on the working hours specified.",ضمن جدول ساعات العمل، يمكنك إضافة أوقات بدء وانتهاء لمحطة عمل. على سبيل المثال، قد تكون محطة العمل نشطة من الساعة 9 صباحًا إلى 1 ظهرًا، ثم من 2 ظهرًا إلى 5 مساءً. يمكنك أيضًا تحديد ساعات العمل بناءً على الورديات. أثناء جدولة أمر عمل، سيتحقق النظام من توفر محطة العمل بناءً على ساعات العمل المحددة.,
Unexpected Naming Series Pattern,نمط تسلسل تسمية غير متوقع,
Unfulfilled,لم تتحقق,
Unit,وحدة,
Unit Price,سعر الوحدة,
Unit of Measure,وحدة القياس,
Unit of Measure (UOM),وحدة القياس,
Unit of Measure {0} has been entered more than once in Conversion Factor Table,وحدة القياس {0} تم إدخال أكثر من مرة واحدة في معامل التحويل الجدول,
Units of Measure,وحدات القياس,
Unknown Caller,غير معروف المتصل,
Unlink Advance Payment on Cancellation of Order,إلغاء ربط الدفع المسبق عند إلغاء الطلب,
Unlink Payment on Cancellation of Invoice,إلغاء ربط الدفع على إلغاء الفاتورة,
Unlink external integrations,إلغاء ربط التكامل الخارجي,
Unlinked,غير مرتبط,
Unpaid,غير مدفوع,
Unpaid and Discounted,غير مدفوعة ومخصومة,
Unplanned machine maintenance,صيانة الآلة غير المخطط لها,
Unqualified,غير مؤهل,
Unrealized Exchange Gain/Loss Account,غير مجرب تبادل الربح / الخسارة حساب,
Unrealized Profit / Loss Account,حساب الربح / الخسارة غير المحقق,
Unrealized Profit / Loss account for intra-company transfers,حساب الربح / الخسارة غير المحقق للتحويلات بين الشركات,
Unrealized Profit/Loss account for intra-company transfers,حساب الربح/الخسارة غير المحقق للتحويلات بين الشركات,
Unreconcile Payment,إلغاء تسوية الدفع,
Unreconcile Payment Entries,إلغاء تسوية قيود الدفع,
Unreconcile Transaction,إلغاء تسوية المعاملة,
Unreconciled,لم تتم تسويتها,
Unreconciled Amount,المبلغ غير المسوى,
Unreconciled Entries,القيود غير المسواة,
Unreserve,إلغاء الحجز,
Unreserve Stock,إلغاء حجز المخزون,
Unreserve for Raw Materials,إلغاء حجز المواد الخام,
Unreserve for Sub-assembly,إلغاء حجز التجميع الفرعي,
Unreserving Stock...,جاري إلغاء حجز المخزون...,
Unresolved,لم تحل,
Unscheduled,غير المجدولة,
Unsecured Loans,القروض غير المضمونة,
Unset Matched Payment Request,إلغاء تعيين طلب الدفع المطابق,
Unsigned,غير موقعة,
Unsubscribe from this Email Digest,إلغاء الاشتراك من هذا البريد الإلكتروني دايجست,
Until,حتى,
Unverified,غير مثبت عليه,
Unverified Webhook Data,بيانات Webhook لم يتم التحقق منها,
Up,أعلى,
Upcoming Calendar Events,أحداث التقويم القادمة,
Upcoming Calendar Events ,أحداث التقويم القادمة ,
Update Account Name / Number,تحديث اسم / رقم الحساب,
Update Account Number / Name,تحديث رقم الحساب / الاسم,
Update Additional Information,تحديث معلومات إضافية,
Update Auto Repeat Reference,تحديث السيارات تكرار المرجع,
Update BOM Cost Automatically,تحديث بوم التكلفة تلقائيا,
"Update BOM cost automatically via scheduler, based on the latest Valuation Rate/Price List Rate/Last Purchase Rate of raw materials",قم بتحديث تكلفة قائمة المواد تلقائيًا عبر المجدول، استنادًا إلى أحدث معدل تقييم / سعر قائمة الأسعار / آخر سعر شراء للمواد الخام,
Update Batch Qty,تحديث كمية الدفعة,
Update Billed Amount in Delivery Note,تحديث المبلغ المفوتر في إشعار التسليم,
Update Billed Amount in Purchase Order,تحديث المبلغ المفوتر في أمر الشراء,
Update Billed Amount in Purchase Receipt,تحديث المبلغ المفوتر في إيصال الشراء,
Update Billed Amount in Sales Order,تحديث مبلغ فاتورة في أمر المبيعات,
Update Clearance Date,تحديث تاريخ التخليص,
Update Consumed Material Cost In Project,تحديث تكلفة المواد المستهلكة في المشروع,
Update Cost,تحديث التكلفة,
Update Cost Center Name / Number,تحديث اسم / رقم مركز التكلفة,
Update Costing and Billing,تحديث التكاليف والفواتير,
Update Current Stock,تحديث المخزون الحالي,
Update Existing Price List Rate,تحديث سعر قائمة الأسعار الحالية,
Update Items,تحديث العناصر,
Update Outstanding for Self,تحديث الرصيد المستحق للذات,
Update Price List Based On,تحديث قائمة الأسعار بناءً على,
Update Print Format,تحديث تنسيق الطباعة,
Update Rate and Availability,معدل التحديث والتوفر,
Update Rate as per Last Purchase,تحديث السعر حسب آخر عملية شراء,
Update Stock,تحديث المخزون,
Update Type,نوع التحديث,
Update frequency of Project,تكرار تحديث المشروع,
Update latest price in all BOMs,تحديث آخر الأسعار في جميع بومس,
Update stock must be enabled for the purchase invoice {0},يجب تمكين تحديث المخزون لفاتورة الشراء {0},
Update the modified timestamp on new communications received in Lead & Opportunity.,تحديث الطابع الزمني المعدل على الاتصالات الجديدة المستلمة في العميل المحتمل والفرصة.,
Update timestamp on new communication,تحديث الطابع الزمني على الاتصال الجديد,
Updated via 'Time Log' (In Minutes),تم التحديث عبر 'سجل الوقت' (بالدقائق),
Updating Costing and Billing fields against this Project...,تحديث حقول التكاليف والفواتير لهذا المشروع...,
Updating Variants...,جارٍ تحديث المتغيرات...,
Updating Work Order status,جاري تحديث حالة أمر العمل,
Updating details.,جارٍ تحديث التفاصيل.,
Upload Bank Statement,تحميل كشف حساب بنكي,
Upload XML Invoices,تحميل فواتير XML,
"Upon submission of the Sales Order, Work Order, or Production Plan, the system will automatically reserve the stock.",عند تقديم أمر المبيعات أو أمر العمل أو خطة الإنتاج، سيقوم النظام تلقائيًا بحجز المخزون.,
Upper Income,أعلى دخل,
Urgent,عاجل,
Use 'Repost in background' button to trigger background job. Job can only be triggered when document is in Queued or Failed status.,استخدم زر 'إعادة المعالجة في الخلفية' لتشغيل مهمة خلفية. لا يمكن تشغيل المهمة إلا عندما يكون المستند في حالة الانتظار أو الفشل.,
Use Batch-wise Valuation,استخدام تقييم الدفعات,
Use Company Default Round Off Cost Center,استخدام مركز تكلفة التقريب الافتراضي للشركة,
Use Company default Cost Center for Round off,استخدام مركز تكلفة الشركة الافتراضي للتقريب,
Use Default Warehouse,استخدام المستودع الافتراضي,
Use Google Maps Direction API to calculate estimated arrival times,استخدم واجهة برمجة تطبيقات Google Maps Direction لحساب أوقات الوصول المقدرة,
Use Google Maps Direction API to optimize route,استخدم Google Maps Direction API لتحسين المسار,
Use HTTP Protocol,استخدام بروتوكول HTTP,
Use Item based reposting,استخدام إعادة المعالجة القائمة على الصنف,
Use Legacy (Client side) Reactivity,استخدام التفاعلية القديمة (من جانب العميل),
Use Multi-Level BOM,استخدام متعدد المستويات BOM,
Use Serial / Batch Fields,استخدام حقول الرقم التسلسلي / الدفعة,
Use Serial No / Batch Fields,استخدام حقول الرقم التسلسلي / الدفعة,
Use Transaction Date Exchange Rate,استخدام سعر صرف تاريخ المعاملة,
Use a name that is different from previous project name,استخدم اسمًا مختلفًا عن اسم المشروع السابق,
Use for Shopping Cart,استخدم لسلة التسوق,
Used,مستخدم,
Used for Production Plan,تستخدم لخطة الإنتاج,
Used with Financial Report Template,يُستخدم مع نموذج التقرير المالي,
User Forum,منتدى المستخدمين,
User ID not set for Employee {0},هوية المستخدم لم يتم تعيين موظف ل {0},
User Remark,ملاحظة المستخدم,
User Resolution Time,وقت قرار المستخدم,
User has not applied rule on the invoice {0},لم يطبق المستخدم قاعدة على الفاتورة {0},
User {0} does not exist,المستخدم {0} غير موجود,
User {0} doesn't have any default POS Profile. Check Default at Row {1} for this User.,المستخدم {0} ليس لديه أي ملف تعريف افتراضي ل بوس. تحقق من الافتراضي في الصف {1} لهذا المستخدم.,
User {0} is already assigned to Employee {1},المستخدم {0} تم تعيينه بالفعل إلى موظف {1},
User {0}: Removed Employee Self Service role as there is no mapped employee.,المستخدم {0}: تم إزالة دور خدمة الموظف الذاتية لعدم وجود موظف مرتبط.,
User {0}: Removed Employee role as there is no mapped employee.,المستخدم {0}: تم إزالة دور الموظف لعدم وجود موظف مرتبط.,
User {} is disabled. Please select valid user/cashier,المستخدم {} معطل. الرجاء تحديد مستخدم / أمين صندوق صالح,
Users can enable the checkbox If they want to adjust the incoming rate (set using purchase receipt) based on the purchase invoice rate.,يمكن للمستخدمين تمكين مربع الاختيار إذا كانوا يرغبون في تعديل السعر الوارد (المعين باستخدام إيصال الشراء) بناءً على سعر فاتورة الشراء.,
Users with this role are allowed to over bill above the allowance percentage,يُسمح للمستخدمين الذين لديهم هذا الدور بفوترة أكثر من النسبة المسموح بها,
Users with this role are allowed to over deliver/receive against orders above the allowance percentage,يُسمح للمستخدمين الذين لديهم هذا الدور بتسليم/استلام أكثر من النسبة المسموح بها مقابل الطلبات,
Using negative stock disables FIFO/Moving average valuation when inventory is negative.,يؤدي استخدام المخزون السالب إلى تعطيل تقييم FIFO/المتوسط المتحرك عندما يكون المخزون سالبًا.,
Utility Expenses,نفقات المرافق,
VAT Accounts,حسابات ضريبة القيمة المضافة,
VAT Amount (AED),مبلغ ضريبة القيمة المضافة (درهم إماراتي),
VAT Audit Report,تقرير تدقيق ضريبة القيمة المضافة,
VAT on Expenses and All Other Inputs,ضريبة القيمة المضافة على المصروفات وجميع المدخلات الأخرى,
VAT on Sales and All Other Outputs,ضريبة القيمة المضافة على المبيعات وجميع المخرجات الأخرى,
Valid From,صالح من تاريخ,
Valid From date not in Fiscal Year {0},تاريخ صالح ليس في السنة المالية {0},
Valid From must be after {0} as last GL Entry against the cost center {1} posted on this date,يجب أن يكون تاريخ الصلاحية من بعد {0} لأن آخر قيد دفتر أستاذ عام مقابل مركز التكلفة {1} تم ترحيله في هذا التاريخ,
Valid Till,صالح حتى,
Valid Up To,صالح حتى,
Valid Up To date cannot be before Valid From date,لا يمكن أن يكون تاريخ الصلاحية حتى قبل تاريخ الصلاحية من,
Valid Up To date not in Fiscal Year {0},تاريخ الصلاحية حتى ليس في السنة المالية {0},
Valid for Countries,صالحة للبلدان,
Valid from and valid upto fields are mandatory for the cumulative,صالحة من وحقول تصل صالحة إلزامية للتراكمية,
Valid till Date cannot be before Transaction Date,صالح حتى التاريخ لا يمكن أن يكون قبل تاريخ المعاملة,
Valid till date cannot be before transaction date,صالحة حتى تاريخ لا يمكن أن يكون قبل تاريخ المعاملة,
Validate Applied Rule,التحقق من صحة القاعدة المطبقة,
Validate Components and Quantities Per BOM,التحقق من المكونات والكميات لكل قائمة مواد,
Validate Negative Stock,التحقق من المخزون السالب,
Validate Pricing Rule,التحقق من قاعدة التسعير,
Validate Selling Price for Item Against Purchase Rate or Valuation Rate,تحقق من صحة سعر البيع للسلعة مقابل معدل الشراء أو معدل التقييم,
Validate Stock on Save,التحقق من المخزون عند الحفظ,
Validity Details,تفاصيل الصلاحية,
Validity and Usage,الصلاحية والاستخدام,
Validity in Days,الصلاحية في أيام,
Validity period of this quotation has ended.,انتهت فترة صلاحية هذا الاقتباس.,
Valuation,تقييم,
Valuation (I - K),التقييم (I - K),
Valuation Field Type,نوع حقل التقييم,
Valuation Method,طريقة التقييم,
Valuation Rate,سعر التقييم,
Valuation Rate (In / Out),معدل التقييم (داخل / خارج),
Valuation Rate Missing,معدل التقييم مفقود,
"Valuation Rate for the Item {0}, is required to do accounting entries for {1} {2}.",معدل التقييم للعنصر {0} ، مطلوب لإجراء إدخالات محاسبية لـ {1} {2}.,
Valuation Rate is mandatory if Opening Stock entered,معدل التقييم إلزامي إذا ادخلت قيمة مبدئية للمخزون,
Valuation Rate required for Item {0} at row {1},معدل التقييم مطلوب للبند {0} في الصف {1},
Valuation and Total,التقييم والمجموع,
Valuation rate for customer provided items has been set to zero.,تم تعيين معدل التقييم للأصناف المقدمة من العميل إلى صفر.,
Valuation rate for the item as per Sales Invoice (Only for Internal Transfers),معدل تقييم الصنف حسب فاتورة المبيعات (فقط للتحويلات الداخلية),
Valuation type charges can not be marked as Inclusive,لا يمكن تحديد رسوم نوع التقييم على أنها شاملة,
Valuation type charges can not marked as Inclusive,لا يمكن وضع علامة على رسوم التقييم على انها شاملة,
Value (G - D),القيمة (G - D),
Value ({0}),القيمة ({0}),
Value After Depreciation,القيمة بعد الاستهلاك,
Value Based Inspection,فحص قائم على القيمة,
Value Details,تفاصيل القيمة,
Value Or Qty,القيمة أو الكمية,
Value Proposition,موقع ذو قيمة,
Value Type,نوع القيمة,
Value as on,القيمة في تاريخ,
Value for Attribute {0} must be within the range of {1} to {2} in the increments of {3} for Item {4},يجب أن تكون قيمة للسمة {0} ضمن مجموعة من {1} إلى {2} في الزيادات من {3} لالبند {4},
Value of Goods,قيمة البضائع,
Value of New Capitalized Asset,قيمة الأصل الجديد المرسمل,
Value of New Purchase,قيمة الشراء الجديد,
Value of Scrapped Asset,قيمة الأصل المخرد,
Value of Sold Asset,قيمة الأصل المباع,
Value of goods cannot be 0,لا يمكن أن تكون قيمة البضائع 0,
Value or Qty,القيمة أو الكمية,
Vara,فارا,
Variable Name,اسم المتغير,
Variables,المتغيرات,
Variance,فرق,
Variance ({}),التباين ({}),
Variant,مختلف,
Variant Attribute Error,خطأ في سمة المتغير,
Variant Attributes,سمات متفاوتة,
Variant BOM,المتغير BOM,
Variant Based On,البديل القائم على,
Variant Based On cannot be changed,لا يمكن تغيير المتغير بناءً على,
Variant Details Report,تفاصيل تقرير التقرير,
Variant Field,الحقل البديل,
Variant Item,عنصر متغير,
Variant Items,العناصر المتغيرة,
Variant Of,البديل من,
Variant creation has been queued.,وقد وضعت قائمة الانتظار في قائمة الانتظار.,
Variants,المتغيرات,
Vehicle,مركبة,
Vehicle Date,تاريخ تسجيل المركبة,
Vehicle No,رقم المركبة,
Vehicle Number,عدد المركبات,
Vehicle Value,قيمة المركبة,
Vendor Invoice,فاتورة المورد,
Vendor Invoices,فواتير الموردين,
Vendor Name,اسم البائع,
Venture Capital,رأس المال الاستثماري,
Verification failed please check the link,فشل التحقق، يرجى التحقق من الرابط,
Verified By,التحقق من,
Verify Email,التحقق من البريد الإلكتروني,
Versta,فرستا,
Via Customer Portal,عبر بوابة العملاء,
Via Landed Cost Voucher,عبر سند التكلفة الهابطة,
Vice President,نائب الرئيس,
Video,فيديو,
Video Settings,اعدادات الفيديو,
View Account Coverage,عرض تغطية الحساب,
View BOM Update Log,عرض سجل تحديث قائمة المواد,
View Chart of Accounts,عرض الرسم البياني للحسابات,
View Data Based on,عرض البيانات بناءً على,
View Exchange Gain/Loss Journals,عرض قيود ربح/خسارة سعر الصرف,
View Leads,مشاهدة العملاء المحتملون,
View Ledger,عرض القيود,
View Ledgers,عرض الدفاتر,
View MRP,عرض سعر التجزئة المقترح,
View Now,عرض الآن,
View Stock Balance,عرض رصيد المخزون,
View Stock Ledger,عرض سجل المخزون,
View Type,نوع العرض,
View attachments,عرض المرفقات,
View call log,عرض سجل المكالمات,
Vimeo,فيميو,
Virtual DocType,نوع مستند افتراضي,
Visit the forums,زيارة المنتديات,
Visited,زار,
Visits,الزيارات,
Voice,صوت,
Voice Call Settings,إعدادات المكالمات الصوتية,
Volt-Ampere,فولت-أمبير,
Voucher,سند,
Voucher #,سند #,
Voucher Detail No,تفاصيل سند لا,
Voucher Detail Reference,مرجع تفاصيل السند,
Voucher No,رقم السند,
Voucher No is mandatory,رقم السند إلزامي,
Voucher Qty,كمية السند,
Voucher Subtype,النوع الفرعي للسند,
Voucher Type,نوع السند,
Voucher {0} is over-allocated by {1},تم تخصيص السند {0} بأكثر من اللازم بمقدار {1},
Voucher-wise Balance,الرصيد حسب السند,
Vouchers,قسائم,
"WARNING: Exotel app has been separated from ERPNext, please install the app to continue using Exotel integration.",تحذير: تم فصل تطبيق Exotel عن ERPNext، يرجى تثبيت التطبيق لمتابعة استخدام تكامل Exotel.,
WIP Composite Asset,أصل مركب قيد التشغيل,
WIP WH,مستودع قيد التشغيل,
WIP Warehouse,مستودع WIP,
WIP Work Orders,أوامر العمل قيد التنفيذ,
Wages,أجور,
Waiting for payment...,في انتظار الدفع...,
Walk In,عميل غير مسجل,
Warehouse Capacity Summary,ملخص سعة المستودع,
Warehouse Capacity for Item '{0}' must be greater than the existing stock level of {1} {2}.,يجب أن تكون سعة المستودع للصنف '{0}' أكبر من مستوى المخزون الحالي وهو {1} {2}.,
Warehouse Contact Info,معلومات الأتصال بالمستودع,
Warehouse Detail,تفاصيل المستودع,
Warehouse Details,تفاصيل المستودع,
Warehouse Disabled?,المستودع معطل؟,
Warehouse Name,اسم المستودع,
Warehouse Settings,إعدادات المستودع,
Warehouse Type,نوع المستودع,
Warehouse Wise Stock Balance,رصيد المخزون حسب المستودع,
Warehouse and Reference,مستودع والمراجع,
Warehouse can not be deleted as stock ledger entry exists for this warehouse.,لا يمكن حذف مستودع كما دخول دفتر الأستاذ موجود لهذا المستودع.,
Warehouse cannot be changed for Serial No.,المستودع لا يمكن ان يكون متغير لرقم تسلسلى.,
Warehouse is mandatory,المستودع إلزامي,
Warehouse not found against the account {0},لم يتم العثور على المستودع مقابل الحساب {0},
Warehouse required for stock Item {0},المستودع مطلوب للصنف المخزني {0},
Warehouse wise Item Balance Age and Value,مستودع الحكيم البند الرصيد العمر والقيمة,
Warehouse {0} can not be deleted as quantity exists for Item {1},مستودع {0} لا يمكن حذف كما توجد كمية القطعة ل {1},
Warehouse {0} does not belong to Company {1}.,المستودع {0} لا ينتمي إلى الشركة {1}.,
Warehouse {0} does not belong to company {1},مستودع {0} لا تنتمي إلى شركة {1},
Warehouse {0} does not exist,المستودع {0} غير موجود,
"Warehouse {0} is not allowed for Sales Order {1}, it should be {2}",المستودع {0} غير مسموح به لأمر المبيعات {1}، يجب أن يكون {2},
"Warehouse {0} is not linked to any account, please mention the account in the warehouse record or set default inventory account in company {1}.",المستودع {0} غير مرتبط بأي حساب، يرجى ذكر الحساب في سجل المستودع أو تعيين حساب المخزون الافتراضي في الشركة {1}.,
Warehouse's Stock Value has already been booked in the following accounts:,تم حجز قيمة مخزون المستودع بالفعل في الحسابات التالية:,
Warehouse: {0} does not belong to {1},المستودع: {0} لا ينتمي إلى {1},
Warehouses,المستودعات,
Warehouses with child nodes cannot be converted to ledger,المستودعات مع العقد التابعة لا يمكن أن يتم تحويلها إلى دفتر الاستاذ,
Warehouses with existing transaction can not be converted to group.,لا يمكن تحويل المستودعات مع المعاملات الحالية إلى مجموعة.,
Warehouses with existing transaction can not be converted to ledger.,المستودعات مع الصفقة الحالية لا يمكن أن يتم تحويلها إلى دفتر الأستاذ.,
Warn,تحذير,
Warn POs,تحذير نقاط الشراء,
Warn Purchase Orders,تحذير أوامر الشراء,
Warn RFQs,تحذير رفق,
Warn for new Purchase Orders,تحذير لأوامر الشراء الجديدة,
Warn for new Request for Quotations,تحذير لطلب جديد للاقتباسات,
Warning - Row {0}: Billing Hours are more than Actual Hours,تحذير - الصف {0}: ساعات الفوترة أكثر من الساعات الفعلية,
Warning on Negative Stock,تحذير بشأن المخزون السالب,
Warning!,تحذير!,
Warning: Another {0} # {1} exists against stock entry {2},تحذير: {0} أخر # {1} موجود في مدخل المخزن {2},
Warning: Material Requested Qty is less than Minimum Order Qty,تحذير: كمية المواد المطلوبة هي أقل من الحد الأدنى للطلب الكمية,
Warning: Sales Order {0} already exists against Customer's Purchase Order {1},تحذير: أمر البيع {0} موجود مسبقاً لأمر الشراء الخاص بالعميل {1},
Warnings,تحذيرات,
Warranty,الضمانة,
Warranty / AMC Details,الضمان / AMC تفاصيل,
Warranty / AMC Status,الضمان / AMC الحالة,
Warranty Claim,مطالبة بالضمان,
Warranty Expiry (Serial),تاريخ انتهاء الضمان (الرقم التسلسلي),
Warranty Expiry Date,ضمان تاريخ الانتهاء,
Warranty Period (Days),فترة الضمان (أيام),
Warranty Period (in days),فترة الضمان (بالأيام),
Watt,واط,
Watt-Hour,واط-ساعة,
Wavelength In Gigametres,الطول الموجي بالجيجامتر,
Wavelength In Kilometres,الطول الموجي بالكيلومتر,
Wavelength In Megametres,الطول الموجي بالميجامتر,
We're here to help!,نحن هنا للمساعدة!,
Website Attribute,سمة الموقع,
Website Description,وصف الموقع,
Website Filter Field,حقل تصفية الموقع,
Website Image,صورة الموقع,
Website Item Group,مجموعة الأصناف للموقع,
Website Specifications,موقع المواصفات,
Website:,الموقع الإلكتروني:,
Week {0} {1},الأسبوع {0} {1},
Weekday,يوم من أيام الأسبوع,
Weekly Off,العطلة الأسبوعية,
Weekly Time to send,الوقت الأسبوعي للإرسال,
Weight,وزن,
Weight (kg),الوزن (كجم),
Weight Per Unit,الوزن لكل وحدة,
Weight UOM,وحدة قياس الوزن,
Weighting Function,وظيفة الترجيح,
What do you need help with?,ما الذى تحتاج المساعدة به؟,
WhatsApp,ال WhatsApp,
Wheels,عجلات,
"When a parent warehouse is chosen, the system conducts Project Qty checks against the associated child warehouses",عند اختيار مستودع رئيسي، يقوم النظام بإجراء فحوصات كمية المشروع مقابل المستودعات الفرعية المرتبطة,
"When creating an Item, entering a value for this field will automatically create an Item Price at the backend.",عند إنشاء صنف، سيؤدي إدخال قيمة لهذا الحقل إلى إنشاء سعر صنف تلقائيًا في الخلفية.,
"While creating account for Child Company {0}, parent account {1} found as a ledger account.",أثناء إنشاء حساب الشركة الفرعية {0} ، تم العثور على الحساب الرئيسي {1} كحساب دفتر أستاذ.,
"While creating account for Child Company {0}, parent account {1} not found. Please create the parent account in corresponding COA",أثناء إنشاء حساب Child Company {0} ، لم يتم العثور على الحساب الرئيسي {1}. الرجاء إنشاء الحساب الرئيسي في شهادة توثيق البرامج المقابلة,
"While making Purchase Invoice from Purchase Order, use Exchange Rate on Invoice's transaction date rather than inheriting it from Purchase Order. Only applies for Purchase Invoice.",أثناء إنشاء فاتورة شراء من أمر شراء، استخدم سعر الصرف في تاريخ معاملة الفاتورة بدلاً من وراثته من أمر الشراء. ينطبق فقط على فاتورة الشراء.,
White,أبيض,
Widowed,ارمل,
Width (cm),العرض (سم),
Width of amount in word,عرض المبلغ في كلمة,
Will also apply for variants,سوف تطبق أيضا على المتغيرات,
Will also apply for variants unless overridden,سوف تطبق أيضا على المتغيرات الا اذا تم التغير فوقها,
Wire Transfer,حوالة مصرفية,
With Operations,مع عمليات,
With Period Closing Entry For Opening Balances,مع قيد إغلاق الفترة للأرصدة الافتتاحية,
Withdrawal,سحب,
Withholding Date,تاريخ الحجب,
Withholding Document,وثيقة الحجز,
Withholding Document Name,اسم مستند الحجز,
Withholding Document Type,نوع مستند الحجب,
Won Opportunities,الفرص المكسوبة,
Won Opportunity (Last 1 Month),فرصة مكسوبة (آخر شهر),
Work Done,العمل المنجز,
Work In Progress,التقدم في العمل,
Work Order,أمر العمل,
Work Order / Subcontract PO,أمر عمل / أمر شراء تعاقد من الباطن,
Work Order Analysis,تحليل أمر العمل,
Work Order Consumed Materials,المواد المستهلكة في أمر العمل,
Work Order Item,بند أمر العمل,
Work Order Operation,عملية ترتيب العمل,
Work Order Qty,رقم أمر العمل,
Work Order Qty Analysis,تحليل كمية أمر العمل,
Work Order Stock Report,تقرير مخزون أمر العمل,
Work Order Summary,ملخص أمر العمل,
Work Order cannot be created for following reason: <br> {0},لا يمكن إنشاء أمر العمل للسبب التالي:<br> {0},
Work Order cannot be raised against a Item Template,لا يمكن رفع أمر العمل مقابل قالب العنصر,
Work Order has been {0},تم عمل الطلب {0},
Work Order not created,أمر العمل لم يتم إنشاؤه,
Work Order {0} created,تم إنشاء أمر العمل {0},
Work Order {0}: Job Card not found for the operation {1},أمر العمل {0}: لم يتم العثور على بطاقة المهمة للعملية {1},
Work Orders,طلبات العمل,
Work Orders Created: {0},أوامر العمل التي تم إنشاؤها: {0},
Work Orders in Progress,أوامر العمل في التقدم,
Work in Progress,التقدم في العمل,
Work-in-Progress Warehouse,مستودع العمل قيد التنفيذ,
Work-in-Progress Warehouse is required before Submit,مستودع أعمال جارية مطلوب قبل التسجيل,
Workday,يوم عمل,
Workday {0} has been repeated.,تم تكرار يوم العمل {0}.,
Working,عامل,
Working Hours,ساعات العمل,
Workstation,محطة العمل,
Workstation / Machine,محطة العمل / الآلة,
Workstation Cost,تكلفة محطة العمل,
Workstation Dashboard,لوحة تحكم محطة العمل,
Workstation Name,اسم محطة العمل,
Workstation Operating Component,مكونات تشغيل محطة العمل,
Workstation Operating Component Account,حساب مكونات تشغيل محطة العمل,
Workstation Status,حالة محطة العمل,
Workstation Type,نوع محطة العمل,
Workstation Working Hour,محطة العمل ساعة العمل,
Workstation is closed on the following dates as per Holiday List: {0},محطة العمل مغلقة في التواريخ التالية وفقا لقائمة العطل: {0},
Workstations,محطات العمل,
Write Off,لا تصلح,
Write Off Account,شطب حساب,
Write Off Amount,شطب المبلغ,
Write Off Amount (Company Currency),شطب المبلغ (شركة العملات),
Write Off Based On,شطب بناء على,
Write Off Cost Center,شطب مركز التكلفة,
Write Off Difference Amount,شطب الفرق المبلغ,
Write Off Entry,قيد الشطب,
Write Off Limit,حد الشطب,
Write Off Outstanding Amount,شطب المبلغ المستحق,
Writeoff,لا تصلح,
Written Down Value,القيمة المكتوبة,
Wrong Company,شركة خاطئة,
Wrong Password,كلمة مرور خاطئة,
Wrong Template,قالب خاطئ,
XML Files Processed,ملفات XML المعالجة,
Yard,ياردة,
Year End Date,تاريخ نهاية العام,
Year Name,اسم العام,
Year Start Date,تاريخ بدء العام,
Year of Passing,سنة التخرج,
Year start date or end date is overlapping with {0}. To avoid please set company,تاريخ البدء أو تاريخ الانتهاء العام يتداخل مع {0}. لتجنب ذلك الرجاء تعيين الشركة,
You are importing data for the code list:,أنت تقوم باستيراد بيانات لقائمة الرموز:,
You are not allowed to update as per the conditions set in {} Workflow.,غير مسموح لك بالتحديث وفقًا للشروط المحددة في {} سير العمل.,
You are not authorized to add or update entries before {0},غير مصرح لك باضافه إدخالات أو تحديثها قبل {0},
You are not authorized to make/edit Stock Transactions for Item {0} under warehouse {1} before this time.,أنت غير مصرح لك بإجراء/تعديل معاملات المخزون للصنف {0} في المستودع {1} قبل هذا الوقت.,
You are not authorized to set Frozen value,.أنت غير مخول لتغيير القيم المجمدة,
You are picking more than required quantity for the item {0}. Check if there is any other pick list created for the sales order {1}.,أنت تقوم بانتقاء كمية أكبر من المطلوبة للصنف {0}. تحقق مما إذا كانت هناك أي قائمة انتقاء أخرى تم إنشاؤها لأمر المبيعات {1}.,
You can add the original invoice {} manually to proceed.,يمكنك إضافة الفاتورة الأصلية {} يدويًا للمتابعة.,
You can also copy-paste this link in your browser,يمكنك أيضا نسخ - لصق هذا الرابط في متصفحك,
You can also set default CWIP account in Company {},يمكنك أيضًا تعيين حساب CWIP الافتراضي في الشركة {},
You can change the parent account to a Balance Sheet account or select a different account.,يمكنك تغيير الحساب الرئيسي إلى حساب الميزانية العمومية أو تحديد حساب مختلف.,
You can not enter current voucher in 'Against Journal Entry' column,"لا يمكنك إدخال السند الحالي في عمود ""قيد اليومية المقابل"".",
You can only have Plans with the same billing cycle in a Subscription,يمكنك فقط الحصول على خطط مع دورة الفواتير نفسها في الاشتراك,
You can only redeem max {0} points in this order.,لا يمكنك استرداد سوى {0} نقاط كحد أقصى بهذا الترتيب.,
You can only select one mode of payment as default,يمكنك تحديد طريقة دفع واحدة فقط كطريقة افتراضية,
You can redeem upto {0}.,يمكنك استرداد ما يصل إلى {0}.,
"You can set it as a machine name or operation type. For example, stiching machine 12",يمكنك تعيينه كاسم آلة أو نوع عملية. على سبيل المثال، آلة خياطة 12,
You can't make any changes to Job Card since Work Order is closed.,لا يمكنك إجراء أي تغييرات على بطاقة العمل لأن أمر العمل مغلق.,
You can't process the serial number {0} as it has already been used in the SABB {1}. {2} if you want to inward same serial number multiple times then enabled 'Allow existing Serial No to be Manufactured/Received again' in the {3},لا يمكنك معالجة الرقم التسلسلي {0} لأنه تم استخدامه بالفعل في SABB {1}. {2} إذا كنت ترغب في إدخال نفس الرقم التسلسلي عدة مرات، فقم بتمكين 'السماح بتصنيع/استلام الرقم التسلسلي الموجود مرة أخرى' في {3},
You can't redeem Loyalty Points having more value than the Total Amount.,لا يمكنك استبدال نقاط الولاء التي تزيد قيمتها عن المبلغ الإجمالي.,
You cannot change the rate if BOM is mentioned against any Item.,لا يمكنك تغيير السعر إذا تم ذكر قائمة المواد مقابل أي صنف.,
You cannot create a {0} within the closed Accounting Period {1},لا يمكنك إنشاء {0} ضمن الفترة المحاسبية المغلقة {1},
You cannot create or cancel any accounting entries with in the closed Accounting Period {0},لا يمكنك إنشاء أو إلغاء أي قيود محاسبية في فترة المحاسبة المغلقة {0},
You cannot create/amend any accounting entries till this date.,لا يمكنك إنشاء/تعديل أي قيود محاسبية حتى هذا التاريخ.,
You cannot credit and debit same account at the same time,لا يمكن إعطاء الحساب قيمة مدين وقيمة دائن في نفس الوقت,
You cannot delete Project Type 'External',لا يمكنك حذف مشروع من نوع 'خارجي',
You cannot edit root node.,لا يمكنك تحرير عقدة الجذر.,
You cannot redeem more than {0}.,لا يمكنك استرداد أكثر من {0}.,
You cannot repost item valuation before {},لا يمكنك إعادة معالجة تقييم الصنف قبل {},
You cannot restart a Subscription that is not cancelled.,لا يمكنك إعادة تشغيل اشتراك غير ملغى.,
You cannot submit empty order.,لا يمكنك تقديم طلب فارغ.,
You cannot submit the order without payment.,لا يمكنك تقديم الطلب بدون دفع.,
You cannot {0} this document because another Period Closing Entry {1} exists after {2},لا يمكنك {0} هذا المستند لأن قيد إغلاق فترة آخر {1} موجود بعد {2},
You do not have permissions to {} items in a {}.,ليس لديك أذونات لـ {} من العناصر في {}.,
You don't have enough Loyalty Points to redeem,ليس لديك ما يكفي من نقاط الولاء لاستردادها,
You don't have enough points to redeem.,ليس لديك ما يكفي من النقاط لاستردادها.,
You had {} errors while creating opening invoices. Check {} for more details,كان لديك {} من الأخطاء أثناء إنشاء الفواتير الافتتاحية. تحقق من {} لمزيد من التفاصيل,
You have already selected items from {0} {1},لقد حددت العناصر من {0} {1},
You have been invited to collaborate on the project {0}.,لقد تمت دعوتك للتعاون في المشروع {0}.,
You have entered a duplicate Delivery Note on Row,لقد أدخلت إشعار تسليم مكرر في الصف,
You have to enable auto re-order in Stock Settings to maintain re-order levels.,يجب عليك تمكين الطلب التلقائي في إعدادات المخزون للحفاظ على مستويات إعادة الطلب.,
You have unsaved changes. Do you want to save the invoice?,لديك تغييرات غير محفوظة. هل تريد حفظ الفاتورة؟,
You must select a customer before adding an item.,يجب عليك تحديد عميل قبل إضافة عنصر.,
You need to cancel POS Closing Entry {} to be able to cancel this document.,تحتاج إلى إلغاء قيد إغلاق نقاط البيع {} لتتمكن من إلغاء هذا المستند.,
You selected the account group {1} as {2} Account in row {0}. Please select a single account.,لقد حددت مجموعة الحسابات {1} كحساب {2} في الصف {0}. يرجى تحديد حساب واحد.,
YouTube Interactions,تفاعلات YouTube,
Your Name (required),اسمك (مطلوب),
Your email has been verified and your appointment has been scheduled,تم التحقق من بريدك الإلكتروني وتم تحديد موعدك,
Your order is out for delivery!,طلبك تحت التسليم!,
Your tickets,تذاكرك,
Youtube ID,معرف يوتيوب,
Youtube Statistics,إحصاءات يوتيوب,
ZIP Code,الرمز البريدي,
Zero Balance,رصيد صفري,
Zero Rated,معدل صفري,
Zero quantity,كمية صفرية,
Zip File,ملف مضغوط,
[Important] [ERPNext] Auto Reorder Errors,[هام] [ERPNext] إعادة ترتيب الأخطاء تلقائيًا,
`Allow Negative rates for Items`,`السماح بمعدلات سالبة للأصناف`,
after,بعد,
as Code,كرمز,
as Description,كوصف,
as Title,كعنوان,
as a percentage of finished item quantity,كنسبة مئوية من كمية الصنف النهائي,
at,في,
based_on,مرتكز على,
by {},بواسطة {},
cannot be greater than 100,لا يمكن أن يكون أكبر من 100,
dated {0},بتاريخ {0},
description,الوصف,
development,تطوير,
discount applied,تم تطبيق الخصم,
doc_type,نوع_المستند,
doctype,نوع المستند,
"e.g. ""Summer Holiday 2019 Offer 20""","مثال: ""Summer Holiday 2019 Offer 20""",
example: Next Day Shipping,مثال:شحن اليوم التالي,
exchangerate.host,exchangerate.host,
fieldname,اسم الحقل,
frankfurter.dev,frankfurter.dev,
hidden,مخفي,
hours,ساعات,
image,صورة,
lft,LFT,
material_request_item,صنف_طلب_المواد,
must be between 0 and 100,يجب أن يكون بين 0 و 100,
name,الاسم,
on,في,
or its descendants,أو فروعه,
out of 5,من 5,
paid to,مدفوع إلى,
payments app is not installed. Please install it from {0} or {1},تطبيق المدفوعات غير مثبت. يرجى تثبيته من {0} أو {1},
payments app is not installed. Please install it from {} or {},تطبيق المدفوعات غير مثبت. يرجى تثبيته من {} أو {},
per hour,كل ساعة,
performing either one below:,تنفيذ أي من الخيارين أدناه:,
product bundle item row's name in sales order. Also indicates that picked item is to be used for a product bundle,اسم صف صنف حزمة المنتج في أمر المبيعات. يشير أيضًا إلى أن الصنف المنتقى سيستخدم لحزمة منتج,
production,إنتاج,
quotation_item,صنف_عرض_السعر,
ratings,التقييمات,
received from,مستلم من,
returned,تم إرجاعه,
rgt,RGT,
sandbox,رمل,
sold,تم البيع,
subscription is already cancelled.,الاشتراك ملغى بالفعل.,
target_ref_field,حقل_المرجع_الهدف,
temporary name,اسم مؤقت,
title,عنوان,
to,إلى,
to unallocate the amount of this Return Invoice before cancelling it.,لإلغاء تخصيص مبلغ فاتورة المرتجع هذه قبل إلغائها.,
unique e.g. SAVE20  To be used to get discount,فريدة مثل SAVE20 لاستخدامها للحصول على الخصم,
variance,التباين,
via Asset Repair,عبر إصلاح الأصل,
via BOM Update Tool,عبر أداة تحديث قائمة المواد,
you must select Capital Work in Progress Account in accounts table,يجب عليك تحديد حساب رأس المال قيد التقدم في جدول الحسابات,
{0} '{1}' is disabled,{0} '{1}' معطل,
{0} '{1}' not in Fiscal Year {2},{0} '{1}' ليس في السنة المالية {2},
{0} ({1}) cannot be greater than planned quantity ({2}) in Work Order {3},{0} ({1}) لا يمكن أن يكون أكبر من الكمية المخطط لها ({2}) في أمر العمل {3},
{0} <b>{1}</b> has submitted Assets. Remove Item <b>{2}</b> from table to continue.,{0} <b>{1}</b> قام بتقديم أصول. قم بإزالة الصنف <b>{2}</b> من الجدول للمتابعة.,
{0} Account not found against Customer {1}.,لم يتم العثور على حساب {0} مقابل العميل {1}.,
{0} Account: {1} ({2}) must be in either customer billing currency: {3} or Company default currency: {4},حساب {0}: {1} ({2}) يجب أن يكون إما بعملة فوترة العميل: {3} أو عملة الشركة الافتراضية: {4},
{0} Budget for Account {1} against {2} {3} is {4}. It is already exceeded by {5}.,موازنة {0} للحساب {1} مقابل {2} {3} هي {4}. وقد تم تجاوزها بمقدار {5}.,
{0} Budget for Account {1} against {2} {3} is {4}. It will be exceeded by {5}.,موازنة {0} للحساب {1} مقابل {2} {3} هي {4}. وسيتم تجاوزها بمقدار {5}.,
{0} Coupon used are {1}. Allowed quantity is exhausted,{0} القسيمة المستخدمة هي {1}. الكمية المسموح بها مستنفدة,
{0} Digest,{0} الملخص,
{0} Number {1} is already used in {2} {3},{0} الرقم {1} مستخدم بالفعل في {2} {3},
{0} Operating Cost for operation {1},{0} تكلفة التشغيل للعملية {1},
{0} Operations: {1},{0} العمليات: {1},
{0} Request for {1},{0} طلب {1},
"{0} Retain Sample is based on batch, please check Has Batch No to retain sample of item","{0} يعتمد الاحتفاظ بالعينة على الدُفعة ، يُرجى تحديد ""رقم الدُفعة"" للاحتفاظ بعينة من العنصر",
{0} Transaction(s) Reconciled,تمت تسوية {0} معاملة (معاملات),
{0} account is not of company {1},الحساب {0} ليس تابعاً للشركة {1},
{0} account is not of type {1},حساب {0} ليس من نوع {1},
{0} account not found while submitting purchase receipt,لم يتم العثور على حساب {0} أثناء تقديم إيصال الشراء,
{0} against Bill {1} dated {2},{0} مقابل الفاتورة {1} بتاريخ {2},
{0} against Purchase Order {1},{0} مقابل أمر الشراء {1},
{0} against Sales Invoice {1},{0} مقابل فاتورة المبيعات {1},
{0} against Sales Order {1},{0} مقابل طلب مبيعات {1},
{0} already has a Parent Procedure {1}.,{0} يحتوي بالفعل على إجراء الأصل {1}.,
{0} and {1} are mandatory,{0} و {1} إلزاميان,
{0} asset cannot be transferred,{0} أصول لا يمكن نقلها,
{0} can not be negative,{0} لا يمكن أن يكون سالبا,
{0} cannot be used as a Main Cost Center because it has been used as child in Cost Center Allocation {1},لا يمكن استخدام {0} كمركز تكلفة رئيسي لأنه تم استخدامه كفرع في تخصيص مركز التكلفة {1},
{0} cannot be zero,لا يمكن أن يكون {0} صفرًا,
{0} created,{0} تم انشاؤه,
{0} currency must be same as company's default currency. Please select another account.,يجب أن تكون عملة {0} هي نفس عملة الشركة الافتراضية. يرجى تحديد حساب آخر.,
"{0} currently has a {1} Supplier Scorecard standing, and Purchase Orders to this supplier should be issued with caution.",{0} لديها حاليا {1} بطاقة أداء بطاقة الموردين، ويجب إصدار أوامر الشراء إلى هذا المورد بحذر.,
"{0} currently has a {1} Supplier Scorecard standing, and RFQs to this supplier should be issued with caution.",{0} لديه حاليا {1} بطاقة أداء بطاقة الموردين، ويجب أن يتم إصدار طلبات إعادة الشراء إلى هذا المورد بحذر.,
{0} does not belong to Company {1},{0} لا تنتمي إلى شركة {1},
{0} does not belong to the Company {1}.,لا ينتمي {0} إلى الشركة {1}.,
{0} entered twice in Item Tax,{0} ادخل مرتين في ضريبة البند,
{0} entered twice {1} in Item Taxes,تم إدخال {0} مرتين {1} في ضرائب الصنف,
{0} for {1},{0} ل {1},
{0} has Payment Term based allocation enabled. Select a Payment Term for Row #{1} in Payment References section,{0} لديه تخصيص قائم على شرط الدفع ممكّن. حدد شرط دفع للصف رقم {1} في قسم مراجع الدفع,
{0} has been modified after you pulled it. Please pull it again.,تم تعديل {0} بعد سحبه. يرجى سحبه مرة أخرى.,
{0} has been submitted successfully,{0} تم التقديم بنجاح,
{0} hours,{0} ساعات,
{0} in row {1},{0} في الحقل {1},
{0} is a mandatory Accounting Dimension. <br>Please set a value for {0} in Accounting Dimensions section.,{0} هو بُعد محاسبي إلزامي. <br>يرجى تعيين قيمة لـ {0} في قسم الأبعاد المحاسبية.,
{0} is added multiple times on rows: {1},تمت إضافة {0} عدة مرات في الصفوف: {1},
{0} is already running for {1},{0} قيد التشغيل بالفعل لـ {1},
{0} is blocked so this transaction cannot proceed,تم حظر {0} حتى لا تتم متابعة هذه المعاملة,
{0} is mandatory for Item {1},{0} إلزامي للصنف {1},
{0} is mandatory for account {1},{0} إلزامي للحساب {1},
{0} is mandatory. Maybe Currency Exchange record is not created for {1} to {2},{0} إلزامي. ربما لم يتم إنشاء سجل صرف العملات من {1} إلى {2},
{0} is mandatory. Maybe Currency Exchange record is not created for {1} to {2}.,{0} إلزامي. ربما لم يتم إنشاء سجل سعر صرف العملة ل{1} إلى {2}.,
{0} is not a company bank account,{0} ليس حسابًا مصرفيًا للشركة,
{0} is not a group node. Please select a group node as parent cost center,{0} ليست عقدة مجموعة. يرجى تحديد عقدة المجموعة كمركز تكلفة الأصل,
{0} is not a stock Item,{0} ليس من نوع المخزون,
{0} is not a valid Value for Attribute {1} of Item {2}.,{0} ليست قيمة صالحة للسمة {1} للعنصر {2}.,
{0} is not added in the table,{0} لم تتم إضافته في الجدول,
{0} is not enabled in {1},{0} غير ممكّن في {1},
{0} is not running. Cannot trigger events for this Document,{0} لا يعمل. لا يمكن تشغيل الأحداث لهذا المستند,
{0} is not the default supplier for any items.,{0} ليس المورد الافتراضي لأية عناصر.,
{0} is on hold till {1},{0} معلق حتى {1},
{0} items in progress,{0} العنصر قيد الأستخدام,
{0} items lost during process.,تم فقدان {0} صنف أثناء العملية.,
{0} items produced,{0} عناصر منتجة,
{0} must be negative in return document,{0} يجب أن يكون سالبة في وثيقة الارجاع,
{0} not allowed to transact with {1}. Please change the Company or add the Company in the 'Allowed To Transact With'-Section in the Customer record.,غير مسموح لـ {0} بالتعامل مع {1}. يرجى تغيير الشركة أو إضافة الشركة في قسم 'مسموح له بالتعامل مع' في سجل العميل.,
{0} not found for item {1},{0} لم يتم العثور على العنصر {1},
{0} parameter is invalid,{0} المعلمة غير صالحة,
{0} payment entries can not be filtered by {1},{0} لا يمكن فلترة المدفوعات المدخلة  {1},
{0} qty of Item {1} is being received into Warehouse {2} with capacity {3}.,يتم استلام {0} كمية من الصنف {1} في المستودع {2} بسعة {3}.,
"{0} units are reserved for Item {1} in Warehouse {2}, please un-reserve the same to {3} the Stock Reconciliation.",تم حجز {0} وحدة للصنف {1} في المستودع {2}، يرجى إلغاء حجزها لـ {3} تسوية المخزون.,
{0} units of Item {1} is not available in any of the warehouses.,{0} وحدة من الصنف {1} غير متوفرة في أي من المستودعات.,
{0} units of Item {1} is picked in another Pick List.,تم انتقاء {0} وحدة من الصنف {1} في قائمة انتقاء أخرى.,
{0} units of {1} are required in {2} with the inventory dimension: {3} on {4} {5} for {6} to complete the transaction.,مطلوب {0} وحدة من {1} في {2} مع بُعد المخزون: {3} في {4} {5} لـ {6} لإكمال المعاملة.,
{0} units of {1} needed in {2} on {3} {4} for {5} to complete this transaction.,{0} وحدات من {1} لازمة ل {2} في {3} {4} ل {5} لإكمال هذه المعاملة.,
{0} units of {1} needed in {2} on {3} {4} to complete this transaction.,مطلوب {0} وحدة من {1} في {2} في {3} {4} لإكمال هذه المعاملة.,
{0} units of {1} needed in {2} to complete this transaction.,{0} وحدات من  {1} لازمة في {2} لإكمال هذه المعاملة.,
{0} until {1},{0} حتى {1},
{0} valid serial nos for Item {1},{0} أرقام تسلسلية صالحة للبند {1},
{0} variants created.,تم إنشاء المتغيرات {0}.,
{0} will be given as discount.,سيتم منح {0} كخصم.,
{0} {1},{0} {1},
{0} {1} Manually,{0} {1} يدويًا,
{0} {1} Partially Reconciled,تمت تسوية {0} {1} جزئيًا,
"{0} {1} cannot be updated. If you need to make changes, we recommend canceling the existing entry and creating a new one.",لا يمكن تحديث {0} {1}. إذا كنت بحاجة إلى إجراء تغييرات، نوصي بإلغاء القيد الحالي وإنشاء قيد جديد.,
{0} {1} created,{0} {1} إنشاء,
{0} {1} does not exist,{0} {1} غير موجود,
{0} {1} has accounting entries in currency {2} for company {3}. Please select a receivable or payable account with currency {2}.,{0} يحتوي {1} على إدخالات محاسبية بالعملة {2} للشركة {3}. الرجاء تحديد حساب مستحق أو دائن بالعملة {2}.,
{0} {1} has already been fully paid.,تم دفع {0} {1} بالكامل بالفعل.,
{0} {1} has already been partly paid. Please use the 'Get Outstanding Invoice' or the 'Get Outstanding Orders' button to get the latest outstanding amounts.,تم دفع {0} {1} جزئيًا بالفعل. يرجى استخدام زر 'الحصول على الفواتير المستحقة' أو 'الحصول على الطلبات المستحقة' للحصول على أحدث المبالغ المستحقة.,
{0} {1} has been modified. Please refresh.,تم تعديل {0} {1}، يرجى تحديث الصفحة من المتصفح,
{0} {1} has not been submitted so the action cannot be completed,{0} {1} لم يتم إرسالها، ولذلك لا يمكن إكمال الإجراء,
{0} {1} is allocated twice in this Bank Transaction,تم تخصيص {0} {1} مرتين في هذه المعاملة البنكية,
{0} {1} is already linked to Common Code {2}.,{0} {1} مرتبط بالفعل بالرمز المشترك {2}.,
"{0} {1} is associated with {2}, but Party Account is {3}",{0} {1} مرتبط ب {2}، ولكن حساب الطرف هو {3},
{0} {1} is cancelled or closed,{0} {1} تم إلغائه أو مغلق,
{0} {1} is cancelled or stopped,{0} {1} يتم إلغاؤه أو إيقافه,
{0} {1} is cancelled so the action cannot be completed,{0} {1} تم إلغاؤه لذلك لا يمكن إكمال الإجراء,
{0} {1} is closed,{0} {1} مغلقة,
{0} {1} is disabled,{0} {1} معطل,
{0} {1} is frozen,{0} {1} مجمد,
{0} {1} is fully billed,{0} {1} قدمت الفواتير بشكل كامل,
{0} {1} is not active,{0} {1} غير نشطة,
{0} {1} is not associated with {2} {3},{0} {1} غير مرتبط {2} {3},
{0} {1} is not in any active Fiscal Year,{0} {1} ليس في أي سنة مالية نشطة,
{0} {1} is not submitted,{0} {1} لم يتم تقديمه,
{0} {1} is on hold,{0} {1} قيد الانتظار,
{0} {1} must be submitted,{0} {1} يجب أن يتم اعتماده,
{0} {1} not allowed to be reposted. Modify {2} to enable reposting.,غير مسموح بإعادة معالجة {0} {1}. قم بتعديل {2} لتمكين إعادة المعالجة.,
{0} {1} status is {2},{0} {1} الحالة {2},
{0} {1} via CSV File,{0} {1} عبر ملف CSV,
{0} {1}: 'Profit and Loss' type account {2} not allowed in Opening Entry,"{0} {1}: نوع حساب ""الربح والخسارة"" {2} غير مسموح به في قيد افتتاحي",
{0} {1}: Account {2} does not belong to Company {3},{0} {1}: الحساب {2} لا ينتمي إلى الشركة {3},
{0} {1}: Account {2} is a Group Account and group accounts cannot be used in transactions,{0} {1}: الحساب {2} هو حساب مجموعة ولا يمكن استخدام حسابات المجموعة في المعاملات,
{0} {1}: Account {2} is inactive,{0} {1}: الحساب {2} غير فعال,
{0} {1}: Accounting Entry for {2} can only be made in currency: {3},{0} {1}: قيد محاسبي ل {2} يمكن ان يتم فقط بالعملة : {3},
{0} {1}: Cost Center is mandatory for Item {2},{0} {1}: مركز التكلفة إلزامي للبند {2},
{0} {1}: Cost Center is required for 'Profit and Loss' account {2}.,{0} {1}: مركز التكلفة مطلوب لحساب 'الأرباح والخسائر' {2}.,
{0} {1}: Cost Center {2} does not belong to Company {3},{0} {1}: مركز التكلفة {2} لا ينتمي إلى الشركة {3},
{0} {1}: Cost Center {2} is a group cost center and group cost centers cannot be used in transactions,{0} {1}: مركز التكلفة {2} هو مركز تكلفة مجموعة ولا يمكن استخدام مراكز تكلفة المجموعة في المعاملات,
{0} {1}: Customer is required against Receivable account {2},{0} {1}: الزبون مطلوب بالمقابلة بالحساب المدين {2},
{0} {1}: Either debit or credit amount is required for {2},{0} {1}: إما مبلغ دائن أو مدين مطلوب ل{2},
{0} {1}: Supplier is required against Payable account {2},{0} {1}: المورد مطلوب لحساب الدفع {2}\n<br> \n{0} {1}: Supplier is required against Payable account {2},
{0}%,{0}%,
{0}% Billed,{0}% مفوتر,
{0}% Delivered,{0}% مسلم,
{0}% of total invoice value will be given as discount.,سيُمنح {0}% من إجمالي قيمة الفاتورة كخصم.,
{0}'s {1} cannot be after {2}'s Expected End Date.,لا يمكن أن يكون {1} لـ {0} بعد تاريخ الانتهاء المتوقع لـ {2}.,
"{0}, complete the operation {1} before the operation {2}.",{0} ، أكمل العملية {1} قبل العملية {2}.,
{0}: Not found,{0}: غير موجود,
{0}: Protected DocType,{0}: نوع مستند محمي,
{0}: {1} does not belong to the Company: {2},{0}: {1} لا ينتمي إلى الشركة: {2},
{0}: {1} does not exists,{0}: {1} غير موجود,
{0}: {1} is a group account.,{0}: {1} هو حساب جماعي.,
{0}: {1} must be less than {2},{0}: {1} يجب أن يكون أقل من {2},
{count} Assets created for {item_code},تم إنشاء {count} أصل لـ {item_code},
{doctype} {name} is cancelled or closed.,{doctype} {name} تم إلغائه أو مغلق.,
{field_label} is mandatory for sub-contracted {doctype}.,{field_label} إلزامي لـ {doctype} المتعاقد عليه من الباطن.,
{item_name}'s Sample Size ({sample_size}) cannot be greater than the Accepted Quantity ({accepted_quantity}),لا يمكن أن يكون حجم عينة {item_name} ({sample_size}) أكبر من الكمية المقبولة ({accepted_quantity}),
{ref_doctype} {ref_name} is {status}.,{ref_doctype} {ref_name} هو {status}.,
{},{},
{} can't be cancelled since the Loyalty Points earned has been redeemed. First cancel the {} No {},لا يمكن إلغاء {} نظرًا لاسترداد نقاط الولاء المكتسبة. قم أولاً بإلغاء {} لا {},
{} has submitted assets linked to it. You need to cancel the assets to create purchase return.,قام {} بتقديم أصول مرتبطة به. تحتاج إلى إلغاء الأصول لإنشاء عائد شراء.,
{} is a child company.,{} هي شركة تابعة.,
{} {} is already linked with another {},{} {} مرتبط بالفعل بـ {} آخر,
{} {} is already linked with {} {},{} {} مرتبط بالفعل بـ {} {},
{} {} is not affecting bank account {},{} {} لا يؤثر على الحساب البنكي {},
"
			The Batch {0} of an item {1} has negative stock in the warehouse {2}{3}.
			Please add a stock quantity of {4} to proceed with this entry.
			If it is not possible to make an adjustment entry, please enable 'Allow Negative Stock for Batch' in the batch {0} or in the Stock Settings to proceed.
			However, enabling this setting may lead to negative stock in the system.
			So please ensure the stock levels are adjusted as soon as possible to maintain the correct valuation rate.","
			الدفعة {0} للصنف {1} لديها رصيد سالب في المستودع {2}{3}.
			يرجى إضافة كمية مخزون قدرها {4} للمتابعة في هذا القيد.
			إذا تعذّر إجراء قيد تسوية، فيرجى تفعيل 'السماح بالمخزون السالب للدفعة' في الدفعة {0} أو في إعدادات المخزون للمتابعة.
			مع ذلك، قد يؤدي تفعيل هذا الإعداد إلى مخزون سالب في النظام.
			لذا يرجى الحرص على تسوية مستويات المخزون في أقرب وقت للحفاظ على صحة سعر التقييم.",
% Complete must be between 0 and 100,يجب أن تكون نسبة الإكمال بين 0 و 100,
% Cost Allocation,% توزيع التكلفة,
'Verification Link Expiry Duration' must be between 15 to 60 minutes.,يجب أن تكون 'مدة صلاحية رابط التحقق' بين 15 و 60 دقيقة.,
+ Add Price,+ إضافة سعر,
1 invoice,فاتورة واحدة,
"<div id=""stock-levels-placeholder""></div>","<div id=""stock-levels-placeholder""></div>",
"<div id=\""item-prices-container\""></div>","<div id=\""item-prices-container\""></div>",
"<div style=""margin-bottom:10px; color: var(--gray-500) !important;"">Define alternate units for this item. Eg: 1 Box = 12 Nos, set conversion factor as 12. (Will also apply for variants) <a href=""https://docs.frappe.io/erpnext/uom"" target=""_blank"">Learn more &#8594;</a></div>","<div style=""margin-bottom:10px; color: var(--gray-500)!important;"">حدد وحدات قياس بديلة لهذا الصنف. مثال: 1 صندوق = 12 حبة، عيّن معامل التحويل 12. (ينطبق أيضًا على المتغيرات) <a href=""https://docs.frappe.io/erpnext/uom"" target=""_blank"">تعرّف على المزيد</a></div>",
A Period Closing Voucher is already submitted and an Opening Entry can no longer be created. {0} to learn more.,سند إقفال الفترة مُرحّل بالفعل ولا يمكن إنشاء قيد افتتاحي بعد الآن. {0} لمعرفة المزيد.,
A disabled Product Bundle cannot be selected in transactions.,لا يمكن اختيار حزمة منتجات معطّلة في المعاملات.,
A few quick questions so we can set things up the way you work.,بضعة أسئلة سريعة حتى نجهّز الأمور بالطريقة التي تعمل بها.,
A little about you,نبذة عنك,
A new fiscal year has been automatically created.,تم إنشاء سنة مالية جديدة تلقائيًا.,
A quality inspection must be completed before generating a Delivery Note for this item.,يجب إكمال فحص الجودة قبل إنشاء إشعار تسليم لهذا الصنف.,
A quality inspection must be completed before generating a Purchase Receipt for this item.,يجب إكمال فحص الجودة قبل إنشاء إيصال شراء لهذا الصنف.,
A verified appointment cannot be moved back to 'Unverified' status.,لا يمكن إعادة موعد تم التحقق منه إلى حالة 'غير مُتحقَّق'.,
AP Summary,ملخص الحسابات الدائنة,
AR Summary,ملخص الحسابات المدينة,
Accept Matching Rule,قبول قاعدة المطابقة,
Accept the rule for the selected transaction,قبول القاعدة للمعاملة المحددة,
Accepting the suggestion will reconcile both transactions.,قبول الاقتراح سيؤدي إلى تسوية المعاملتين.,
Account / customer numbers assigned to your companies by this supplier (for reconciliation on their statements),أرقام الحسابات / العملاء التي خصصها هذا المورد لشركاتك (للتسوية على كشوفاتهم),
Account company does not match with the rule company.,شركة الحساب لا تطابق شركة القاعدة.,
Account is required,الحساب مطلوب,
Account to record additional purchase expenses like freight or customs for this item,الحساب الذي تُسجَّل فيه مصروفات الشراء الإضافية كالشحن أو الجمارك لهذا الصنف,
Account where cost of goods sold will be posted when this item is sold,الحساب الذي ستُرحَّل إليه تكلفة البضاعة المباعة عند بيع هذا الصنف,
Account where revenue from selling this item will be credited,الحساب الذي سيُقيَّد فيه إيراد بيع هذا الصنف دائنًا,
Account where the cost of this item will be debited on purchase,الحساب الذي ستُقيَّد فيه تكلفة هذا الصنف مدينًا عند الشراء,
Accounting Onboarding,تهيئة المحاسبة,
Accounting Period cannot be created for a future date. End Date {0} is after today.,لا يمكن إنشاء فترة محاسبية لتاريخ مستقبلي. تاريخ النهاية {0} بعد اليوم.,
Accounts Receivable / Payable remarks length,طول ملاحظات الحسابات المدينة / الدائنة,
Accounts Setup,إعداد الحسابات,
Action for Expired Unverified Appointments,الإجراء للمواعيد غير المتحقَّق منها المنتهية الصلاحية,
Action if Quality Inspection is not submitted,الإجراء في حال عدم ترحيل فحص الجودة,
Action if Quality Inspection is rejected,الإجراء في حال رفض فحص الجودة,
Action if same rate is not maintained,الإجراء في حال عدم الحفاظ على نفس السعر,
Action if same rate is not maintained throughout internal transaction,الإجراء في حال عدم الحفاظ على نفس السعر طوال المعاملة الداخلية,
Action if same rate is not maintained throughout sales cycle,الإجراء في حال عدم الحفاظ على نفس السعر طوال دورة المبيعات,
Activate Serial / Batch No for Item,تفعيل الرقم التسلسلي / رقم الدفعة للصنف,
Add Row,إضافة صف,
Add Rule,إضافة قاعدة,
Add a charge to the payment entry with the difference amount,إضافة رسم إلى قيد الدفع بمبلغ الفرق,
Add a charge to the payment entry with the unallocated amount,إضافة رسم إلى قيد الدفع بالمبلغ غير المخصص,
Add a row with the difference amount,إضافة صف بمبلغ الفرق,
Add all accounts that you want to split the transaction into.,أضف جميع الحسابات التي تريد تقسيم المعاملة إليها.,
Additional Costs (as per BOM),التكاليف الإضافية (حسب قائمة المواد),
Additional Finished Good,منتج نهائي إضافي,
Advance Booking Days is mandatory for Appointment Scheduling.,أيام الحجز المسبق إلزامية لجدولة المواعيد.,
Advanced Features,ميزات متقدمة,
"After save, please refresh the page to apply the changes.",بعد الحفظ، يرجى تحديث الصفحة لتطبيق التغييرات.,
Alias,اسم مستعار,
All Parties,جميع الأطراف,
All active prices for this item across buying and selling price lists.,جميع الأسعار الفعّالة لهذا الصنف عبر قوائم أسعار الشراء والبيع.,
All invoices and orders for this customer will be created in this currency.,ستُنشأ جميع فواتير وطلبات هذا العميل بهذه العملة.,
All picked items have already been transferred against this Pick List,جميع الأصناف المنتقاة تم تحويلها بالفعل مقابل قائمة الانتقاء هذه,
Allocate Full Amount to Stock Items,تخصيص كامل المبلغ لأصناف المخزون,
Allow Item to be added multiple times in a transaction,السماح بإضافة الصنف عدة مرات في المعاملة الواحدة,
Allow Quotation with zero quantity,السماح بعرض سعر بكمية صفرية,
Allow Sales Order creation for expired Quotation,السماح بإنشاء أمر بيع لعرض سعر منتهي الصلاحية,
Allow Sales Order with zero quantity,السماح بأمر بيع بكمية صفرية,
Allow UOM with conversion rate defined in Item,السماح بوحدة قياس بمعامل تحويل محدد في الصنف,
Allow delivery of overproduced quantity,السماح بتسليم الكمية المنتجة الزائدة,
Allow editing Price List rate in transactions,السماح بتعديل سعر قائمة الأسعار في المعاملات,
Allow internal transfers at user-defined rate,السماح بالتحويلات الداخلية بسعر يحدده المستخدم,
Allow multiple Sales Orders against a customer's Purchase Order,السماح بأوامر بيع متعددة مقابل أمر شراء العميل الواحد,
Allow negative rates for Items,السماح بأسعار سالبة للأصناف,
Allow negative stock,السماح بالمخزون السالب,
Allow negative stock for Batch,السماح بالمخزون السالب للدفعة,
Allow partial reservation,السماح بالحجز الجزئي,
Allow purchase invoice creation without purchase order,السماح بإنشاء فاتورة شراء بدون أمر شراء,
Allow purchase invoice creation without purchase receipt,السماح بإنشاء فاتورة شراء بدون إيصال شراء,
Allow sales invoice creation without delivery note,السماح بإنشاء فاتورة مبيعات بدون إشعار تسليم,
Allow sales invoice creation without sales order,السماح بإنشاء فاتورة مبيعات بدون أمر بيع,
Allow sales transactions with zero quantities if the rate is fixed but the quantities are not. e.g. Rate Contracts,السماح بمعاملات مبيعات بكميات صفرية إذا كان السعر ثابتًا والكميات غير محددة، مثل عقود الأسعار,
Allow same Item to be added multiple times in a transaction,السماح بإضافة نفس الصنف عدة مرات في المعاملة الواحدة,
"Allow stock to go below zero for this item, even if negative stock is disabled in Stock Settings.",السماح للمخزون بالنزول تحت الصفر لهذا الصنف، حتى لو كان المخزون السالب معطّلًا في إعدادات المخزون.,
Allow substituting this item with an alternative from the Item Alternative list when stock is unavailable.,السماح باستبدال هذا الصنف ببديل من قائمة بدائل الصنف عند عدم توفر المخزون.,
Allow this item to be used in purchase transactions.,السماح باستخدام هذا الصنف في معاملات الشراء.,
Allow this item to be used in sales transactions.,السماح باستخدام هذا الصنف في معاملات البيع.,
Allow to edit stock UOM qty for Purchase documents,السماح بتعديل كمية وحدة قياس المخزون لمستندات الشراء,
Allow to edit stock UOM qty for Sales documents,السماح بتعديل كمية وحدة قياس المخزون لمستندات البيع,
Allow to edit stock UOM qty for Stock Entry,السماح بتعديل كمية وحدة قياس المخزون لقيد المخزون,
Allow to make Quality Inspection after Purchase / Delivery,السماح بإجراء فحص الجودة بعد الشراء / التسليم,
Allowed DocTypes,أنواع المستندات المسموح بها,
Allowed Users,المستخدمون المسموح لهم,
Allowed Users is not required as Frappe CRM is already installed on the site.,المستخدمون المسموح لهم غير مطلوبين لأن Frappe CRM مثبّت بالفعل على الموقع.,
Allowed Users is required for data synchronization from remote Frappe CRM site.,المستخدمون المسموح لهم مطلوبون لمزامنة البيانات من موقع Frappe CRM البعيد.,
Allowed to transact with,مسموح بالتعامل مع,
Already Imported,تم الاستيراد بالفعل,
Alt UOM,وحدة قياس بديلة,
Alternative For Item,بديل للصنف,
"Amount column has ""CR""/""DR"" values","عمود المبلغ يحتوي على قيم ""CR""/""DR""",
Amount column has positive/negative values,عمود المبلغ يحتوي على قيم موجبة/سالبة,
Amount does not match the selected transaction,المبلغ لا يطابق المعاملة المحددة,
Amount matches the selected transaction,المبلغ يطابق المعاملة المحددة,
Amount {0} {1} adjusted against {2} {3},المبلغ {0} {1} تمت تسويته مقابل {2} {3},
Amount {0} {1} as adjustment to {2},المبلغ {0} {1} كتسوية لـ {2},
An appointment booked through the portal can only be opened via email verification.,الموعد المحجوز عبر البوابة لا يمكن فتحه إلا عبر التحقق بالبريد الإلكتروني.,
An email will be sent to notify the User with the role 'Purchase Manager' when an automatic Material Request is created.,سيُرسل بريد إلكتروني لإشعار المستخدم صاحب دور 'مدير المشتريات' عند إنشاء طلب مواد تلقائي.,
Any,أي,
Any debit transaction with the keyword 'Bank Fee'.,أي معاملة مدينة تحمل الكلمة المفتاحية 'رسوم بنكية'.,
Applicable on POS Invoice,ينطبق على فاتورة نقطة البيع,
Applies to deposits,ينطبق على الإيداعات,
Applies to withdrawals,ينطبق على السحوبات,
Applies to withdrawals and deposits,ينطبق على السحوبات والإيداعات,
"Applying a Discount Amount? When this Sales Order is partially fulfilled through multiple Delivery Notes and Sales Invoices, the Discount Amount is allocated on a FIFO basis. The earlier transactions receive a larger share of the discount. To spread the discount proportionally across item prices, use Additional Discount Percentage instead.",هل تطبّق مبلغ خصم؟ عندما يُنفَّذ أمر البيع هذا جزئيًا عبر عدة إشعارات تسليم وفواتير مبيعات، يُوزَّع مبلغ الخصم على أساس الوارد أولًا يُصرف أولًا. تحصل المعاملات الأسبق على حصة أكبر من الخصم.,
Appointment Booking Portal Settings,إعدادات بوابة حجز المواعيد,
Appointment Confirmed,تم تأكيد الموعد,
Appointment Scheduling,جدولة المواعيد,
Appointment Scheduling needs to be enabled for Appointment Booking through portal.,يجب تفعيل جدولة المواعيد لحجز المواعيد عبر البوابة.,
Appointment can only be scheduled up to {0} day(s) in advance.,لا يمكن جدولة الموعد إلا قبل {0} يومًا كحد أقصى.,
Appointment cannot be scheduled for a past time.,لا يمكن جدولة الموعد في وقت ماضٍ.,
Appointment cannot be scheduled on a holiday.,لا يمكن جدولة الموعد في يوم عطلة.,
Appointment has been closed. Please book the appointment again.,تم إغلاق الموعد. يرجى حجز الموعد مرة أخرى.,
Appointment is already verified.,تم التحقق من الموعد بالفعل.,
Appointment must be scheduled within the available slot timings.,يجب جدولة الموعد ضمن أوقات الفترات المتاحة.,
Appointments created manually cannot have 'Unverified' status.,المواعيد المنشأة يدويًا لا يمكن أن تكون بحالة 'غير مُتحقَّق'.,
Are you sure you want to cancel this {} {}?,هل أنت متأكد من رغبتك في إلغاء {} {}؟,
Are you sure you want to unmatch the voucher from this transaction?,هل أنت متأكد من رغبتك في إلغاء مطابقة السند مع هذه المعاملة؟,
Are you sure you want to unreconcile this transaction?,هل أنت متأكد من رغبتك في إلغاء تسوية هذه المعاملة؟,
As of {0},كما في {0},Do MMM YYYY
Assets Setup,إعداد الأصول,
Attribute Value {0} is not valid for the selected attribute {1}.,قيمة الخاصية {0} غير صالحة للخاصية المحددة {1}.,
Attribute {0} is disabled.,الخاصية {0} معطّلة.,
Attribute {0} is not valid for the selected template.,الخاصية {0} غير صالحة للقالب المحدد.,
Auto Reconciliation job trigger,مُطلِق مهمة التسوية التلقائية,
Auto Repost Incorrect Valuation Entries (Weekly),إعادة ترحيل قيود التقييم غير الصحيحة تلقائيًا (أسبوعيًا),
Auto Reposting of Incorrect Valuation,إعادة الترحيل التلقائي للتقييم غير الصحيح,
Auto User Creation Error,خطأ في إنشاء المستخدم التلقائي,
Auto create Purchase Receipt,إنشاء إيصال شراء تلقائيًا,
Auto create Serial and Batch Bundle for outward,إنشاء حزمة الرقم التسلسلي والدفعة تلقائيًا للصادر,
Auto create Subcontracting Order,إنشاء أمر تعاقد من الباطن تلقائيًا,
Auto create assets on purchase,إنشاء الأصول تلقائيًا عند الشراء,
Auto insert Item Price if missing,إدراج سعر الصنف تلقائيًا إذا كان مفقودًا,
Auto reconcile Payments,تسوية المدفوعات تلقائيًا,
Auto reserve Serial and Batch Nos,حجز الأرقام التسلسلية وأرقام الدفعات تلقائيًا,
Auto reserve Stock for Sales Order on Purchase,حجز المخزون تلقائيًا لأمر البيع عند الشراء,
Auto reserve stock,حجز المخزون تلقائيًا,
Automatically add Taxes and Charges from Item Tax Template,إضافة الضرائب والرسوم تلقائيًا من قالب ضريبة الصنف,
Automatically add taxes from Taxes and Charges Template,إضافة الضرائب تلقائيًا من قالب الضرائب والرسوم,
Automatically fetch Payment Terms from Order/Quotation,جلب شروط الدفع تلقائيًا من الطلب/عرض السعر,
Automatically process deferred Accounting entry,معالجة القيود المحاسبية المؤجلة تلقائيًا,
Automatically run rules on unreconciled transactions,تشغيل القواعد تلقائيًا على المعاملات غير المسوّاة,
BOM Component,مكوّن قائمة المواد,
BOM Configuration,تكوين قائمة المواد,
BOM Creator Item with name {0} does not exist,صنف مُنشئ قائمة المواد بالاسم {0} غير موجود,
BOM Output,مخرجات قائمة المواد,
BOM Secondary Item,الصنف الثانوي لقائمة المواد,
BOM Secondary Item Reference,مرجع الصنف الثانوي لقائمة المواد,
BOM Stock Analysis,تحليل مخزون قائمة المواد,
Backflush raw materials of subcontract based on,إعادة صرف المواد الخام للتعاقد من الباطن بناءً على,
Balance Qty (Alt UOM),كمية الرصيد (وحدة قياس بديلة),
Balance Sheet requires {0} to be synced to DuckDB,تتطلب الميزانية العمومية مزامنة {0} مع DuckDB,
Balances as per bank statement before {0},الأرصدة حسب كشف الحساب البنكي قبل {0},Do MMM YYYY
Bank Account Balance,رصيد الحساب البنكي,
"Bank Charges, Salary, etc.",رسوم بنكية، رواتب، إلخ.,
Bank Entries Created,تم إنشاء القيود البنكية,
Bank Entry Created,تم إنشاء القيد البنكي,
Bank Entry Type,نوع القيد البنكي,
"Bank Fee, Salary, etc.",رسوم بنكية، رواتب، إلخ.,
Bank Reconciliation,التسوية البنكية,
Bank Statement,كشف الحساب البنكي,
Bank Statement Balance as per General Ledger,رصيد كشف الحساب البنكي حسب دفتر الأستاذ العام,
Bank Statement Import Log,سجل استيراد كشف الحساب البنكي,
Bank Statement Import Log Column Map,خريطة أعمدة سجل استيراد كشف الحساب البنكي,
Bank Transaction Rule,قاعدة المعاملات البنكية,
Bank Transaction Rule Accounts,حسابات قاعدة المعاملات البنكية,
Bank Transaction Rule Description Conditions,شروط وصف قاعدة المعاملات البنكية,
Bank Transactions,المعاملات البنكية,
Bank account credit for withdrawal,قيد الحساب البنكي دائنًا للسحب,
Bank account debit for deposit,قيد الحساب البنكي مدينًا للإيداع,
Bank statement imported.,تم استيراد كشف الحساب البنكي.,
Base Cost (Company Currency),التكلفة الأساسية (بعملة الشركة),
"Based on the above entries, the balance amount (debit or credit) will be set for the last row to balance the journal entry.",بناءً على القيود أعلاه، سيُعيَّن مبلغ الرصيد (مدين أو دائن) للصف الأخير لموازنة قيد اليومية.,
Batch Item settings,إعدادات صنف الدفعات,
Batch number will be auto-created in format AAAA.00001 if not specified in transactions. Leave blank to always enter batch numbers manually.,سيُنشأ رقم الدفعة تلقائيًا بالصيغة AAAA.00001 إذا لم يُحدَّد في المعاملات. اتركه فارغًا لإدخال أرقام الدفعات يدويًا دائمًا.,
Batch number will be created based on expiry date. Expiry dates can be set in the Batch master.,سيُنشأ رقم الدفعة بناءً على تاريخ الانتهاء. يمكن تعيين تواريخ الانتهاء في سجل الدفعات الرئيسي.,
Below is a list of all accounting entries posted against the bank account {0} between {1} and {2}.,فيما يلي قائمة بجميع القيود المحاسبية المرحّلة مقابل الحساب البنكي {0} بين {1} و {2}.,
Below is a list of all bank transactions imported in the system for the bank account {0} between {1} and {2}.,فيما يلي قائمة بجميع المعاملات البنكية المستوردة في النظام للحساب البنكي {0} بين {1} و {2}.,
Below is a list of all entries posted against the bank account {0} which have not been cleared till {1}.,فيما يلي قائمة بجميع القيود المرحّلة مقابل الحساب البنكي {0} التي لم تُسوَّ حتى {1}.,
Bill for rejected quantity in Purchase Invoice,الفوترة عن الكمية المرفوضة في فاتورة الشراء,
Bin Values Recalculated,تمت إعادة احتساب قيم المخازن,
Blanket Orders,الأوامر الشاملة,
Block a new Sales Invoice when the customer's overdue amount exceeds the Overdue Limit set on the customer.,حظر إنشاء فاتورة مبيعات جديدة عندما يتجاوز المبلغ المتأخر على العميل حد التأخر المعيّن على العميل.,
"Blocks all further accounting entries on this customer's account. Only users with the frozen-entries role can override.
","يحظر جميع القيود المحاسبية الإضافية على حساب هذا العميل. يمكن فقط للمستخدمين ذوي دور القيود المجمّدة التجاوز.
",
Blocks this customer from being used on any new transaction.,يمنع استخدام هذا العميل في أي معاملة جديدة.,
Book Asset Depreciation entry automatically,تسجيل قيد إهلاك الأصول تلقائيًا,
Book Deferred entries based on,تسجيل القيود المؤجلة بناءً على,
Book deferred entries via Journal Entry,تسجيل القيود المؤجلة عبر قيد اليومية,
Book tax loss on early payment discount,تسجيل خسارة الضريبة على خصم السداد المبكر,
Budget Variance,انحراف الموازنة,
"Budget cannot be assigned against {0}, as its Root Type is not of Income or Expense",لا يمكن إسناد موازنة مقابل {0} لأن نوعه الجذري ليس إيرادًا أو مصروفًا,
Bulk Bank Entry,قيد بنكي جماعي,
Bulk Payment,دفع جماعي,
Bulk Transfer,تحويل جماعي,
Buy & Sell,شراء وبيع,
Buying Setup,إعداد المشتريات,
By-Product,منتج ثانوي,
Bypass credit limit check at sales order,تجاوز فحص حد الائتمان عند أمر البيع,
COA Importer,مستورد شجرة الحسابات,
Calculate Product Bundle price based on child Item's rates,احتساب سعر حزمة المنتجات بناءً على أسعار الأصناف الفرعية,
Calculated Bank Statement Balance,رصيد كشف الحساب البنكي المحتسب,
Cancelled Job Card cannot be processed.,لا يمكن معالجة بطاقة عمل ملغاة.,
Cannot change Item {0} from serialized to non-serialized because a Serial and Batch Bundle exists for it. Please delete or cancel the Serial and Batch Bundle first.,لا يمكن تغيير الصنف {0} من مسلسل إلى غير مسلسل لوجود حزمة رقم تسلسلي ودفعة له. يرجى حذف أو إلغاء حزمة الرقم التسلسلي والدفعة أولًا.,
Cannot create Intercompany {0}. All items in the source {1} have already been fully invoiced. Please check the existing linked {2}s.,لا يمكن إنشاء {0} بين الشركات. جميع الأصناف في المصدر {1} تمت فوترتها بالكامل بالفعل. يرجى مراجعة سجلات {2} المرتبطة الحالية.,
"Cannot disable Serial and Batch No for Item, as there are existing records for serial / batch.",لا يمكن تعطيل الرقم التسلسلي ورقم الدفعة للصنف لوجود سجلات حالية للتسلسل / الدفعات.,
Cannot disable {0} as it may lead to incorrect stock valuation.,لا يمكن تعطيل {0} لأنه قد يؤدي إلى تقييم مخزون غير صحيح.,
Cannot disassemble {0} qty against Stock Entry {1}. Only {2} qty available to disassemble.,لا يمكن تفكيك كمية {0} مقابل قيد المخزون {1}. تتوفر كمية {2} فقط للتفكيك.,
Cannot enable Opportunity creation from Contact Us because the Contact Us form is disabled.,لا يمكن تفعيل إنشاء الفرص من نموذج اتصل بنا لأن نموذج اتصل بنا معطّل.,
Cannot fetch selected rows for submitted Payment Request,لا يمكن جلب الصفوف المحددة لطلب دفع مرحّل,
Cannot select a Group type Customer Group. Please select a non-group Customer Group.,لا يمكن اختيار مجموعة عملاء من نوع مجموعة. يرجى اختيار مجموعة عملاء ليست مجموعة.,
Cannot set quantity less than delivered quantity.,لا يمكن تعيين كمية أقل من الكمية المسلَّمة.,
Cannot set quantity less than received quantity.,لا يمكن تعيين كمية أقل من الكمية المستلمة.,
Cannot submit Job Card {0} while it is On Hold. Please resume and complete the job before submission.,لا يمكن ترحيل بطاقة العمل {0} أثناء كونها معلّقة. يرجى استئناف العمل وإكماله قبل الترحيل.,
Cannot update rate as item {0} is already ordered or purchased against this quotation,لا يمكن تحديث السعر لأن الصنف {0} تم طلبه أو شراؤه مسبقاً مقابل عرض السعر هذا,
"Changing the account in any transaction of the DocTypes listed below will trigger a repost. To prevent reposting, remove the relevant DocType from the list.",سيؤدي تغيير الحساب في أي حركة من أنواع المستندات المدرجة أدناه إلى إعادة الترحيل. لمنع إعادة الترحيل، أزل نوع المستند المعني من القائمة.,
Check Supplier invoice number uniqueness,التحقق من عدم تكرار رقم فاتورة المورّد,
Check if this tax is not applicable to items (distinct from 0% rate),حدّد إن كانت هذه الضريبة غير قابلة للتطبيق على الأصناف (بخلاف النسبة 0%),
Checks and Deposits incorrectly cleared,تمت تسوية الشيكات والإيداعات بشكل غير صحيح,
Cheque/Reference Number,رقم الشيك/المرجع,
Classify As,تصنيف كـ,
"Classify the type of market this customer belongs to, used for sales analysis and targeting.",تصنيف نوع السوق الذي ينتمي إليه هذا العميل، ويُستخدم في تحليل المبيعات والاستهداف.,
Clear Last Scanned Warehouse,مسح آخر مستودع تم مسحه ضوئياً,
Clearance date updated,تم تحديث تاريخ التسوية,
Cleared,تمت التسوية,
Click to pay in full.,اضغط للدفع بالكامل.,
Click to set the closing balance as per statement,اضغط لتعيين الرصيد الختامي وفقاً لكشف الحساب,
Click to set this as the header row.,اضغط لتعيين هذا كصف الترويسة.,
Closing Balance as of {},الرصيد الختامي كما في {},Do MMMM YYYY
Closing Balance as per statement,الرصيد الختامي وفقاً لكشف الحساب,
Closing Balance as per system,الرصيد الختامي وفقاً للنظام,
Closing balance as per system,الرصيد الختامي وفقاً للنظام,
Closing balance deleted.,تم حذف الرصيد الختامي.,
Closing balance is required.,الرصيد الختامي إلزامي.,
Closing balance on bank statement as of {0},الرصيد الختامي في كشف الحساب البنكي كما في {0},Do MMM YYYY
Closing balance set.,تم تعيين الرصيد الختامي.,
Co-Product,منتج مشترك,
Column Mapping,مطابقة الأعمدة,
Commission paid to the Sales Partner on transactions with this customer.,العمولة المدفوعة لشريك المبيعات على المعاملات مع هذا العميل.,
Company Address is missing. You don't have permission to create an Address. Please contact your System Manager.,عنوان الشركة مفقود. لا تملك صلاحية إنشاء عنوان. يرجى التواصل مع مدير النظام.,
Company is required,الشركة مطلوبة,
Company or Personal Email is mandatory when 'Create User Automatically' is enabled,البريد الإلكتروني للشركة أو الشخصي إلزامي عند تفعيل 'إنشاء المستخدم تلقائياً',
Company {0} is not in South Africa.,الشركة {0} ليست في جنوب أفريقيا.,
Complete Match,مطابقة كاملة,
Components,المكوّنات,
Configure Accounts,تهيئة الحسابات,
Configure Accounts for Bank Entry,تهيئة الحسابات للقيد البنكي,
Configure Bank Accounts,تهيئة الحسابات البنكية,
Configure Chart of Accounts,تهيئة شجرة الحسابات,
Configure Series,تهيئة التسلسلات,
Configure match filters for vouchers,تهيئة عوامل تصفية المطابقة للسندات,
Configure rules to save time when reconciling transactions.,تهيئة القواعد لتوفير الوقت عند تسوية المعاملات.,
Configure settings for the banking module,تهيئة إعدادات الوحدة البنكية,
Conflicting Transactions,معاملات متعارضة,
Consolidated Report,تقرير موحّد,
Consume Components,استهلاك المكوّنات,
Contains,يحتوي على,
Controls how raw materials are consumed during the ‘Manufacture’ stock entry.,يتحكم في كيفية استهلاك المواد الخام أثناء قيد مخزون 'التصنيع'.,
Controls which tax template is auto-applied when this customer is selected on a transaction.,يحدد قالب الضريبة الذي يُطبَّق تلقائياً عند اختيار هذا العميل في المعاملة.,
Convert Item description to clean HTML in transactions,تحويل وصف الصنف إلى HTML نظيف في المعاملات,
Copied to clipboard,تم النسخ إلى الحافظة,
Copy Attachments to Transaction,نسخ المرفقات إلى المعاملة,
Cost Allocation,تخصيص التكلفة,
Cost Allocation %,% تخصيص التكلفة,
Cost Allocation / Process Loss,تخصيص التكلفة / فاقد العملية,
Cost Center Validation Error,خطأ في التحقق من مركز التكلفة,
Cost Center is required,مركز التكلفة مطلوب,
Cost allocation between finished goods and secondary items should equal 100%,يجب أن يساوي تخصيص التكلفة بين المنتجات التامة والأصناف الثانوية 100%,
Cost center used for tracking purchase expenses for this item,مركز التكلفة المستخدم لتتبع مصروفات الشراء لهذا الصنف,
Cost center used for tracking sales revenue for this item,مركز التكلفة المستخدم لتتبع إيرادات المبيعات لهذا الصنف,
"Could not detect any tables in this PDF. It may be a scanned or image-based statement, which is not supported (no OCR).",تعذّر اكتشاف أي جداول في ملف PDF هذا. قد يكون كشف حساب ممسوحاً ضوئياً أو قائماً على صورة، وهو غير مدعوم (لا يوجد تعرّف ضوئي على الحروف).,
Could not re-extract the table.,تعذّرت إعادة استخراج الجدول.,
Could not save the column mapping.,تعذّر حفظ مطابقة الأعمدة.,
Could not save the table settings.,تعذّر حفظ إعدادات الجدول.,
Could not update the header row.,تعذّر تحديث صف الترويسة.,
Create Asset Category,إنشاء فئة أصل,
Create Asset Item,إنشاء صنف أصل,
Create Asset Location,إنشاء موقع أصل,
Create Bank Entry against,إنشاء قيد بنكي مقابل,
Create Bill of Materials,إنشاء قائمة المواد,
Create Customer,إنشاء عميل,
Create Delivery Note,إنشاء إشعار تسليم,
Create Existing Asset,إنشاء أصل قائم,
Create Finished Good,إنشاء منتج تام,
Create Finished Goods,إنشاء منتجات تامة,
Create Item,إنشاء صنف,
Create New {0},إنشاء {0} جديد,
Create Operation,إنشاء عملية,
Create Operations,إنشاء عمليات,
Create Payment Request,إنشاء طلب دفع,
Create Project,إنشاء مشروع,
Create Purchase Invoice,إنشاء فاتورة شراء,
Create Purchase Receipt,إنشاء إيصال شراء,
Create Raw Material,إنشاء مادة خام,
Create Raw Materials,إنشاء مواد خام,
Create Service Item,إنشاء صنف خدمة,
Create Subcontracted Item,إنشاء صنف متعاقد عليه من الباطن,
Create Subcontracting Order,إنشاء أمر تعاقد من الباطن,
Create Subcontracting PO,إنشاء أمر شراء التعاقد من الباطن,
Create Subcontracting Purchase Order,إنشاء أمر شراء للتعاقد من الباطن,
Create Supplier,إنشاء مورّد,
Create Task,إنشاء مهمة,
Create Tasks,إنشاء مهام,
Create Transfer Entry,إنشاء قيد تحويل,
Create User Automatically,إنشاء المستخدم تلقائياً,
Create Warehouses,إنشاء مستودعات,
Create Work Order,إنشاء أمر عمل,
"Create a journal entry for expenses, income or split transactions",إنشاء قيد يومية للمصروفات أو الإيرادات أو المعاملات المقسّمة,
Create a new entry based on the rule,إنشاء قيد جديد بناءً على القاعدة,
Create a new rule to automatically classify transactions.,إنشاء قاعدة جديدة لتصنيف المعاملات تلقائياً.,
Create delivery note,إنشاء إشعار تسليم,
Create payment requests in Draft status,إنشاء طلبات الدفع بحالة مسودة,
Create supplier,إنشاء مورّد,
Created through Portal,أُنشئ عبر البوابة,
"Creates a User account for this employee using the Preferred, Company, or Personal email.",ينشئ حساب مستخدم لهذا الموظف باستخدام البريد المفضّل أو بريد الشركة أو البريد الشخصي.,
Creates a single grouped asset instead of individual assets when purchased in bulk.,ينشئ أصلاً مجمّعاً واحداً بدلاً من أصول منفردة عند الشراء بكميات كبيرة.,
Creates an Item Price automatically when the item is saved,ينشئ سعر صنف تلقائياً عند حفظ الصنف,
Creating Return of Components ...,جارٍ إنشاء إرجاع المكوّنات...,
Creating demo data,جارٍ إنشاء البيانات التجريبية,
Credit & Overdue Limits,حدود الائتمان والتأخر في السداد,
Credits,الأرصدة الدائنة,
Current tier based on accumulated points. Updated automatically on each invoice.,الفئة الحالية بناءً على النقاط المتراكمة. تُحدَّث تلقائياً عند كل فاتورة.,
Custom Remark,ملاحظة مخصصة,
Customer Ledger,دفتر أستاذ العميل,
Data fetch method,طريقة جلب البيانات,
Debit/Credit,مدين/دائن,
Debits,الأرصدة المدينة,
Deduction Certificate,شهادة الخصم,
Default price list for buying or selling this item,قائمة الأسعار الافتراضية لشراء هذا الصنف أو بيعه,
Defines the date after which the item can no longer be used in transactions or manufacturing,يحدد التاريخ الذي لا يمكن بعده استخدام الصنف في المعاملات أو التصنيع,
"Defines when payment is due (e.g. Net 30, 50% advance). Applied automatically on invoices for this customer.",يحدد موعد استحقاق الدفع (مثل صافي 30، 50% مقدماً). يُطبَّق تلقائياً على فواتير هذا العميل.,
Delete Accounting and Stock Ledger entries on deletion of transaction,حذف قيود المحاسبة ودفتر أستاذ المخزون عند حذف المعاملة,
Delete Demo Data,حذف البيانات التجريبية,
Delete Permanently,حذف نهائي,
Delete all the Transactions for {0},حذف جميع المعاملات الخاصة بـ {0},
Deleting closing balance...,جارٍ حذف الرصيد الختامي...,
Deleting rule...,جارٍ حذف القاعدة...,
Deliver (Dropship),تسليم (شحن مباشر),
Deliver secondary Items,تسليم الأصناف الثانوية,
Delivered Qty cannot be increased by more than {0} for item {1},لا يمكن زيادة الكمية المسلَّمة بأكثر من {0} للصنف {1},
Delivered Qty cannot be reduced by more than {0} for item {1},لا يمكن تخفيض الكمية المسلَّمة بأكثر من {0} للصنف {1},
Delivered by Supplier,تم التسليم بواسطة المورّد,
Demo Data creation failed.,أخفق إنشاء البيانات التجريبية.,
Demo data creation failed. Check notifications for more info.,أخفق إنشاء البيانات التجريبية. راجع الإشعارات لمزيد من المعلومات.,
Description Rules,قواعد الوصف,
Detected Amount Format,صيغة المبلغ المكتشفة,
Detected Date Format,صيغة التاريخ المكتشفة,
Detected Header Index,فهرس الترويسة المكتشف,
Detected Tables,الجداول المكتشفة,
Detected Transaction Ending Index,فهرس نهاية المعاملات المكتشف,
Detected Transaction Starting Index,فهرس بداية المعاملات المكتشف,
Determine Address Tax Category from,تحديد فئة ضريبة العنوان من,
Determines which tax rules apply to this supplier,يحدد قواعد الضريبة التي تنطبق على هذا المورّد,
Disable Opening Balance Calculation,تعطيل احتساب الرصيد الافتتاحي,
Disable Serial No and Batch selector,تعطيل محدّد الرقم التسلسلي والدفعة,
Disable last purchase rate,تعطيل سعر آخر عملية شراء,
Disabled Bank Account,حساب بنكي معطّل,
Disabled items cannot be selected in any transaction.,لا يمكن اختيار الأصناف المعطّلة في أي معاملة.,
Disabled suppliers are hidden from selection in new transactions but remain in historical records,المورّدون المعطّلون مخفيون من الاختيار في المعاملات الجديدة لكنهم يبقون في السجلات التاريخية,
Disassemble Qty cannot be less than or equal to 0.,لا يمكن أن تكون كمية التفكيك أقل من أو تساوي 0.,
Display & Data Formatting,العرض وتنسيق البيانات,
Do Not Use Batchwise Valuation,عدم استخدام التقييم على مستوى الدفعة,
Do not fetch incoming rate from Serial No,عدم جلب سعر الوارد من الرقم التسلسلي,
Do not import,عدم الاستيراد,
Do not update Serial / Batch on creation of auto bundle,عدم تحديث الرقم التسلسلي/الدفعة عند إنشاء الحزمة التلقائية,
Do not use Batch-wise Valuation,عدم استخدام التقييم على مستوى الدفعة,
DocType can be one of them {0},يمكن أن يكون نوع المستند أحد هذه {0},
Document No,رقم المستند,
Don't reserve Sales Order qty on sales return,عدم حجز كمية أمر البيع عند مرتجع المبيعات,
"Drag a box to move it, or drag a corner to resize. The table is re-read from the new region automatically.",اسحب المربع لتحريكه، أو اسحب إحدى الزوايا لتغيير الحجم. تتم إعادة قراءة الجدول من المنطقة الجديدة تلقائياً.,
"Drop a file here, or click to select a file",أفلت ملفاً هنا، أو اضغط لاختيار ملف,
"Drop some files here, or click to select files",أفلت بعض الملفات هنا، أو اضغط لاختيار ملفات,
Dunning Letter for Dunning Type {0} in language '{1}' not found.,لم يتم العثور على خطاب المطالبة لنوع المطالبة {0} باللغة '{1}'.,
Dunning Letter for Dunning Type {0} not found.,لم يتم العثور على خطاب المطالبة لنوع المطالبة {0}.,
Duplicate Payment Schedule selected,تم اختيار جدول دفع مكرر,
Duplicate languages found on Dunning Letter Text. Keep only one of them.,تم العثور على لغات مكررة في نص خطاب المطالبة. أبقِ واحدة منها فقط.,
ERPNext,ERPNext,
ERPNext will make a stock ledger entry for each transaction of this item. Keep unchecked for non-stock or service items.,سينشئ ERPNext قيد دفتر أستاذ مخزون لكل حركة لهذا الصنف. اتركه غير محدد للأصناف غير المخزنية أو أصناف الخدمات.,
Edit this rule,تعديل هذه القاعدة,
Elapsed Time,الوقت المنقضي,
Email Verified,تم التحقق من البريد الإلكتروني,
Email is required to create a user,البريد الإلكتروني مطلوب لإنشاء مستخدم,
Email is required to create a user.,البريد الإلكتروني مطلوب لإنشاء مستخدم.,
Employee is required,الموظف مطلوب,
Employee {0} already has a linked user,الموظف {0} لديه مستخدم مرتبط بالفعل,
Employee {0} not found,الموظف {0} غير موجود,
Enable <b>{0}</b> on the Item master to proceed with {1} inspection.,فعّل <b>{0}</b> في بطاقة الصنف للمتابعة في فحص {1}.,
Enable Appointment Booking Through Portal,تفعيل حجز المواعيد عبر البوابة,
Enable Frappe CRM Data Synchronization,تفعيل مزامنة بيانات Frappe CRM,
Enable Opportunity Creation from Contact Us,تفعيل إنشاء الفرص من نموذج 'اتصل بنا',
Enable Separate Reposting for GL,تفعيل إعادة ترحيل منفصلة لدفتر الأستاذ العام,
Enable Serial / Batch Bundle,تفعيل حزمة الرقم التسلسلي/الدفعة,
Enable Subscription,تفعيل الاشتراك,
Enable Subscription tracking in invoice,تفعيل تتبع الاشتراك في الفاتورة,
Enable automatic party matching,تفعيل المطابقة التلقائية للأطراف,
Enable cut-off date on creating bulk Delivery Notes,تفعيل تاريخ القطع عند إنشاء إشعارات تسليم بالجملة,
Enable discount accounting for selling,تفعيل محاسبة الخصم للبيع,
Enable for drop shipping - supplier delivers directly to the customer without passing through your warehouse.,فعّله للشحن المباشر - يسلّم المورّد مباشرةً إلى العميل دون المرور عبر مستودعك.,
Enable for raw material items used in BOM. Uncheck for additional services like 'washing' used in manufacturing.,فعّله لأصناف المواد الخام المستخدمة في قائمة المواد. ألغِ التحديد للخدمات الإضافية مثل 'الغسيل' المستخدمة في التصنيع.,
Enable if a vendor manufactures this item for you. You can choose to provide them raw materials using the default BOM.,فعّله إذا كان أحد المورّدين يصنّع هذا الصنف لك. يمكنك اختيار تزويده بالمواد الخام باستخدام قائمة المواد الافتراضية.,
Enable if this item is a company asset like machinery or furniture.,فعّله إذا كان هذا الصنف أصلاً من أصول الشركة مثل الآلات أو الأثاث.,
Enable if this item is provided by a customer and received via Stock Entry.,فعّله إذا كان هذا الصنف مقدَّماً من العميل ومستلماً عبر قيد المخزون.,
Enable party name/description fuzzy matching,تفعيل المطابقة التقريبية لاسم/وصف الطرف,
Enable stock reservation,تفعيل حجز المخزون,
Enable this if you are experiencing issues with the new budget controller. Uses the older budget validation logic,فعّل هذا الخيار إن كنت تواجه مشكلات مع وحدة التحكم الجديدة بالموازنة. يستخدم منطق التحقق القديم للموازنة,
"Enable this option to permit the use of negative rates for items in sales transactions. This setting is useful for applying substantial discounts, processing refunds or returns, and handling special promotional pricing.",فعّل هذا الخيار للسماح باستخدام أسعار سالبة للأصناف في معاملات المبيعات. يفيد هذا الإعداد في تطبيق خصومات كبيرة، ومعالجة المبالغ المستردة أو المرتجعات، والتعامل مع التسعير الترويجي الخاص.,
Enable this to block transactions where the selling price is less than the purchase or valuation rate,فعّل هذا الخيار لمنع المعاملات التي يقل فيها سعر البيع عن سعر الشراء أو سعر التقييم,
Enable to make this supplier selectable as a transporter on Delivery Notes and Stock Entries,فعّله لجعل هذا المورّد قابلاً للاختيار كناقل في إشعارات التسليم وقيود المخزون,
Enable to reserve a small sample from each batch for any analysis arising ahead,فعّله لحجز عينة صغيرة من كل دفعة لأي تحليل قد يلزم لاحقاً,
"Enabling this will do the following:
<ul style=""padding-left:16px"">
<li>Make the rate column of all Packed/Bundle Items tables editable.</li>
<li>Calculate the prices of all <a href=""/desk/product-bundle"" rel=""noopener noreferrer"">Product Bundles</a> in the Items table, based on the prices of its child Items, specified in the Packed/Bundle Items table. </li>
</ul>
Note: If this is enabled, updating the rate of the Product Bundle in the Items table will not change its price. It will get reset to the price based on its Child Items on saving the doc.","سيؤدي تفعيل هذا الخيار إلى ما يلي:
<ul style=""padding-left:16px"">
<li>جعل عمود السعر في جميع جداول الأصناف المعبأة/المجمّعة قابلاً للتعديل.</li>
<li>احتساب أسعار جميع <a href=""/desk/product-bundle"" rel=""noopener noreferrer"">حزم المنتجات</a> في جدول الأصناف، بناءً على أسعار أصنافها الفرعية المحددة في جدول الأصناف المعبأة/المجمّعة. </li>
</ul>
ملاحظة: عند تفعيل هذا الخيار، لن يؤدي تحديث سعر حزمة المنتج في جدول الأصناف إلى تغيير سعرها. سيُعاد ضبطه إلى السعر المبني على أصنافها الفرعية عند حفظ المستند.",
Ends With,ينتهي بـ,
Ends with,ينتهي بـ,
Enter the Item Code that this customer uses at their end. This will be shown in Sales Orders for the customer's reference.,أدخل رمز الصنف الذي يستخدمه هذا العميل لديه. سيظهر في أوامر البيع لمرجعية العميل.,
Enter the closing balance you see in your bank statement for {0} as of the {1},أدخل الرصيد الختامي الظاهر في كشف حسابك البنكي لـ {0} كما في {1},Do MMM YYYY
Entries below have a posting date after {0} but the clearance date is before {1}.,القيود أدناه لها تاريخ ترحيل بعد {0} لكن تاريخ التسوية قبل {1}.,
Error uploading attachments,خطأ في رفع المرفقات,
"Example: If the transaction amount is 200, then this will be calculated as {} = {}",مثال: إذا كان مبلغ المعاملة 200، فسيُحتسب هذا كالتالي {} = {},
Excess Disassembly,تفكيك زائد,
Excess Material Transfer,تحويل مواد زائد,
Existing transactions in the system belonging to the same bank account and date range,المعاملات القائمة في النظام التي تخص الحساب البنكي والنطاق الزمني نفسه,
Expense for this item will be recognized over a period of months. Eg: prepaid insurance or annual software license,سيتم الاعتراف بمصروف هذا الصنف على مدى عدة أشهر. مثال: التأمين المدفوع مقدماً أو ترخيص برمجي سنوي,
FG Items to Make,المنتجات التامة المطلوب تصنيعها,
FX Revaluation,إعادة تقييم العملات الأجنبية,
Failed to create demo data,أخفق إنشاء البيانات التجريبية,
Failed to delete closing balance.,أخفق حذف الرصيد الختامي.,
Failed to delete rule.,أخفق حذف القاعدة.,
Failed to personalize your setup,أخفقت تهيئة إعداداتك الشخصية,
Failed to run rules evaluation,أخفق تشغيل تقييم القواعد,
Failed to set defaults,أخفق تعيين القيم الافتراضية,
Failed to update auto classify transactions settings,أخفق تحديث إعدادات التصنيف التلقائي للمعاملات,
Failed to update rule priorities,أخفق تحديث أولويات القواعد,
Failed to update subscription status for {0} {1},أخفق تحديث حالة الاشتراك لـ {0} {1},
Feedback Template,قالب الملاحظات,
Fetch Payment Schedule in Payment Request,جلب جدول الدفع في طلب الدفع,
Fetch valuation rate for internal Transaction,جلب سعر التقييم للمعاملة الداخلية,
Fetched automatically on sales orders and invoices for this customer.,يُجلب تلقائياً في أوامر البيع والفواتير الخاصة بهذا العميل.,
Fieldname Conflict,تعارض في اسم الحقل,
Fieldname {0} already exists in the following doctypes: {1}. A separate dimension field will not be added to these doctypes. GL Entries will use the value of the existing field as the dimension value.,اسم الحقل {0} موجود بالفعل في أنواع المستندات التالية: {1}. لن يُضاف حقل بُعد منفصل إلى أنواع المستندات هذه. ستستخدم قيود دفتر الأستاذ العام قيمة الحقل الموجود كقيمة للبُعد.,
Filter by amount,التصفية حسب المبلغ,
"Finished good quantity being consumed ({0} in stock UOM) must equal the quantity to disassemble ({1}). Do not change the UOM, conversion factor or quantity of the finished good row.",يجب أن تساوي كمية المنتج التام المستهلكة ({0} بوحدة قياس المخزون) الكمية المطلوب تفكيكها ({1}). لا تغيّر وحدة القياس أو معامل التحويل أو الكمية في صف المنتج التام.,
Fiscal Year Details,تفاصيل السنة المالية,
"For PDF statements, we auto-detect the tables on each page. You can then confirm each detected table, map its columns, and exclude anything that is not transactions (e.g. ads or summaries). Password-protected PDFs are supported - the password is saved on the bank account and reused.",بالنسبة لكشوف الحساب بصيغة PDF، نكتشف الجداول تلقائياً في كل صفحة. يمكنك بعد ذلك تأكيد كل جدول مكتشف، ومطابقة أعمدته، واستبعاد أي شيء ليس معاملات (مثل الإعلانات أو الملخصات). ملفات PDF المحمية بكلمة مرور مدعومة - وتُحفظ كلمة المرور على الحساب البنكي ويُعاد استخدامها.,
"For example, if set to 4, the system will try to find matching transactions in other banks 4 days before and after the transaction date. This is because transactions can clear on different days on different bank accounts.",على سبيل المثال، إذا تم التعيين إلى 4، سيحاول النظام العثور على معاملات مطابقة في بنوك أخرى قبل تاريخ المعاملة بأربعة أيام وبعده. ويرجع ذلك إلى أن المعاملات قد تُسوَّى في أيام مختلفة على حسابات بنكية مختلفة.,
"For example, if set to 4, the system will try to find matching transfer transactions in other banks 4 days before and after the transaction date. This is because transactions can clear on different days on different bank accounts.",على سبيل المثال، إذا تم التعيين إلى 4، سيحاول النظام العثور على معاملات تحويل مطابقة في بنوك أخرى قبل تاريخ المعاملة بأربعة أيام وبعده. ويرجع ذلك إلى أن المعاملات قد تُسوَّى في أيام مختلفة على حسابات بنكية مختلفة.,
"For legacy serial nos, do not fetch incoming rate from serial no and calculate it based on the inward transaction",بالنسبة للأرقام التسلسلية القديمة، لا تجلب سعر الوارد من الرقم التسلسلي واحتسبه بناءً على حركة الإدخال,
"For project - {0}, update your status",للمشروع - {0}، حدّث حالتك,
Force Clear,تسوية إجبارية,
Force Clear Voucher,تسوية إجبارية للسند,
Force evaluate all,فرض تقييم الكل,
"Force re-evaluate all unreconciled transactions, even if they were previously evaluated",فرض إعادة تقييم جميع المعاملات غير المسوّاة، حتى إن سبق تقييمها,
Frappe CRM,Frappe CRM,
Frappe CRM Allowed User,مستخدم مصرَّح له في Frappe CRM,
Frappe CRM data synchronization is not enabled on ERPNext. Contact System Manager of ERPNext.,مزامنة بيانات Frappe CRM غير مفعّلة في ERPNext. تواصل مع مدير النظام في ERPNext.,
Freeze stocks older than (days),تجميد المخزون الأقدم من (أيام),
From Date cannot be greater than To Date.,لا يمكن أن يكون تاريخ البداية بعد تاريخ النهاية.,
Frozen suppliers block ledger entries until unfrozen. Use this to temporarily lock accounting activity without disabling the supplier.,المورّدون المجمَّدون تُمنع قيود دفتر الأستاذ الخاصة بهم حتى يُلغى التجميد. استخدم هذا لتعليق النشاط المحاسبي مؤقتاً دون تعطيل المورّد.,
GL Account,حساب دفتر الأستاذ العام,
General Ledger remarks length,طول ملاحظات دفتر الأستاذ العام,
General Ledger requires {0} to be synced to DuckDB,يتطلب دفتر الأستاذ العام مزامنة {0} إلى DuckDB,
General information about your Supplier,معلومات عامة عن المورّد,
Get Secondary Items,جلب الأصناف الثانوية,
Get around the system quickly with keyboard shortcuts,تنقّل في النظام بسرعة باستخدام اختصارات لوحة المفاتيح,
Getting Secondary Items,جارٍ جلب الأصناف الثانوية,
Go to <a href='/banking/statement-importer' target='_blank' style='text-decoration: underline;'>Bank Statement Importer</a> in the Banking module to use this importer.,انتقل إلى <a href='/banking/statement-importer' target='_blank' style='text-decoration: underline;'>مستورد كشوف الحساب البنكي</a> في وحدة الأعمال البنكية لاستخدام هذا المستورد.,
Go to Desktop,الانتقال إلى سطح المكتب,
Go to the <a href='/banking' target='_blank' style='text-decoration: underline;'>Banking module</a> to setup this rule.,انتقل إلى <a href='/banking' target='_blank' style='text-decoration: underline;'>وحدة الأعمال البنكية</a> لإعداد هذه القاعدة.,
Grand Total (Company Currency,الإجمالي الكلي (عملة الشركة,
Grand Total must match sum of Payment References,يجب أن يطابق الإجمالي الكلي مجموع مراجع الدفع,
Have default Naming Series for Batch ID?,هل يوجد تسلسل تسمية افتراضي لمعرّف الدفعة؟,
Header Text,نص الترويسة,
Hide Customer's Tax ID from sales transactions,إخفاء الرقم الضريبي للعميل من معاملات المبيعات,
Holiday List - {0} is not valid for current date.,قائمة العطل - {0} غير صالحة للتاريخ الحالي.,
How big is the team?,ما حجم الفريق؟,
How many units of the final product this BOM makes.,عدد وحدات المنتج النهائي التي تنتجها قائمة المواد هذه.,
How often should project be updated of Total Purchase Cost ?,كم مرة يجب تحديث المشروع بإجمالي تكلفة الشراء؟,
How often should sales data be updated in Company/Project?,كم مرة يجب تحديث بيانات المبيعات في الشركة/المشروع؟,
"If a party cannot be matched by account number or IBAN, the system will try fuzzy matching using the party name and transaction description.",إذا تعذّرت مطابقة الطرف برقم الحساب أو الآيبان، سيحاول النظام المطابقة التقريبية باستخدام اسم الطرف ووصف المعاملة.,
"If checked, journal entries made using bank reconciliation will be of type ""Credit Card Entry""","عند التحديد، ستكون قيود اليومية المُنشأة عبر التسوية البنكية من نوع ""قيد بطاقة ائتمان""",
"If checked, the entire amount (e.g. Freight) is allocated to the valuation of stock & asset items only. If unchecked, the amount is distributed across all items and the portion belonging to non-stock items is not added to valuation.",عند التحديد، يُخصَّص المبلغ بالكامل (مثل الشحن) لتقييم أصناف المخزون والأصول فقط. وعند عدم التحديد، يُوزَّع المبلغ على جميع الأصناف ولا يُضاف الجزء الخاص بالأصناف غير المخزنية إلى التقييم.,
"If checked, updates inventory; stock and accounting entries are created together. Leave unchecked if a Delivery Note is created separately.",عند التحديد، يُحدَّث المخزون؛ وتُنشأ قيود المخزون والمحاسبة معاً. اتركه غير محدد إذا كان إشعار التسليم يُنشأ بشكل منفصل.,
"If checked, updates inventory; stock and accounting entries are created together. Leave unchecked if a Purchase Receipt is created separately.",عند التحديد، يُحدَّث المخزون؛ وتُنشأ قيود المخزون والمحاسبة معاً. اتركه غير محدد إذا كان إيصال الشراء يُنشأ بشكل منفصل.,
"If enabled, a weekly scheduler scans the Stock Ledger Variance for item-warehouses with incorrect valuation in the current financial year and auto-creates Item & Warehouse based reposts to fix them.",عند التفعيل، يفحص مجدول أسبوعي تباين دفتر أستاذ المخزون بحثاً عن الأصناف/المستودعات ذات التقييم غير الصحيح في السنة المالية الحالية، وينشئ تلقائياً عمليات إعادة ترحيل على مستوى الصنف والمستودع لتصحيحها.,
"If enabled, rule matching algorithm will run every hour",عند التفعيل، ستعمل خوارزمية مطابقة القواعد كل ساعة,
"If enabled, sales from this item will be included in Sales Person and Sales Partner commission calculations",عند التفعيل، ستُدرج مبيعات هذا الصنف في احتساب عمولة مندوب المبيعات وشريك المبيعات,
"If enabled, the Secondary Items generated against a Finished Good will also be added in the Stock Entry when delivering that Finished Good.",عند التفعيل، ستُضاف الأصناف الثانوية المتولّدة مقابل منتج تام إلى قيد المخزون أيضاً عند تسليم ذلك المنتج التام.,
"If enabled, the item rate won't adjust to the valuation rate during internal transfers, but accounting will still use the valuation rate. This will allow the user to specify a different rate for printing or taxation purposes.",عند التفعيل، لن يُعدَّل سعر الصنف ليطابق سعر التقييم أثناء التحويلات الداخلية، لكن المحاسبة ستظل تستخدم سعر التقييم. يتيح ذلك للمستخدم تحديد سعر مختلف لأغراض الطباعة أو الضرائب.,
"If enabled, the system will allow negative stock entries for the batch. But, this may lead to incorrect valuation rates, so it is recommended to avoid using this option. The system will permit negative stock only when it is caused by backdated entries and will validate and block negative stock in all other cases.",عند التفعيل، سيسمح النظام بقيود مخزون سالبة للدفعة. لكن قد يؤدي ذلك إلى أسعار تقييم غير صحيحة، لذا يُنصح بتجنب استخدام هذا الخيار. سيسمح النظام بالمخزون السالب فقط عندما ينتج عن قيود بتواريخ سابقة، وسيتحقق ويمنع المخزون السالب في جميع الحالات الأخرى.,
"If enabled, the system will allow negative stock entries for this batch, overriding the 'Allow negative stock for Batch' setting in Stock Settings. This may lead to incorrect valuation rates, so it is recommended to avoid using this option.",عند التفعيل، سيسمح النظام بقيود مخزون سالبة لهذه الدفعة، متجاوزاً إعداد 'السماح بالمخزون السالب للدفعة' في إعدادات المخزون. قد يؤدي ذلك إلى أسعار تقييم غير صحيحة، لذا يُنصح بتجنب استخدام هذا الخيار.,
"If enabled, users must enter Serial No. / Batch data manually instead of using the selector dialog.",عند التفعيل، يجب على المستخدمين إدخال بيانات الرقم التسلسلي/الدفعة يدوياً بدلاً من استخدام نافذة المحدّد.,
"If no Item Price is found for an item in the Price List set in the transaction, prices from the Default Price List will be fetched.",إذا لم يُعثر على سعر صنف في قائمة الأسعار المحددة في المعاملة، فستُجلب الأسعار من قائمة الأسعار الافتراضية.,
"If party does not exist, create it using the Customer Name field.",إذا لم يكن الطرف موجوداً، فأنشئه باستخدام حقل اسم العميل.,
"If party does not exist, create it using the Supplier Name field.",إذا لم يكن الطرف موجوداً، فأنشئه باستخدام حقل اسم المورّد.,
"If rule matches, then:",إذا طابقت القاعدة، عندئذٍ:,
"If set, accounting entries for this customer will post to these accounts instead of the company default.",عند التعيين، ستُرحَّل القيود المحاسبية لهذا العميل إلى هذه الحسابات بدلاً من الحسابات الافتراضية للشركة.,
"If you still want to proceed, please disable '{0}' checkbox.",إذا كنت لا تزال ترغب في المتابعة، يرجى إلغاء تحديد خانة '{0}'.,
"If your bank statement shows a different closing balance, it is because all transactions have not reconciled yet.",إذا كان كشف حسابك البنكي يُظهر رصيداً ختامياً مختلفاً، فذلك لأن جميع المعاملات لم تُسوَّ بعد.,
Ignore Account closing balance,تجاهل الرصيد الختامي للحساب,
Import Bank Statement,استيراد كشف الحساب البنكي,
Import Employees,استيراد الموظفين,
"Import template should be of type .csv, .xlsx, .xls or .pdf",يجب أن يكون قالب الاستيراد من نوع.csv أو.xlsx أو.xls أو.pdf,
Import your bank statement to get started.,استورد كشف حسابك البنكي للبدء.,
Import {0} transactions,استيراد {0} معاملة,
Imported On,تاريخ الاستيراد,
Importing Code Lists from remote URLs is not allowed.,استيراد قوائم الرموز من روابط بعيدة غير مسموح به.,
Importing {0} transactions,جارٍ استيراد {0} معاملة,
Importing...,جارٍ الاستيراد...,
"In Minutes (min: 15 mins, max: 60 mins)",بالدقائق (الحد الأدنى: 15 دقيقة، الحد الأقصى: 60 دقيقة),
"In this case, the amount will be calculated as 25% of the transaction amount. If the transaction amount is 200, then this will be calculated as 200 * 0.25 = 50.",في هذه الحالة، سيُحتسب المبلغ بنسبة 25% من مبلغ المعاملة. فإذا كان مبلغ المعاملة 200، فسيُحتسب كالتالي 200 * 0.25 = 50.,
Include,تضمين,
Income Account Validation Error,خطأ في التحقق من حساب الإيرادات,
Income from this item will be recognized over a period of months instead of all at once. Eg: annual subscription paid upfront.,سيتم الاعتراف بإيراد هذا الصنف على مدى عدة أشهر بدلاً من مرة واحدة. مثال: اشتراك سنوي مدفوع مقدماً.,
Incorrect Account,حساب غير صحيح,
Incorrect Company,شركة غير صحيحة,
Incorrect Stock Asset Account in {0},حساب أصل مخزون غير صحيح في {0},
Incorrectly Cleared Entries,قيود مسوّاة بشكل غير صحيح,
Incorrectly cleared entries as per the report.,القيود المسوّاة بشكل غير صحيح وفقاً للتقرير.,
Internal Supplier Details,تفاصيل المورّد الداخلي,
Internal Transfer Rules,قواعد التحويل الداخلي,
Internal notes about this customer. Not visible on transactions or the portal.,ملاحظات داخلية عن هذا العميل. لا تظهر في المعاملات أو البوابة.,
Invalid Accounting Dimension,بُعد محاسبي غير صالح,
Invalid Attribute Values,قيم خصائص غير صالحة,
Invalid Bank Account,حساب بنكي غير صالح,
Invalid Customer Group,مجموعة عملاء غير صالحة,
Invalid Disassembly Item,صنف تفكيك غير صالح,
Invalid Disassembly Quantity,كمية تفكيك غير صالحة,
Invalid Document Type {0},نوع مستند غير صالح {0},
Invalid File Type,نوع ملف غير صالح,
Invalid Tree Type {0},نوع شجرة غير صالح {0},
Invalid Upload,رفع غير صالح,
Invalid debit/credit formula: {0},صيغة مدين/دائن غير صالحة: {0},
Invalid regex pattern.,نمط تعبير نمطي غير صالح.,
Invalid value {0} for 'Based On',قيمة غير صالحة {0} لـ 'بناءً على',
Invalid value {0} for 'Doctype',قيمة غير صالحة {0} لـ 'نوع المستند',
Invite Users,دعوة المستخدمين,
Invoice No,رقم الفاتورة,
Inward Order,أمر وارد,
Is Credit Card,بطاقة ائتمان,
Is Delivery Note required to create Sales Invoice?,هل إشعار التسليم مطلوب لإنشاء فاتورة المبيعات؟,
Is Legacy,قديم,
Is Legacy Scrap Item,صنف خردة قديم,
Is Purchase Order required for Purchase Invoice & Receipt creation?,هل أمر الشراء مطلوب لإنشاء فاتورة الشراء وإيصال الشراء؟,
Is Purchase Receipt required for Purchase Invoice creation?,هل إيصال الشراء مطلوب لإنشاء فاتورة الشراء؟,
Is Rule Evaluated,هل تم تقييم القاعدة,
Is Sales Order required to create Sales Invoice/Delivery Note?,هل أمر البيع مطلوب لإنشاء فاتورة المبيعات/إشعار التسليم؟,
Issue a debit note against an existing Sales Invoice to adjust the rate. The quantity will be retained from the original invoice.,أصدر إشعار خصم مقابل فاتورة مبيعات قائمة لتعديل السعر. سيتم الاحتفاظ بالكمية من الفاتورة الأصلية.,
It takes into account all the transactions that have been posted and subtracts the transactions that have not cleared yet.,يأخذ في الاعتبار جميع المعاملات المرحَّلة ويطرح المعاملات التي لم تُسوَّ بعد.,
It's all good!,كل شيء على ما يرام!,
Item Attributes,خصائص الصنف,
Item Price added for {0} in Price List - {1},تمت إضافة سعر الصنف لـ {0} في قائمة الأسعار - {1},
Item Price created at rate {0},تم إنشاء سعر الصنف بالسعر {0},
Item Where Used,أماكن استخدام الصنف,
Item Wise Consumption,الاستهلاك حسب الصنف,
Item rates have been updated based on the selected Buying Price List {0},تم تحديث أسعار الأصناف بناءً على قائمة أسعار الشراء المحددة {0},
Item with name {0} not found in the Purchase Order,الصنف المسمى {0} غير موجود في أمر الشراء,
Item {0} has no changes in delivered quantity. Please unselect the row if you do not wish to update its quantity.,الصنف {0} لا توجد به تغييرات في الكمية المسلَّمة. يرجى إلغاء تحديد الصف إن لم ترغب في تحديث كميته.,
Item {0} is not a drop ship item. Only drop ship items can have Delivered Qty updated.,الصنف {0} ليس صنف شحن مباشر. الأصناف ذات الشحن المباشر فقط يمكن تحديث كميتها المسلَّمة.,
Item {0} is not a template item.,الصنف {0} ليس صنفاً قالبياً.,
Item-wise sales Register,سجل المبيعات حسب الصنف,
Items To Be Received,الأصناف المطلوب استلامها,
Job Card On Hold,بطاقة العمل معلّقة,
Job Card Secondary Item,صنف ثانوي لبطاقة العمل,
Journal Template Accounts,حسابات قالب اليومية,
Last Fiscal Year,السنة المالية السابقة,
Last Synced Transaction,آخر معاملة تمت مزامنتها,
Learn Asset,تعرّف على الأصول,
Learn Subcontracting,تعرّف على التعاقد من الباطن,
Leave blank to use the password already saved for this bank account (if any). It is stored encrypted and reused for future statements.,اتركه فارغاً لاستخدام كلمة المرور المحفوظة مسبقاً لهذا الحساب البنكي (إن وُجدت). تُخزَّن مشفَّرة ويُعاد استخدامها لكشوف الحساب المستقبلية.,
Ledgers Posted,دفاتر الأستاذ المرحَّلة,
Loyalty scheme this customer earns points under. Auto-assigned if a matching program exists.,برنامج الولاء الذي يكسب هذا العميل النقاط بموجبه. يُخصَّص تلقائياً إن وُجد برنامج مطابق.,
Maintain same rate throughout internal Transaction,الحفاظ على السعر نفسه طوال المعاملة الداخلية,
Maintain same rate throughout sales cycle,الحفاظ على السعر نفسه طوال دورة المبيعات,
Maintain same rate throughout the purchase  cycle,الحفاظ على السعر نفسه طوال دورة الشراء,
Make a call,إجراء مكالمة,
Mandatory Depends On (Backend),إلزامي بناءً على (الواجهة الخلفية),
Manufacturing Setup,إعداد التصنيع,
Maps To,يُطابق إلى,
Mark as Closed,وضع علامة كمغلق,
Mark if this customer represents an internal company. Enables inter-company transactions.,حدّد إن كان هذا العميل يمثّل شركة داخلية. يتيح ذلك المعاملات بين الشركات.,
Match,مطابقة,
Match and Reconcile,المطابقة والتسوية,
Match or Create,مطابقة أو إنشاء,
Match transfers within 'N' days,مطابقة التحويلات خلال 'N' يوماً,
Matched,تمت المطابقة,
Matched Transaction Rule,قاعدة المعاملة المطابقة,
Matched by rule,تمت المطابقة بواسطة قاعدة,
Matching Rules,قواعد المطابقة,
Material Planning,تخطيط المواد,
Material Request already created for the ordered quantity,تم إنشاء طلب مواد بالفعل للكمية المطلوبة,
Materials To Be Transferred,المواد المطلوب تحويلها,
Maximum Amount,الحد الأقصى للمبلغ,
Maximum Producible Items,الحد الأقصى للأصناف القابلة للإنتاج,
"Maximum discount % allowed when selling this item. Eg: if set to 20%, a discount greater than 20% cannot be applied in sales transactions.",أقصى نسبة خصم مسموح بها عند بيع هذا الصنف. مثال: إذا تم التعيين إلى 20%، فلا يمكن تطبيق خصم أكبر من 20% في معاملات المبيعات.,
Merge similar Account Heads,دمج رؤوس الحسابات المتشابهة,
Messaging CRM Campaign,حملة المراسلة في إدارة علاقات العملاء,
Method {0} is not allowed to be run on a Job Card.,لا يُسمح بتشغيل الطريقة {0} على بطاقة العمل.,
Min amount cannot be greater than max amount.,لا يمكن أن يكون الحد الأدنى للمبلغ أكبر من الحد الأقصى.,
Minimum Amount,الحد الأدنى للمبلغ,
"Minimum quantity should be as per Stock UOM

","يجب أن تكون الكمية الدنيا وفقاً لوحدة قياس المخزون

",
Minimum stock level to maintain as a buffer. Used to calculate recommended reorder level: Reorder Level = Safety Stock + (Average Daily Consumption × Lead Time).,الحد الأدنى لمستوى المخزون الواجب الاحتفاظ به كاحتياطي. يُستخدم لاحتساب مستوى إعادة الطلب الموصى به: مستوى إعادة الطلب = مخزون الأمان + (متوسط الاستهلاك اليومي × مدة التوريد).,
Missing Dependency,تبعية مفقودة,
Missing Parameter,معامل مفقود,
Missing Required Filter,عامل تصفية مطلوب مفقود,
Missing Warehouse,مستودع مفقود,
Most Customers have a unique Tax ID that is fetched into selling transactions. Enable this setting if you do not want Customer Tax IDs to appear in sales transactions.,معظم العملاء لديهم رقم ضريبي فريد يُجلب إلى معاملات البيع. فعّل هذا الإعداد إن كنت لا ترغب في ظهور الأرقام الضريبية للعملاء في معاملات المبيعات.,
Multiple Accounts,حسابات متعددة,
Multiple Accounts (Journal Template),حسابات متعددة (قالب اليومية),
Naming Series options,خيارات تسلسل التسمية,
Negative Batch Report,تقرير الدفعات السالبة,
Negative Stock,مخزون سالب,
New Fiscal Year - {0},سنة مالية جديدة - {0},
New Rule,قاعدة جديدة,
New Sales Invoices are blocked when the customer's overdue amount exceeds this. Requires 'Restrict Customer Over Billing' in Accounts Settings.,تُمنع فواتير المبيعات الجديدة عندما يتجاوز المبلغ المتأخر على العميل هذا الحد. يتطلب تفعيل 'تقييد الفوترة الزائدة للعميل' في إعدادات الحسابات.,
No Match,لا توجد مطابقة,
No Tables Detected,لم تُكتشف جداول,
No account set,لم يتم تعيين حساب,
No accounts configured,لا توجد حسابات مهيأة,
No accounts found.,لم يتم العثور على حسابات.,
No active item prices found.,لم يتم العثور على أسعار أصناف نشطة.,
No availability of slots are found. Please add on Appointment Booking Settings.,لا توجد أوقات متاحة. يرجى الإضافة في إعدادات حجز المواعيد.,
No bank accounts found,لم يتم العثور على حسابات بنكية,
No bank statements imported yet,لم تُستورد كشوف حساب بنكية بعد,
No bank transactions found,لم يتم العثور على معاملات بنكية,
No company found.,لم يتم العثور على شركة.,
No entries found,لم يتم العثور على قيود,
No entries with a payment document in this list.,لا توجد قيود بمستند دفع في هذه القائمة.,
No file uploaded or URL provided.,لم يُرفع ملف ولم يُقدَّم رابط.,
No invoice linked,لا توجد فاتورة مرتبطة,
No of Items to Repost,عدد الأصناف المطلوب إعادة ترحيلها,
No page image is available for this page.,لا تتوفر صورة لهذه الصفحة.,
No reconciliation actions found,لم يتم العثور على إجراءات تسوية,
No results found.,لم يتم العثور على نتائج.,
No rows to display.,لا توجد سجلات للعرض.,
No rules setup yet,لم تُعد أي قواعد بعد,
No stock available for this batch.,لا يوجد مخزون متاح لهذه الدفعة.,
No tables were extracted from this PDF.,لم تُستخرج أي جداول من ملف PDF هذا.,
No transaction selected,لم يتم اختيار معاملة,
No transactions found for the given filters.,لم يتم العثور على معاملات لعوامل التصفية المحددة.,
No unreconciled transactions found,لم يتم العثور على معاملات غير مسوّاة,
No vouchers found for this transaction,لم يتم العثور على سندات لهذه المعاملة,
Non-phantom BOM cannot be created for non-stock item {0}.,لا يمكن إنشاء قائمة مواد غير وهمية للصنف غير المخزني {0}.,
Normal Balances,الأرصدة الطبيعية,
Not Cleared,لم تتم التسوية,
Not Reconciled,غير مسوّى,
Notify by email on creation of automatic Material Request,الإشعار بالبريد الإلكتروني عند إنشاء طلب مواد تلقائي,
Number of Transactions,عدد المعاملات,
Number of days to consider for matching transfers across bank accounts,عدد الأيام التي تؤخذ في الاعتبار لمطابقة التحويلات بين الحسابات البنكية,
Number of days to match transfers,عدد أيام مطابقة التحويلات,
Numbers this customer uses to identify your company in their own system.,الأرقام التي يستخدمها هذا العميل للتعريف بشركتك في نظامه الخاص.,
On hold,معلّق,
Onboarding for Stock!,التهيئة الأولية للمخزون!,
Only if the PDF is password protected,فقط إذا كان ملف PDF محمياً بكلمة مرور,
"Only works for Purchase Receipt, Purchase Invoice and Stock Entry",يعمل فقط مع إيصال الشراء وفاتورة الشراء وقيد المخزون,
Open the settings dialog,فتح نافذة الإعدادات,
Open {0} in a new tab,فتح {0} في تبويب جديد,
Opening Invoice Tool,أداة الفواتير الافتتاحية,
Opening Purchase Invoice(s) have been created.,تم إنشاء فاتورة/فواتير شراء افتتاحية.,
Opening Sales Invoice(s) have been created.,تم إنشاء فاتورة/فواتير مبيعات افتتاحية.,
Opening Stock entry created with zero valuation rate: {0},تم إنشاء قيد مخزون افتتاحي بسعر تقييم صفري: {0},
Opening Stock entry created: {0},تم إنشاء قيد مخزون افتتاحي: {0},
Optional. Select a specific manufacture entry to reverse.,اختياري. اختر قيد تصنيع محدداً لعكسه.,
Outstanding Checks and Deposits to clear,الشيكات والإيداعات المستحقة للتسوية,
Outward Order,أمر صادر,
Over Order Allowance (%),نسبة السماح بتجاوز الطلب (%),
Over Picking Allowance (%),نسبة السماح بتجاوز الانتقاء (%),
Overdue Limit,حد التأخر في السداد,
Overdue Limit Crossed,تم تجاوز حد التأخر في السداد,
Overdue Limit crossed for customer {0}. Overdue amount {1} exceeds the allowed limit {2}.,تم تجاوز حد التأخر في السداد للعميل {0}. المبلغ المتأخر {1} يتجاوز الحد المسموح به {2}.,
Override the default payable / advance accounts on a per-company basis. Leave blank to use each company's defaults from Company settings.,تجاوز الحسابات الافتراضية للدائنين/الدفعات المقدمة على مستوى كل شركة. اتركه فارغاً لاستخدام القيم الافتراضية لكل شركة من إعدادات الشركة.,
PCV Job Timeout (seconds),مهلة مهمة سند إقفال الفترة (بالثواني),
PDF Password,كلمة مرور ملف PDF,
PDF Tables,جداول PDF,
PDF statement support requires the 'pdfplumber' library to be installed.,يتطلب دعم كشوف الحساب بصيغة PDF تثبيت مكتبة 'pdfplumber'.,
POS,نقطة البيع,
Page preview,معاينة الصفحة,
Paid From,مدفوع من,
Paid From (GL Account),مدفوع من (حساب دفتر الأستاذ العام),
Paid To,مدفوع إلى,
Paid To (GL Account),مدفوع إلى (حساب دفتر الأستاذ العام),
Paid to,مدفوع إلى,
Partial Match,مطابقة جزئية,
Partially Transferred,تم التحويل جزئياً,
Party Account No.,رقم حساب الطرف,
Party IBAN,آيبان الطرف,
Party ID,معرّف الطرف,
Party Name/Account Holder,اسم الطرف/صاحب الحساب,
Party account is required to create a payment entry.,حساب الطرف مطلوب لإنشاء قيد دفع.,
Party is required,الطرف مطلوب,
Party is required create a payment entry.,الطرف مطلوب لإنشاء قيد دفع.,
Party type is required to create a payment entry.,نوع الطرف مطلوب لإنشاء قيد دفع.,
Password Required,كلمة المرور مطلوبة,
Password used to open password-protected PDF statements for this account. Stored encrypted.,كلمة المرور المستخدمة لفتح كشوف الحساب المحمية بكلمة مرور بصيغة PDF لهذا الحساب. تُخزَّن مشفَّرة.,
Payment Details,تفاصيل الدفع,
Payment Entry Created,تم إنشاء قيد الدفع,
Payment Recorded,تم تسجيل الدفع,
Payment Schedule based Payment Requests cannot be created because a Payment Entry already exists for this document.,لا يمكن إنشاء طلبات دفع مبنية على جدول الدفع لأن هناك قيد دفع موجوداً بالفعل لهذا المستند.,
Payment Schedules,جداول الدفع,
Payment methods refreshed. Please review before proceeding.,تم تحديث طرق الدفع. يرجى المراجعة قبل المتابعة.,
Pending Quantity cannot be greater than {0},لا يمكن أن تكون الكمية المعلّقة أكبر من {0},
Pending Quantity cannot be less than 0,لا يمكن أن تكون الكمية المعلّقة أقل من 0,
Pending quantity cannot be greater than the for quantity.,لا يمكن أن تكون الكمية المعلّقة أكبر من الكمية المستهدفة.,
Pending quantity cannot be negative.,لا يمكن أن تكون الكمية المعلّقة سالبة.,
Per-Company Accounts,الحسابات لكل شركة,
"Per-table extraction data for PDF statements (rows, bbox, page image, column mapping). Edited via the banking app.",بيانات الاستخراج لكل جدول لكشوف الحساب بصيغة PDF (السجلات، الإطار المحيط، صورة الصفحة، مطابقة الأعمدة). تُعدَّل عبر تطبيق الأعمال البنكية.,
"Percentage by which over-billing is allowed against a Sales/Purchase Order for this item. If not set, value from Accounts Settings will be used.",النسبة المئوية المسموح بها للفوترة الزائدة مقابل أمر بيع/شراء لهذا الصنف. إن لم تُحدَّد، ستُستخدم القيمة من إعدادات الحسابات.,
"Percentage by which over-delivery or over-receipt is allowed against a Sales/Purchase Order for this item. If not set, value from Stock Settings will be used.",النسبة المئوية المسموح بها للتسليم الزائد أو الاستلام الزائد مقابل أمر بيع/شراء لهذا الصنف. إن لم تُحدَّد، ستُستخدم القيمة من إعدادات المخزون.,
Permission Denied,تم رفض الصلاحية,
Personalizing your setup,جارٍ تهيئة إعداداتك الشخصية,
Phantom BOM cannot be created for stock item {0}.,لا يمكن إنشاء قائمة مواد وهمية للصنف المخزني {0}.,
Planned End Date cannot be before Planned Start Date,لا يمكن أن يكون تاريخ الانتهاء المخطط قبل تاريخ البدء المخطط,
Please add a valid Holiday List on Appointment Booking Settings.,يرجى إضافة قائمة عطل صالحة في إعدادات حجز المواعيد.,
Please add an account for the Bank Entry rule.,يرجى إضافة حساب لقاعدة القيد البنكي.,
Please add atleast one user on Allowed Users to allow Data Synchronization from Frappe CRM site.,يرجى إضافة مستخدم واحد على الأقل في المستخدمين المصرَّح لهم للسماح بمزامنة البيانات من موقع Frappe CRM.,
Please check the 'Activate Serial and Batch No for Item' checkbox in the {0} to make Serial and Batch Bundle for the item.,يرجى تحديد خانة 'تفعيل الرقم التسلسلي ورقم الدفعة للصنف' في {0} لإنشاء حزمة الرقم التسلسلي والدفعة للصنف.,
Please check your email to confirm the appointment.,يرجى مراجعة بريدك الإلكتروني لتأكيد الموعد.,
Please complete the job first before entering Pending Quantity,يرجى إكمال العمل أولاً قبل إدخال الكمية المعلّقة,
Please configure accounts for the Bank Entry rule.,يرجى تهيئة الحسابات لقاعدة القيد البنكي.,
Please enter a valid Write Off Account,يرجى إدخال حساب شطب صالح,
Please enter a valid Write Off Cost Center,يرجى إدخال مركز تكلفة شطب صالح,
Please fill up the Availability of Slots table to enable Appointment Scheduling.,يرجى تعبئة جدول توفر الأوقات لتفعيل جدولة المواعيد.,
Please make sure you really want to delete all the transactions for {0}. Your master data will remain as it is. This action cannot be undone.,يرجى التأكد من رغبتك فعلاً في حذف جميع المعاملات الخاصة بـ {0}. ستبقى بياناتك الرئيسية كما هي. لا يمكن التراجع عن هذا الإجراء.,
Please review the details below and click the 'Import' button to proceed.,يرجى مراجعة التفاصيل أدناه والضغط على زر 'استيراد' للمتابعة.,
Please review the {0} configuration and complete any required financial setup activities.,يرجى مراجعة تهيئة {0} وإكمال أي أنشطة إعداد مالي مطلوبة.,
Please select a Holiday List to enable Appointment Scheduling.,يرجى اختيار قائمة عطل لتفعيل جدولة المواعيد.,
Please select a bank account to view the bank clearance summary.,يرجى اختيار حساب بنكي لعرض ملخص التسوية البنكية.,
Please select a bank account to view the bank reconciliation statement.,يرجى اختيار حساب بنكي لعرض كشف التسوية البنكية.,
Please select a bank and set the date range,يرجى اختيار بنك وتحديد النطاق الزمني,
Please select a company.,يرجى اختيار شركة.,
Please select at least one attribute value,يرجى اختيار قيمة خاصية واحدة على الأقل,
Please select at least one item to update delivered quantity.,يرجى اختيار صنف واحد على الأقل لتحديث الكمية المسلَّمة.,
Please select at least one schedule.,يرجى اختيار جدول واحد على الأقل.,
Please select dates to view the bank clearance summary.,يرجى اختيار التواريخ لعرض ملخص التسوية البنكية.,
Please select dates to view the bank reconciliation statement.,يرجى اختيار التواريخ لعرض كشف التسوية البنكية.,
Please select the document type first.,يرجى اختيار نوع المستند أولاً.,
Posted On,تاريخ الترحيل,
Posting Date inheritance for exchange gain / loss,توارث تاريخ الترحيل لأرباح/خسائر الصرف,
Posting date does not match the selected transaction,تاريخ الترحيل لا يطابق المعاملة المحددة,
Posting date is required,تاريخ الترحيل مطلوب,
Posting date matches the selected transaction,تاريخ الترحيل يطابق المعاملة المحددة,
Pre-filled on payment entries for this customer. Must be a company account.,يُعبَّأ مسبقاً في قيود الدفع لهذا العميل. يجب أن يكون حساباً للشركة.,
Preferences updated,تم تحديث التفضيلات,
Prevents the automatic reservation of stock quantities from sales orders when processing sales returns.,يمنع الحجز التلقائي لكميات المخزون من أوامر البيع عند معالجة مرتجعات المبيعات.,
Prevents the system from automatically using the rate from the last purchase transaction when creating new purchase orders or transactions.,يمنع النظام من استخدام سعر آخر معاملة شراء تلقائياً عند إنشاء أوامر أو معاملات شراء جديدة.,
Preview Transactions,معاينة المعاملات,
Previous Imports,عمليات الاستيراد السابقة,
Previous Qty,الكمية السابقة,
Prices HTML,HTML الأسعار,
Primary Address Preview,معاينة العنوان الرئيسي,
Process Loss %,% فاقد العملية,
Process loss quantity cannot be negative.,لا يمكن أن تكون كمية فاقد العملية سالبة.,
Product Bundle Component,مكوّن حزمة المنتج,
Product Bundle Parent,الحزمة الأصل للمنتج,
Profit and Loss Statement requires {0} to be synced to DuckDB,يتطلب بيان الأرباح والخسائر مزامنة {0} إلى DuckDB,
Project Management,إدارة المشاريع,
Projects Setup,إعداد المشاريع,
Provisional liability account used for service items before invoice is received,حساب الالتزام المؤقت المستخدم لأصناف الخدمات قبل استلام الفاتورة,
Purchase Invoice Settings,إعدادات فاتورة الشراء,
Purchase Receipt Trends ,اتجاهات إيصالات الشراء ,
Python expression evaluated on the server. Use doc.fieldname for the row and parent.fieldname for the parent document. When it evaluates to true the dimension becomes mandatory. Example: doc.t_warehouse and doc.qty > 0,تعبير بايثون يُقيَّم على الخادم. استخدم doc.fieldname للصف و parent.fieldname للمستند الأصل. وعندما تكون نتيجته صحيحة يصبح البُعد إلزامياً. مثال: doc.t_warehouse and doc.qty > 0,
Q1,الربع الأول,
Q2,الربع الثاني,
Q3,الربع الثالث,
Q4,الربع الرابع,
Qty (As per BOM),الكمية (وفقاً لقائمة المواد),
Qty to Disassemble,الكمية المطلوب تفكيكها,
Quality Inspection Not Configured,فحص الجودة غير مهيأ,
Quantities updated successfully.,تم تحديث الكميات بنجاح.,
Quantity (Output Qty),الكمية (كمية المخرجات),
Quantity Available,الكمية المتاحة,
Quantity Tolerance,تفاوت الكمية المسموح به,
Quantity must be greater than zero,يجب أن تكون الكمية أكبر من صفر,
Quantity must be less than or equal to {0},يجب أن تكون الكمية أقل من أو تساوي {0},
Raise Material Request when stock reaches re-order level,إنشاء طلب مواد عند وصول المخزون إلى مستوى إعادة الطلب,
Re-extracting,جارٍ إعادة الاستخراج,
Read the docs,اقرأ التوثيق,
Recalculate Valuation Rate,إعادة احتساب سعر التقييم,
Recalculate Values,إعادة احتساب القيم,
Received from,مستلم من,
Recommended Action,الإجراء الموصى به,
Reconciliation History,سجل التسويات,
Reconciliation Statement,كشف التسوية,
Reconciliation Type,نوع التسوية,
Reconciliation queue size,حجم طابور التسوية,
Reconciling,جارٍ التسوية,
Record Payment,تسجيل الدفع,
"Record a bank journal entry for expenses, income or split transactions",تسجيل قيد يومية بنكي للمصروفات أو الإيرادات أو المعاملات المقسّمة,
"Record a journal entry for expenses, income or split transactions",تسجيل قيد يومية للمصروفات أو الإيرادات أو المعاملات المقسّمة,
"Record a journal entry for expenses, income or split transactions.",تسجيل قيد يومية للمصروفات أو الإيرادات أو المعاملات المقسّمة.,
Record a payment against a customer or supplier,تسجيل دفعة مقابل عميل أو مورّد,
Record a payment entry against a customer or supplier,تسجيل قيد دفع مقابل عميل أو مورّد,
Record a transfer between two bank accounts,تسجيل تحويل بين حسابين بنكيين,
Record an internal transfer to another bank/credit card/cash account,تسجيل تحويل داخلي إلى حساب بنكي/بطاقة ائتمان/نقدية آخر,
Record an internal transfer to another bank/credit card/cash account.,تسجيل تحويل داخلي إلى حساب بنكي/بطاقة ائتمان/نقدية آخر.,
Ref,مرجع,
Ref.,مرجع.,
Reference #,رقم المرجع,
Reference Date is required,تاريخ المرجع مطلوب,
Reference date does not match the selected transaction,تاريخ المرجع لا يطابق المعاملة المحددة,
Reference date matches the selected transaction,تاريخ المرجع يطابق المعاملة المحددة,
Reference does not match the selected transaction,المرجع لا يطابق المعاملة المحددة,
Reference is required,المرجع مطلوب,
Reference matches the selected transaction,المرجع يطابق المعاملة المحددة,
Reference matches the selected transaction partially,المرجع يطابق المعاملة المحددة جزئياً,
Regex,تعبير نمطي,
Registers,السجلات,
Related Item,صنف مرتبط,
Repost,إعادة ترحيل,
Reposting Item and Warehouse,إعادة ترحيل الصنف والمستودع,
Reposting Vouchers,إعادة ترحيل السندات,
Reposting Vouchers Progress,تقدّم إعادة ترحيل السندات,
Reposting for Item-Wh Completed {0}%,اكتملت إعادة الترحيل للصنف/المستودع {0}%,
Reposting for Vouchers Completed {0}%,اكتملت إعادة الترحيل للسندات {0}%,
Reset Clearing Date,إعادة تعيين تاريخ التسوية,
Restrict Customer Over Billing,تقييد الفوترة الزائدة للعميل,
Returned Quantity,الكمية المرتجعة,
Revaluation journal for {0} has been created: {1},تم إنشاء قيد إعادة التقييم لـ {0}: {1},
Revenue received in advance (e.g. annual subscription) is held here and recognized gradually over time,الإيرادات المستلمة مقدماً (مثل الاشتراك السنوي) تُحتفظ هنا ويُعترف بها تدريجياً بمرور الوقت,
Reversal Journal Entries,قيود اليومية العكسية,
Reversal Of Exchange Rate Revaluation,عكس إعادة تقييم سعر الصرف,
Reversing Journals...,جارٍ عكس قيود اليومية...,
Review Accounts Settings,مراجعة إعدادات الحسابات,
Review Buying Settings,مراجعة إعدادات الشراء,
Review Chart of Accounts,مراجعة شجرة الحسابات,
Review Manufacturing Settings,مراجعة إعدادات التصنيع,
Review Selling Settings,مراجعة إعدادات البيع,
Review Stock Settings,مراجعة إعدادات المخزون,
Review System Settings,مراجعة إعدادات النظام,
"Review each page. In the Table view, map each column, click a row number to set/clear the header row, and exclude anything that is not transactions (ads, summaries).",راجع كل صفحة. في عرض الجدول، طابِق كل عمود، واضغط على رقم السجل لتعيين/إلغاء صف الترويسة، واستبعد أي شيء ليس معاملات (إعلانات، ملخصات).,
Role Allowed to Bypass Over Billing Restriction,الدور المسموح له بتجاوز قيد الفوترة الزائدة,
Role Allowed to over bill ,الدور المسموح له بالفوترة الزائدة ,
Role allowed to bypass credit limit,الدور المسموح له بتجاوز حد الائتمان,
Role allowed to create/edit back-dated transactions,الدور المسموح له بإنشاء/تعديل المعاملات بتواريخ سابقة,
Role allowed to edit frozen stock,الدور المسموح له بتعديل المخزون المجمَّد,
Role allowed to override stop action,الدور المسموح له بتجاوز إجراء الإيقاف,
Round tax amount row-wise,تقريب مبلغ الضريبة على مستوى الصف,
Row #{0}: Cannot cancel this Manufacturing Stock Entry as quantity of Secondary Item {1} produced cannot be less than quantity delivered.,الصف رقم {0}: لا يمكن إلغاء قيد مخزون التصنيع هذا لأن كمية الصنف الثانوي {1} المنتجة لا يمكن أن تقل عن الكمية المسلَّمة.,
Row #{0}: Cannot transfer {1} {2} of Item {3}. Maximum transferable quantity is {4} {2}.,الصف رقم {0}: لا يمكن تحويل {1} {2} من الصنف {3}. الحد الأقصى للكمية القابلة للتحويل هو {4} {2}.,
Row #{0}: Finished Good Item {1} cannot be added in the Secondary Items table.,الصف رقم {0}: لا يمكن إضافة صنف المنتج التام {1} في جدول الأصناف الثانوية.,
Row #{0}: Finished Good reference is mandatory for Secondary Item {1}.,الصف رقم {0}: مرجع المنتج التام إلزامي للصنف الثانوي {1}.,
Row #{0}: Item {1} has zero rate but '{2}' is not enabled.,الصف رقم {0}: الصنف {1} سعره صفر لكن '{2}' غير مفعّل.,
Row #{0}: Item {1} is not part of the source manufacture entry and cannot be added to this disassembly.,الصف رقم {0}: الصنف {1} ليس جزءاً من قيد التصنيع المصدر ولا يمكن إضافته إلى هذا التفكيك.,
"Row #{0}: Item {1} quantity ({2} in stock UOM) does not match the quantity derived from the source ({3}). Do not change the UOM, conversion factor or quantity of disassembly rows.",الصف رقم {0}: كمية الصنف {1} ({2} بوحدة قياس المخزون) لا تطابق الكمية المشتقة من المصدر ({3}). لا تغيّر وحدة القياس أو معامل التحويل أو الكمية في صفوف التفكيك.,
Row #{0}: Process Loss Percentage should be less than 100% for {1} Item {2},الصف رقم {0}: يجب أن تكون نسبة فاقد العملية أقل من 100% لـ {1} الصنف {2},
Row #{0}: Rejected Qty cannot be set for Secondary Item {1}.,الصف رقم {0}: لا يمكن تعيين الكمية المرفوضة للصنف الثانوي {1}.,
Row #{0}: Secondary Item Qty cannot be zero,الصف رقم {0}: لا يمكن أن تكون كمية الصنف الثانوي صفراً,
Row #{0}: Warehouse {1} does not match with the warehouse {2} in Serial and Batch Bundle {3}.,الصف رقم {0}: المستودع {1} لا يطابق المستودع {2} في حزمة الرقم التسلسلي والدفعة {3}.,
Row #{0}: {1} account is not of type {2},الصف رقم {0}: الحساب {1} ليس من النوع {2},
Row #{0}: {1} is mandatory for the Inventory Dimension {2}.,الصف رقم {0}: {1} إلزامي لبُعد المخزون {2}.,
Row #{0}:Quantity for Item {1} cannot be zero.,الصف رقم {0}: لا يمكن أن تكون كمية الصنف {1} صفراً.,
Row #{}: Either Party ID or Party Name is required,الصف رقم {}: مطلوب إما معرّف الطرف أو اسم الطرف,
Row #{}: Party ID is required,الصف رقم {}: معرّف الطرف مطلوب,
Row {0}: Cannot sell item {1} from Sample Retention Warehouse {2},الصف {0}: لا يمكن بيع الصنف {1} من مستودع حفظ العينات {2},
Row {0}: Expense Account {1} is linked to company {2}. Please select an account belonging to company {3}.,الصف {0}: حساب المصروف {1} مرتبط بالشركة {2}. يرجى اختيار حساب يخص الشركة {3}.,
Row {0}: Operation time should be greater than 0 for operation {1},الصف {0}: يجب أن يكون وقت العملية أكبر من 0 للعملية {1},
Row {0}: Serial/Batch has been reset to values linked with Work Order {1} because the previously selected serial/batch does not belong to this Work Order.,الصف {0}: تمت إعادة تعيين الرقم التسلسلي/الدفعة إلى القيم المرتبطة بأمر العمل {1} لأن الرقم التسلسلي/الدفعة المحدد سابقاً لا ينتمي إلى أمر العمل هذا.,
Row {0}: Update Stock must be checked for item {1} because it is against Pick List {2}.,الصف {0}: يجب تحديد 'تحديث المخزون' للصنف {1} لأنه مقابل قائمة الانتقاء {2}.,
Row {0}: Warehouse is required,الصف {0}: المستودع مطلوب,
Row {0}: Warehouse {1} is linked to company {2}. Please select a warehouse belonging to company {3}.,الصف {0}: المستودع {1} مرتبط بالشركة {2}. يرجى اختيار مستودع يخص الشركة {3}.,
Row {0}: {1} {2} is linked to company {3}. Please select a document belonging to company {4}.,الصف {0}: {1} {2} مرتبط بالشركة {3}. يرجى اختيار مستند يخص الشركة {4}.,
Rule Name,اسم القاعدة,
Rule created successfully,تم إنشاء القاعدة بنجاح,
Rule deleted.,تم حذف القاعدة.,
Rule matched based on transaction description and other criteria.,تمت مطابقة القاعدة بناءً على وصف المعاملة ومعايير أخرى.,
Rule name is required,اسم القاعدة مطلوب,
Rule priorities updated,تم تحديث أولويات القواعد,
Rule updated.,تم تحديث القاعدة.,
Rules evaluation completed,اكتمل تقييم القواعد,
Rules evaluation started,بدأ تقييم القواعد,
Rules to match against the transaction description,القواعد المطلوب مطابقتها مع وصف المعاملة,
Run Rules,تشغيل القواعد,
Run on new transactions,التشغيل على المعاملات الجديدة,
Run rules automatically,تشغيل القواعد تلقائياً,
Run rules on unreconciled transactions that haven't been evaluated yet,تشغيل القواعد على المعاملات غير المسوّاة التي لم تُقيَّم بعد,
Running...,جارٍ التشغيل...,
Sales & Purchase,المبيعات والمشتريات,
Sales Order {0} is not available for production,أمر البيع {0} غير متاح للإنتاج,
Sales Taxes,ضرائب المبيعات,
Same day,اليوم نفسه,
Save the currently opened form,حفظ النموذج المفتوح حالياً,
Schedule Name,اسم الجدول,
Scheduled job disabled. Transactions will not be auto classified.,تم تعطيل المهمة المجدولة. لن تُصنَّف المعاملات تلقائياً.,
Scheduled job enabled. Transactions will be auto classified.,تم تفعيل المهمة المجدولة. ستُصنَّف المعاملات تلقائياً.,
Scrap,خردة,
Search account...,بحث عن حساب...,
Search company...,بحث عن شركة...,
Search transactions,بحث في المعاملات,
Search values...,بحث في القيم...,
Secondary Item Code,رمز الصنف الثانوي,
Secondary Item Name,اسم الصنف الثانوي,
Secondary Items,الأصناف الثانوية,
Secondary Items (as per BOM),الأصناف الثانوية (وفقاً لقائمة المواد),
Secondary Items (as per Manufacture Entries),الأصناف الثانوية (وفقاً لقيود التصنيع),
Secondary Items Cost,تكلفة الأصناف الثانوية,
Secondary Items Cost (Company Currency),تكلفة الأصناف الثانوية (عملة الشركة),
Secondary Items Cost Per Qty,تكلفة الأصناف الثانوية لكل وحدة,
Secondary Items Generated,الأصناف الثانوية المتولّدة,
Select Account,اختيار الحساب,
Select Payment Schedule,اختيار جدول الدفع,
Select a bank account to reconcile,اختر حساباً بنكياً للتسوية,
Select a transaction to match and reconcile with vouchers,اختر معاملة لمطابقتها وتسويتها مع السندات,
Select all,اختيار الكل,
Select at least one attribute value.,اختر قيمة خاصية واحدة على الأقل.,
Select date,اختر التاريخ,
Select number of days,اختر عدد الأيام,
Select row {0},اختر الصف {0},
Select the group first to filter the applicable withholding categories below.,اختر المجموعة أولاً لتصفية فئات الاستقطاع المطبقة أدناه.,
Select the modules that you plan to implement,اختر الوحدات التي تخطط لتطبيقها,
Selling Setup,إعداد البيع,
Separate columns for withdrawal and deposit,أعمدة منفصلة للسحب والإيداع,
Serial Item settings,إعدادات الصنف التسلسلي,
Serial Nos / Batches,الأرقام التسلسلية/الدفعات,
Serial and Batch Bundle Exists,حزمة الرقم التسلسلي والدفعة موجودة,
Serial and Batch Bundle {0} is submitted and its entries cannot be modified.,حزمة الرقم التسلسلي والدفعة {0} مُرحَّلة ولا يمكن تعديل قيودها.,
Serial and Batch No for Item Disabled,الرقم التسلسلي ورقم الدفعة للصنف معطَّلان,
Set Dropship Items Delivered Quantity,تعيين الكمية المسلَّمة لأصناف الشحن المباشر,
Set Operating Cost / Secondary Items From Sub-assemblies,تعيين تكلفة التشغيل/الأصناف الثانوية من التجميعات الفرعية,
Set closing balance as per bank statement,تعيين الرصيد الختامي وفقاً لكشف الحساب البنكي,
Set incoming rate as zero for expired Batch,تعيين سعر الوارد بصفر للدفعة منتهية الصلاحية,
Set the clearance date for this voucher without reconciling with a bank transaction.,تعيين تاريخ التسوية لهذا السند دون تسويته مع معاملة بنكية.,
Set this value to 0 to disable the feature.,عيّن هذه القيمة إلى 0 لتعطيل الخاصية.,
Set up rules to automatically classify transactions. Drag and drop rules to reorder their priority.,أعدّ قواعد لتصنيف المعاملات تلقائياً. اسحب القواعد وأفلتها لإعادة ترتيب أولويتها.,
Set valuation rate for rejected Materials,تعيين سعر التقييم للمواد المرفوضة,
Setup Company,إعداد الشركة,
Setup Email Account,إعداد حساب البريد الإلكتروني,
Setup Organization,إعداد المنشأة,
Setup Role Permissions,إعداد صلاحيات الأدوار,
Setup Sales Taxes,إعداد ضرائب المبيعات,
Setup Sales taxes,إعداد ضرائب المبيعات,
Setup Warehouse,إعداد المستودع,
Shortcut,اختصار,
Show Alternate UOM Balance,إظهار الرصيد بوحدة القياس البديلة,
Show Only Exact Amount,إظهار المبلغ المطابق تماماً فقط,
Show Payment Schedule in print,إظهار جدول الدفع في الطباعة,
Show availability of exploded items,إظهار توفر الأصناف المفصّلة,
Show balances in Chart of Accounts,إظهار الأرصدة في شجرة الحسابات,
Show barcode field in stock transactions,إظهار حقل الباركود في معاملات المخزون,
Show inclusive tax in print,إظهار الضريبة الشاملة في الطباعة,
Show pay button in Purchase Order portal,إظهار زر الدفع في بوابة أمر الشراء,
Show taxes as table in print,إظهار الضرائب كجدول في الطباعة,
"Since {0} has 'Update Stock' disabled, you cannot create repost item valuation against it",بما أن {0} لديه خيار 'تحديث المخزون' معطَّل، لا يمكنك إنشاء إعادة ترحيل لتقييم الصنف مقابله,
Single Account,حساب واحد,
Source Manufacture Entry,قيد التصنيع المصدر,
Source Stock Entry (Manufacture),قيد المخزون المصدر (تصنيع),
"Source Stock Entry {0} belongs to Work Order {1}, not {2}. Please use a manufacture entry from the same Work Order.",قيد المخزون المصدر {0} يخص أمر العمل {1}، وليس {2}. يرجى استخدام قيد تصنيع من أمر العمل نفسه.,
Source Stock Entry {0} has no finished goods quantity,قيد المخزون المصدر {0} ليس له كمية منتجات تامة,
Source warehouse required for stock item {0},المستودع المصدر مطلوب للصنف المخزني {0},
Spent,المصروف,
Split across {} accounts,مقسّم على {} حساباً,
Split commission credit across multiple sales persons.,تقسيم رصيد العمولة على عدة مندوبي مبيعات.,
Start Date cannot be after End Date,لا يمكن أن يكون تاريخ البدء بعد تاريخ الانتهاء,
Starts With,يبدأ بـ,
Starts with,يبدأ بـ,
Statement Details,تفاصيل كشف الحساب,
Statement File,ملف كشف الحساب,
Statement Format,صيغة كشف الحساب,
Statement Import Instructions,تعليمات استيراد كشف الحساب,
Statement Of Accounts,كشوف الحسابات,
Statement PDF Password,كلمة مرور كشف الحساب بصيغة PDF,
Statement Period,فترة كشف الحساب,
Stock Levels HTML,HTML مستويات المخزون,
Stock Setup,إعداد المخزون,
Stock Update Not Allowed,تحديث المخزون غير مسموح به,
Stock account where inventory value for this item will be tracked,حساب المخزون الذي ستُتتبع فيه قيمة مخزون هذا الصنف,
Stock and accounting values could not be reconciled by reposting for {0}.,تعذّرت تسوية قيم المخزون والمحاسبة عبر إعادة الترحيل لـ {0}.,
Stock cannot be updated for Purchase Invoice {0} because a Purchase Receipt {1} has already been created for this transaction. Please disable the 'Update Stock' checkbox in the Purchase Invoice and save the invoice.,لا يمكن تحديث المخزون لفاتورة الشراء {0} لأنه تم بالفعل إنشاء إيصال شراء {1} لهذه المعاملة. يرجى إلغاء تحديد خانة 'تحديث المخزون' في فاتورة الشراء وحفظ الفاتورة.,
"Stock entries exist with the old account. Changing the account may lead to a mismatch between the warehouse closing balance and the account closing balance. The overall closing balance will still match, but not for the specific account.",توجد قيود مخزون بالحساب القديم. قد يؤدي تغيير الحساب إلى عدم تطابق بين الرصيد الختامي للمستودع والرصيد الختامي للحساب. سيظل الرصيد الختامي الإجمالي متطابقاً، لكن ليس للحساب المحدد.,
Stock frozen up to,المخزون مجمَّد حتى,
Subcontracting Finished Good,المنتج التام للتعاقد من الباطن,
Subcontracting Inward Order Secondary Item,الصنف الثانوي لأمر التعاقد من الباطن الوارد,
Subcontracting Service Item,صنف خدمة التعاقد من الباطن,
Subcontracting Setup,إعداد التعاقد من الباطن,
Submit Journal entries,ترحيل قيود اليومية,
Submitted Job Card cannot be processed.,لا يمكن معالجة بطاقة العمل المُرحَّلة.,
Suggest creating a,اقترح إنشاء,
Suggested,مقترح,
Suggested Transfer to {0},التحويل المقترح إلى {0},
Supplier Defaults,القيم الافتراضية للمورّد,
Supplier Ledger,دفتر أستاذ المورّد,
"Supplier's tax identification number (e.g. PAN, VAT, GST)",الرقم الضريبي للمورّد (مثل PAN أو ضريبة القيمة المضافة أو GST),
"Switch between light, dark, or system theme",التبديل بين المظهر الفاتح أو الداكن أو مظهر النظام,
TDS / withholding tax category applied when paying this supplier,فئة الاستقطاع الضريبي المطبقة عند الدفع لهذا المورّد,
TDS/TCS is calculated at the rate defined here on every payment from this customer.,يُحتسب الاستقطاع/التحصيل الضريبي بالنسبة المحددة هنا على كل دفعة من هذا العميل.,
Table {0},الجدول {0},
Tax Identification,التعريف الضريبي,
Tax Template,قالب الضريبة,
Tax Withholding,الاستقطاع الضريبي,
The account type of {0} cannot be changed from {1} because stock ledger entries exist against it.,لا يمكن تغيير نوع الحساب {0} من {1} لأنه توجد قيود دفتر أستاذ مخزون مقابله.,
The amount format detected in the statement file. This is used to parse the deposit and withdrawal values from each row.,صيغة المبلغ المكتشفة في ملف كشف الحساب. تُستخدم لتحليل قيم الإيداع والسحب من كل سجل.,
The bank account is disabled. Please enable it,الحساب البنكي معطّل. يرجى تفعيله,
The bank account is not a company account. Please select a company account,الحساب البنكي ليس حساباً للشركة. يرجى اختيار حساب للشركة,
"The batch {0} is reserved for {1} in the warehouse {2} and the remaining quantity is not enough to cover the reservations. So, cannot proceed with the {3} {4}.",الدفعة {0} محجوزة لـ {1} في المستودع {2} والكمية المتبقية لا تكفي لتغطية الحجوزات. لذا لا يمكن المتابعة في {3} {4}.,
The company {0} is not in South Africa. VAT Audit Report is only available for companies in South Africa.,الشركة {0} ليست في جنوب أفريقيا. تقرير تدقيق ضريبة القيمة المضافة متاح فقط للشركات في جنوب أفريقيا.,
The company {0} is not in United Arab Emirates. UAE VAT 201 report is only available for companies in United Arab Emirates.,الشركة {0} ليست في الإمارات العربية المتحدة. تقرير ضريبة القيمة المضافة 201 متاح فقط للشركات في الإمارات العربية المتحدة.,
The date format detected in the statement file. This is used to parse the date values.,صيغة التاريخ المكتشفة في ملف كشف الحساب. تُستخدم لتحليل قيم التاريخ.,
The date of the transaction,تاريخ المعاملة,
The description of the transaction,وصف المعاملة,
The document has been created and reconciled. Uploading attachments...,تم إنشاء المستند وتسويته. جارٍ رفع المرفقات...,
The file should contain the following columns with a distinct header row. You can upload most bank statements as is without changing the columns.,يجب أن يحتوي الملف على الأعمدة التالية مع صف ترويسة مميز. يمكنك رفع معظم كشوف الحسابات البنكية كما هي دون تغيير الأعمدة.,
The final item that will be produced using this BOM.,الصنف النهائي الذي سيُنتج باستخدام قائمة المواد هذه.,
The fiscal year has been automatically created in a Disabled state to maintain consistency with the previous fiscal year's status.,تم إنشاء السنة المالية تلقائياً بحالة معطَّلة للحفاظ على الاتساق مع حالة السنة المالية السابقة.,
"The following payment schedule(s) already exist:
{0}","جدول/جداول الدفع التالية موجودة بالفعل:
{0}",
The frequency at which project progress and company transaction details will be updated. Set it to daily or monthly if you post a lot of transactions.,الوتيرة التي سيتم بها تحديث تقدّم المشروع وتفاصيل معاملات الشركة. عيّنها يومياً أو شهرياً إن كنت ترحّل عدداً كبيراً من المعاملات.,
The invoice is not fully allocated as there is a difference of {0}.,الفاتورة غير مخصَّصة بالكامل حيث يوجد فرق قدره {0}.,
The last account row must not have any debit or credit amounts set.,يجب ألا يحتوي صف الحساب الأخير على أي مبالغ مدينة أو دائنة.,
The opening balance might not match your bank statement. Would you like to reconcile them?,قد لا يطابق الرصيد الافتتاحي كشف حسابك البنكي. هل ترغب في تسويتهما؟,
"The percentage by which you are allowed to order more on a Purchase Order than the quantity requested on the originating Material Request. For example, if the Material Request has 100 units and the allowance is 10%, you can order up to 110 units",النسبة المئوية المسموح لك بموجبها بطلب كمية في أمر الشراء أكبر من الكمية المطلوبة في طلب المواد الأصلي. على سبيل المثال، إذا كان طلب المواد يحتوي على 100 وحدة والسماح 10%، يمكنك طلب ما يصل إلى 110 وحدة,
The rate at which this item was last purchased via a Purchase Invoice. Auto-updated by the system.,السعر الذي اشتُري به هذا الصنف آخر مرة عبر فاتورة شراء. يُحدَّث تلقائياً بواسطة النظام.,
The reference number of the transaction,الرقم المرجعي للمعاملة,
The system found a mirror transaction ({0}) in another account with the same amount and date.,عثر النظام على معاملة مطابقة ({0}) في حساب آخر بالمبلغ والتاريخ نفسيهما.,
The system will attempt to automatically match a party to a bank transaction based on account number or IBAN.,سيحاول النظام مطابقة طرف بمعاملة بنكية تلقائياً بناءً على رقم الحساب أو الآيبان.,
The uploaded file could not be parsed as a genericode XML document.,تعذّر تحليل الملف المرفوع كمستند genericode XML.,
The warehouse account(s) below are not of type 'Stock'. Please set a correct Stock asset account on the warehouse (Account Type must be 'Stock'):,حساب/حسابات المستودع أدناه ليست من نوع 'مخزون'. يرجى تعيين حساب أصل مخزون صحيح على المستودع (يجب أن يكون نوع الحساب 'مخزون'):,
The withdrawal or deposit amounts - only required if there's no amount column.,مبالغ السحب أو الإيداع - مطلوبة فقط في حال عدم وجود عمود للمبلغ.,
There are no accounting entries in the system for the selected account and dates.,لا توجد قيود محاسبية في النظام للحساب والتواريخ المحددة.,
There are no entries in the system where the clearance date is before the posting date.,لا توجد قيود في النظام يكون فيها تاريخ التسوية قبل تاريخ الترحيل.,
There are no transactions in the system for the selected bank account and dates that match the filters.,لا توجد معاملات في النظام للحساب البنكي والتواريخ المحددة تطابق عوامل التصفية.,
There are {0} unreconciled transactions before {1}.,توجد {0} معاملة غير مسوّاة قبل {1}.,
There is one unreconciled transaction before {0}.,توجد معاملة واحدة غير مسوّاة قبل {0}.,
There was an error while importing the bank statement.,حدث خطأ أثناء استيراد كشف الحساب البنكي.,
There was an error while performing the action.,حدث خطأ أثناء تنفيذ الإجراء.,
There was an error.,حدث خطأ.,
This Fiscal Year,السنة المالية الحالية,
This PDF is password protected. Please set the correct statement password on the Bank Account and try again.,ملف PDF هذا محمي بكلمة مرور. يرجى تعيين كلمة مرور كشف الحساب الصحيحة في الحساب البنكي والمحاولة مرة أخرى.,
This Payment Entry is reconciled with {0}. Cancelling will automatically unreconcile it. Do you want to proceed?,قيد الدفع هذا مسوّى مع {0}. سيؤدي الإلغاء إلى إلغاء تسويته تلقائياً. هل ترغب في المتابعة؟,
"This allows creation of sales orders from quotations that have passed their expiration date, providing flexibility in processing orders despite outdated quotes.",يتيح ذلك إنشاء أوامر بيع من عروض أسعار تجاوزت تاريخ انتهاء صلاحيتها، مما يوفر مرونة في معالجة الأوامر رغم قِدم عروض الأسعار.,
This can be enabled at specific Item level as well,يمكن تفعيل هذا على مستوى الصنف المحدد أيضاً,
"This can contain ""CR""/""DR"" values or positive/negative values. You could also have a separate column for CR/DR.","يمكن أن يحتوي هذا على قيم ""CR""/""DR"" أو قيم موجبة/سالبة. يمكنك أيضاً استخدام عمود منفصل لـ CR/DR.",
This email was sent from {0},أُرسل هذا البريد الإلكتروني من {0},
This is a formula based value.,هذه قيمة مبنية على صيغة.,
This is auto computed to balance the journal entry.,يُحتسب هذا تلقائياً لموازنة قيد اليومية.,
This is not a valid formula. Check the variable used in the formula.,هذه ليست صيغة صالحة. تحقق من المتغير المستخدم في الصيغة.,
This is required,هذا مطلوب,
This is the bank account entry. You cannot edit it.,هذا هو قيد الحساب البنكي. لا يمكنك تعديله.,
This is the header row. Click to mark the table as having no header.,هذا هو صف الترويسة. اضغط لوضع علامة على الجدول بأنه بلا ترويسة.,
This is the last row. It will be auto populated based on the bank transaction.,هذا هو الصف الأخير. سيُعبَّأ تلقائياً بناءً على المعاملة البنكية.,
This is the row for the bank account. It will be auto populated based on the bank transaction.,هذا هو صف الحساب البنكي. سيُعبَّأ تلقائياً بناءً على المعاملة البنكية.,
This is what the system expects the closing balance to be in your bank statement.,هذا ما يتوقع النظام أن يكون عليه الرصيد الختامي في كشف حسابك البنكي.,
This link is valid for {0} minutes,هذا الرابط صالح لمدة {0} دقيقة,
This method is only meant for developer mode,هذه الطريقة مخصصة لوضع المطوّر فقط,
This option is useful if you want to ensure a constant supply of raw materials/products and avoid shortage. A Material Request will be raised automatically when stock reached the re-order level defined in the Item form.,هذا الخيار مفيد إن كنت ترغب في ضمان إمداد مستمر بالمواد الخام/المنتجات وتجنب النقص. سيُنشأ طلب مواد تلقائياً عند وصول المخزون إلى مستوى إعادة الطلب المحدد في نموذج الصنف.,
This report shows all entries in the system where the <strong>clearance date is before the posting date</strong> which is incorrect.,يعرض هذا التقرير جميع القيود في النظام التي يكون فيها <strong>تاريخ التسوية قبل تاريخ الترحيل</strong> وهو أمر غير صحيح.,
This screen is not supported on mobile devices.,هذه الشاشة غير مدعومة على الأجهزة المحمولة.,
This statement has already been imported.,تم استيراد كشف الحساب هذا بالفعل.,
This supplier will be auto-selected in new purchase transactions,سيُختار هذا المورّد تلقائياً في معاملات الشراء الجديدة,
This transaction has been reconciled with the following document(s):,تمت تسوية هذه المعاملة مع المستند/المستندات التالية:,
This verification link is invalid. Please book the appointment again.,رابط التحقق هذا غير صالح. يرجى حجز الموعد مرة أخرى.,
This will automatically run transaction matching rules on unreconciled transactions every hour.,سيؤدي هذا إلى تشغيل قواعد مطابقة المعاملات تلقائياً على المعاملات غير المسوّاة كل ساعة.,
This will be applied if no naming series is configured in Item master,سيُطبَّق هذا إن لم يُهيَّأ تسلسل تسمية في بطاقة الصنف,
This will be auto-populated if not set.,سيُعبَّأ هذا تلقائياً إن لم يُحدَّد.,
"This will just suggest creating a new entry, and will not automatically create it.",سيقترح هذا إنشاء قيد جديد فقط، ولن يُنشئه تلقائياً.,
Timeout (in seconds) for each background job enqueued by Process Period Closing Voucher,المهلة (بالثواني) لكل مهمة خلفية تُدرج في الطابور بواسطة معالجة سند إقفال الفترة,
"To allow over ordering, update ""Over Order Allowance"" in Buying Settings.","للسماح بتجاوز الطلب، حدّث ""نسبة السماح بتجاوز الطلب"" في إعدادات الشراء.",
"To include sub-assembly costs and secondary items in Finished Goods on a work order without using a job card, when the 'Use Multi-Level BOM' option is enabled.",لتضمين تكاليف التجميعات الفرعية والأصناف الثانوية في المنتجات التامة على أمر عمل دون استخدام بطاقة عمل، عند تفعيل خيار 'استخدام قائمة مواد متعددة المستويات'.,
"To select more than one transaction at a time, press and hold the shift key.",لاختيار أكثر من معاملة في المرة الواحدة، اضغط مع الاستمرار على مفتاح Shift.,
Total Advance Paid,إجمالي المقدَّم المدفوع,
Total Advance Paid: {0},إجمالي المقدَّم المدفوع: {0},
Total Advance Received,إجمالي المقدَّم المستلم,
Total Advance Received: {0},إجمالي المقدَّم المستلم: {0},
Total Credit Transactions,إجمالي المعاملات الدائنة,
Total Credits,إجمالي الأرصدة الدائنة,
Total Debit Transactions,إجمالي المعاملات المدينة,
Total Debits,إجمالي الأرصدة المدينة,
Total Ledgers,إجمالي دفاتر الأستاذ,
Total Unpaid,إجمالي غير المدفوع,
Track each unit with a unique serial number for warranty and return tracking. Cannot be changed after a stock transaction exists.,تتبّع كل وحدة برقم تسلسلي فريد لتتبع الضمان والمرتجعات. لا يمكن تغييره بعد وجود معاملة مخزون.,
Track this item in batches. Cannot be changed after a stock transaction exists.,تتبّع هذا الصنف بالدفعات. لا يمكن تغييره بعد وجود معاملة مخزون.,
Transaction Dates,تواريخ المعاملات,
Transaction Matching Rules,قواعد مطابقة المعاملات,
Transaction Qty,كمية المعاملة,
Transaction Unreconciled,المعاملة غير مسوّاة,
Transaction actions work when one or more unreconciled transactions are selected.,تعمل إجراءات المعاملات عند اختيار معاملة واحدة أو أكثر غير مسوّاة.,
"Transaction type column has ""C""/""D"" values","عمود نوع المعاملة يحتوي على قيم ""C""/""D""",
"Transaction type column has ""CR""/""DR"" values","عمود نوع المعاملة يحتوي على قيم ""CR""/""DR""",
"Transaction type column has ""Deposit""/""Withdrawal"" values","عمود نوع المعاملة يحتوي على قيم ""إيداع""/""سحب""",
"Transactions are blocked when the outstanding balance exceeds the credit limit. When Restrict Customer Over Billing is enabled, new invoices are also blocked when the customer's overdue amount exceeds the Overdue Limit.",تُمنع المعاملات عندما يتجاوز الرصيد المستحق حد الائتمان. وعند تفعيل 'تقييد الفوترة الزائدة للعميل'، تُمنع أيضاً الفواتير الجديدة عندما يتجاوز المبلغ المتأخر على العميل حد التأخر في السداد.,
Transactions to be imported into the system,المعاملات المطلوب استيرادها إلى النظام,
Transfer Account,حساب التحويل,
Transfer Recorded,تم تسجيل التحويل,
Transferred Out,تم التحويل للخارج,
Transferred Qty (in Stock UOM),الكمية المحوَّلة (بوحدة قياس المخزون),
Transferred from,محوَّل من,
Transferred to,محوَّل إلى,
Trial Balance requires {0} to be synced to DuckDB,يتطلب ميزان المراجعة مزامنة {0} إلى DuckDB,
Try adjusting your search or filter criteria.,جرّب تعديل معايير البحث أو التصفية.,
Try the {0} for a better experience.,جرّب {0} لتجربة أفضل.,
Type of check,نوع الشيك,
UOM Conversion Details,تفاصيل تحويل وحدة القياس,
UOM Defaults,القيم الافتراضية لوحدة القياس,
Unallocated,غير مخصَّص,
Undo Transaction Reconciliation,التراجع عن تسوية المعاملة,
Undo {}?,التراجع عن {}؟,
Unit Of Measure,وحدة القياس,
Unlink Advance Payment on cancellation of order,إلغاء ربط الدفعة المقدمة عند إلغاء الأمر,
Unlink Payment on cancellation of invoice,إلغاء ربط الدفع عند إلغاء الفاتورة,
Unmatch Transaction?,إلغاء مطابقة المعاملة؟,
Unmatched,غير مطابَق,
Unreconcile,إلغاء التسوية,
Unreconciled Transactions,المعاملات غير المسوّاة,
Unsupported Feature,خاصية غير مدعومة,
Update Price List based on,تحديث قائمة الأسعار بناءً على,
Update existing Price List Rate,تحديث سعر قائمة الأسعار الحالي,
Updating...,جارٍ التحديث...,
"Upload your bank statement file to start the import process. We support CSV, XLSX and PDF files.",ارفع ملف كشف حسابك البنكي لبدء عملية الاستيراد. ندعم ملفات CSV و XLSX و PDF.,
Uploading...,جارٍ الرفع...,
Use Serial / Batch fields,استخدام حقول الرقم التسلسلي/الدفعة,
Use Suggestion,استخدام الاقتراح,
Use legacy Budget Controller,استخدام وحدة التحكم القديمة بالموازنة,
Use legacy controller for Period Closing Voucher,استخدام وحدة التحكم القديمة لسند إقفال الفترة,
Use prices from Default Price List as fallback,استخدام الأسعار من قائمة الأسعار الافتراضية كبديل,
Used for inter-company transactions,يُستخدم للمعاملات بين الشركات,
Used to balance the books when recording extra purchase costs like freight or customs,يُستخدم لموازنة الدفاتر عند تسجيل تكاليف شراء إضافية مثل الشحن أو الجمارك,
Used to create an opening Stock Entry with the Valuation Rate when the item is saved,يُستخدم لإنشاء قيد مخزون افتتاحي بسعر التقييم عند حفظ الصنف,
Used to pick the correct rate row inside the Tax Withholding Category for this supplier (e.g. Company vs Individual rates),يُستخدم لاختيار صف السعر الصحيح داخل فئة الاستقطاع الضريبي لهذا المورّد (مثل أسعار الشركات مقابل الأفراد),
User don't have permissions to select/read this account.,المستخدم لا يملك صلاحيات لاختيار/قراءة هذا الحساب.,
User not allowed to synchronize data from Frappe CRM on ERPNext. Contact System Manager of ERPNext.,المستخدم غير مصرَّح له بمزامنة البيانات من Frappe CRM على ERPNext. تواصل مع مدير النظام في ERPNext.,
"Users listed here can log into the customer portal to view their orders, invoices, and deliveries.",يمكن للمستخدمين المدرجين هنا تسجيل الدخول إلى بوابة العملاء لعرض أوامرهم وفواتيرهم وتسليماتهم.,
Users with this role can still submit invoices for customers who have crossed their Overdue Limit.,لا يزال بإمكان المستخدمين الذين لديهم هذا الدور ترحيل فواتير للعملاء الذين تجاوزوا حد التأخر في السداد.,
Valid Upto,صالح حتى,
Validate Material Transfer warehouses,التحقق من مستودعات تحويل المواد,
Validate consumed quantity (as per BOM),التحقق من الكمية المستهلكة (وفقاً لقائمة المواد),
Validate selling price for Item against purchase or valuation rate,التحقق من سعر بيع الصنف مقابل سعر الشراء أو التقييم,
Variable,متغير,
Variant {0} and its template {1} cannot both be added to the same Pricing Rule,لا يمكن إضافة المتغير {0} وقالبه {1} معاً في قاعدة التسعير نفسها,
Verification Link Expiry Duration,مدة صلاحية رابط التحقق,
Verification Token,رمز التحقق,
Verification link has expired.,انتهت صلاحية رابط التحقق.,
View All Prices,عرض جميع الأسعار,
View Balance Sheet,عرض الميزانية العمومية,
View Instructions,عرض التعليمات,
View Project Summary,عرض ملخص المشروع,
View Purchase Order Analysis,عرض تحليل أوامر الشراء,
View Sales Order Analysis,عرض تحليل أوامر البيع,
View Stock Balance Report,عرض تقرير رصيد المخزون,
View Work Order Summary,عرض ملخص أوامر العمل,
View Work Order Summary Report,عرض تقرير ملخص أوامر العمل,
View all reconciliation actions taken in this session,عرض جميع إجراءات التسوية المتخذة في هذه الجلسة,
View all reconciliation actions taken in this session.,عرض جميع إجراءات التسوية المتخذة في هذه الجلسة.,
View older transaction,عرض معاملة أقدم,
View older transactions,عرض معاملات أقدم,
View transaction,عرض المعاملة,
View transactions,عرض المعاملات,
Voucher Created,تم إنشاء السند,
Voucher Details,تفاصيل السند,
Warehouse Defaults,القيم الافتراضية للمستودع,
Warehouse is required to get producible FG Items,المستودع مطلوب للحصول على المنتجات التامة القابلة للإنتاج,
Warn or stop if Item rate is changed in Delivery Notes and Sales Invoices generated from a Sales Order.,التحذير أو الإيقاف عند تغيير سعر الصنف في إشعارات التسليم وفواتير المبيعات المُنشأة من أمر بيع.,
Warn or stop if Item rate is changed in Purchase Invoice or Purchase Receipt generated from a Purchase Order.,التحذير أو الإيقاف عند تغيير سعر الصنف في فاتورة الشراء أو إيصال الشراء المُنشأ من أمر شراء.,
Warning: Account changed for warehouse,تحذير: تم تغيير الحساب للمستودع,
We look forward to meeting you,نتطلع إلى لقائك,
"We support uploading CSV, XLSX, XLS and PDF files. Please make sure the file contains the correct columns.",ندعم رفع ملفات CSV و XLSX و XLS و PDF. يرجى التأكد من أن الملف يحتوي على الأعمدة الصحيحة.,
We've auto-detected the details of the statement file.,اكتشفنا تلقائياً تفاصيل ملف كشف الحساب.,
We've found 1 existing transaction in the system that conflicts with the transactions in the statement file. Are you sure you want to proceed with the import?,عثرنا على معاملة واحدة قائمة في النظام تتعارض مع المعاملات في ملف كشف الحساب. هل أنت متأكد من رغبتك في المتابعة في الاستيراد؟,
We've found 1 transaction in the statement file that will be imported into the system. Please review the details below and click the 'Import' button to proceed.,عثرنا على معاملة واحدة في ملف كشف الحساب سيتم استيرادها إلى النظام. يرجى مراجعة التفاصيل أدناه والضغط على زر 'استيراد' للمتابعة.,
We've found {0} existing transactions in the system that conflict with the transactions in the statement file. Are you sure you want to proceed with the import?,عثرنا على {0} معاملة قائمة في النظام تتعارض مع المعاملات في ملف كشف الحساب. هل أنت متأكد من رغبتك في المتابعة في الاستيراد؟,
What do you use today?,ما الذي تستخدمه اليوم؟,
What kind of work do you do?,ما نوع العمل الذي تقوم به؟,
"When enabled, it adds a cutoff date filter to Delivery Notes created in bulk from Sales Orders. This allows you to process orders only with a transaction date up to the specified cutoff date, which is useful for period-end processing and batch fulfillment.",عند التفعيل، يضيف عامل تصفية بتاريخ القطع إلى إشعارات التسليم المُنشأة بالجملة من أوامر البيع. يتيح لك ذلك معالجة الأوامر التي لا يتجاوز تاريخ معاملتها تاريخ القطع المحدد فقط، وهو مفيد لمعالجة نهاية الفترة والتنفيذ على دفعات.,
"When enabled, transactions with this supplier will be blocked based on the Hold Type below",عند التفعيل، ستُمنع المعاملات مع هذا المورّد بناءً على نوع التعليق أدناه,
"When you pay for something upfront (like annual insurance), the cost is held here and recognized gradually over time",عندما تدفع مقابل شيء مقدماً (مثل التأمين السنوي)، تُحتفظ التكلفة هنا ويُعترف بها تدريجياً بمرور الوقت,
Who are you setting this up for?,لمن تقوم بهذا الإعداد؟,
Will be auto-populated,سيُعبَّأ تلقائياً,
Within 1 day,خلال يوم واحد,
Within 2 days,خلال يومين,
Within 3 days,خلال 3 أيام,
Within 4 days,خلال 4 أيام,
Within 5 days,خلال 5 أيام,
Work Order Additional Item,صنف إضافي لأمر العمل,
Work Order Mismatch,عدم تطابق أمر العمل,
Work Order Summary Report,تقرير ملخص أوامر العمل,
Work Order {0} has no produced qty,أمر العمل {0} ليس له كمية منتجة,
You can also add credit or debit values to pre-fill - these support both static values (like 200) or formulas (like transaction_amount * 0.25).,يمكنك أيضاً إضافة قيم دائنة أو مدينة للتعبئة المسبقة - وهي تدعم القيم الثابتة (مثل 200) أو الصيغ (مثل transaction_amount * 0.25).,
You can reset the clearing dates of these entries here.,يمكنك إعادة تعيين تواريخ التسوية لهذه القيود هنا.,
You can set up the rule to split the transaction across multiple accounts.,يمكنك إعداد القاعدة لتقسيم المعاملة على عدة حسابات.,
You do not have enough permission to access {0}: {1},لا تملك صلاحية كافية للوصول إلى {0}: {1},
You do not have permission to import and submit bank transactions,لا تملك صلاحية استيراد المعاملات البنكية وترحيلها,
You do not have permission to import bank transactions,لا تملك صلاحية استيراد المعاملات البنكية,
You don't have permission to create a Company Address. Please contact your System Manager.,لا تملك صلاحية إنشاء عنوان للشركة. يرجى التواصل مع مدير النظام.,
You don't have permission to update Company details. Please contact your System Manager.,لا تملك صلاحية تحديث تفاصيل الشركة. يرجى التواصل مع مدير النظام.,
You don't have permission to update Received Qty DocField for item {0},لا تملك صلاحية تحديث حقل الكمية المستلمة للصنف {0},
You don't have permission to update this document. Please contact your System Manager.,لا تملك صلاحية تحديث هذا المستند. يرجى التواصل مع مدير النظام.,
You have not added any bank accounts to your company.,لم تضف أي حسابات بنكية إلى شركتك.,
You have not performed any reconciliations in this session yet.,لم تنفّذ أي عمليات تسوية في هذه الجلسة بعد.,
Your email has been verified and your appointment has been confirmed for {0},تم التحقق من بريدك الإلكتروني وتأكيد موعدك في {0},
Zero-Quantity Line Items,بنود بكمية صفرية,
as of {0},كما في {0},
e.g. Bank Charges,مثل الرسوم البنكية,
frankfurter.dev - v2,frankfurter.dev - v2,
reconciled,مسوّى,
transaction,معاملة,
transaction selected,معاملة محددة,
transactions,معاملات,
transactions selected,معاملات محددة,
updated delivered quantity for item {0} to {1},تم تحديث الكمية المسلَّمة للصنف {0} إلى {1},
{0} can be either {1} or {2}.,يمكن أن يكون {0} إما {1} أو {2}.,
{0} doesn't belong to Company {1}. Please select a Cost Center that belongs to Company {1}.,{0} لا ينتمي إلى الشركة {1}. يرجى اختيار مركز تكلفة ينتمي إلى الشركة {1}.,
{0} doesn't belong to Company {1}. Please select an Income Account that belongs to Company {1}.,{0} لا ينتمي إلى الشركة {1}. يرجى اختيار حساب إيرادات ينتمي إلى الشركة {1}.,
{0} is a group Cost Center. Please select a non-group Cost Center.,{0} مركز تكلفة من نوع مجموعة. يرجى اختيار مركز تكلفة ليس مجموعة.,
{0} is a group account. Please select a non-group Income Account.,{0} حساب مجموعة. يرجى اختيار حساب إيرادات ليس مجموعة.,
{0} is disabled. Please select a valid Income Account.,{0} معطّل. يرجى اختيار حساب إيرادات صالح.,
{0} is disabled. Please select an enabled Cost Center.,{0} معطّل. يرجى اختيار مركز تكلفة مفعّل.,
{0} is not a CSV file.,{0} ليس ملف CSV.,
{0} is not a valid Accounting Dimension.,{0} ليس بُعداً محاسبياً صالحاً.,
{0} is not a valid {1} fieldname.,{0} ليس اسم حقل {1} صالحاً.,
{0} is not an Income Account. Please select a valid Income Account.,{0} ليس حساب إيرادات. يرجى اختيار حساب إيرادات صالح.,
{0} items disassembled,تم تفكيك {0} صنفاً,
{0} items returned,تم إرجاع {0} صنفاً,
{0} items to return,{0} صنفاً للإرجاع,
{0} languages are marked as default languages. Please select only one of them.,{0} لغات محددة كلغات افتراضية. يرجى اختيار واحدة منها فقط.,
{0} to {1},{0} إلى {1},Do MMMM YYYY
{0} transactions will be imported into the system. Please review the details below and click the 'Import' button to proceed.,سيتم استيراد {0} معاملة إلى النظام. يرجى مراجعة التفاصيل أدناه والضغط على زر 'استيراد' للمتابعة.,
{0} units of Item {1} is not available in any of the warehouses. Other Pick Lists exist for this item.,{0} وحدة من الصنف {1} غير متاحة في أي من المستودعات. توجد قوائم انتقاء أخرى لهذا الصنف.,
{0} {1} not allowed to be reposted. You can enable it by adding it '{2}' table in {3}.,{0} {1} غير مسموح بإعادة ترحيله. يمكنك تفعيله بإضافته إلى جدول '{2}' في {3}.,
{0} {1} status is {2}.,حالة {0} {1} هي {2}.,
"{0}, {1} or {2} are the only allowed options.",{0} أو {1} أو {2} هي الخيارات المسموح بها فقط.,
{0}: remove invalid value(s) {1},{0}: أزل القيمة/القيم غير الصالحة {1},
{0}: select the typed value {1} from the list or clear it,{0}: اختر القيمة المكتوبة {1} من القائمة أو امسحها,
{0}: {1} does not exist,{0}: {1} غير موجود,
{ref_doctype} {ref_name} status is {status}.,حالة {ref_doctype} {ref_name} هي {status}.,
{} invoices,{} فاتورة,
A draft reverse journal for {0} has been created: {1},تم إنشاء قيد يومية عكسي مسودة لـ {0}: {1},
A separate Purchase Order is created for each Supplier.,يتم إنشاء أمر شراء منفصل لكل مورد.,
"Account to track value added to stock via Stock Entry, Stock Reconciliation or Landed Cost Voucher",حساب لتتبع القيمة المضافة إلى المخزون عبر قيد المخزون أو جرد المخزون أو سند تكاليف الشحن,
Add atleast one voucher to repost.,أضف سندًا واحدًا على الأقل لإعادة الترحيل.,
Age as on,العمر كما في,
Book Stock Expense GL Entries,تسجيل قيود مصروف المخزون في دفتر الأستاذ العام,
"Books Purchase Expense and Expenses Added To Stock account pairs against stock value. On enabling this, the accounts become mandatory in Company or Item Defaults for Purchase Receipt, Purchase Invoice, Stock Entry, Stock Reconciliation and Landed Cost Voucher",يسجّل حسابَي مصروف الشراء والمصروفات المضافة إلى المخزون مقابل قيمة المخزون. عند تفعيل هذا الخيار يصبح الحسابان إلزاميين في إعدادات الشركة أو الإعدادات الافتراضية للصنف في سند الشراء وفاتورة الشراء وقيد المخزون وجرد المخزون وسند تكاليف الشحن,
Cannot declare as Lost because an active Quotation exists.,لا يمكن الإعلان عنه كمفقود لوجود عرض أسعار نشط.,
Cannot repost more than {0} vouchers at once. Split them into multiple documents.,لا يمكن إعادة ترحيل أكثر من {0} سند دفعة واحدة. قسّمها إلى عدة مستندات.,
Duplicate vouchers found. Remove the duplicate vouchers to continue to repost.,تم العثور على سندات مكررة. أزل السندات المكررة لمتابعة إعادة الترحيل.,
Email couldn't be sent.,تعذّر إرسال البريد الإلكتروني.,
Expenses Added To Stock Account,حساب المصروفات المضافة إلى المخزون,
Expenses Added To Stock Contra Account,الحساب المقابل للمصروفات المضافة إلى المخزون,
Expenses Added To Stock for Item {0},المصروفات المضافة إلى المخزون للصنف {0},
Item {0} cannot be ordered more than once,لا يمكن طلب الصنف {0} أكثر من مرة,
Partially Reposted,أُعيد ترحيله جزئيًا,
Payment Link couldn't be sent.,تعذّر إرسال رابط الدفع.,
Please select a valid {0},يرجى اختيار {0} صالح,
Please set {0} in Company {1} or in the Item Defaults of Item {2},يرجى ضبط {0} في الشركة {1} أو في الإعدادات الافتراضية للصنف {2},
Quantity for Item {0} must be greater than zero and cannot exceed {1},يجب أن تكون كمية الصنف {0} أكبر من صفر وألا تتجاوز {1},
Quantity for Item {0} must be greater than zero and cannot exceed {1},يجب أن تكون كمية الصنف {0} أكبر من صفر وألا تتجاوز {1},<b>${pending_qty}</b>
Reposted,أُعيد ترحيله,
Reposting Status,حالة إعادة الترحيل,
Reposting can be started only for submitted document.,لا يمكن بدء إعادة الترحيل إلا للمستند المُرحّل.,
Reposting cannot be started when status is {0}.,لا يمكن بدء إعادة الترحيل عندما تكون الحالة {0}.,
Reposting is still in progress in background.,إعادة الترحيل ما زالت قيد التنفيذ في الخلفية.,
Reposting {0} {1},جارٍ إعادة ترحيل {0} {1},
Reverse {0} already available in draft status: {1},يوجد بالفعل {0} عكسي بحالة مسودة: {1},
Scheduler is inactive. Reposting will only run once background jobs are processed.,المجدول غير نشط. لن تُنفَّذ إعادة الترحيل إلا بعد معالجة المهام في الخلفية.,
Select Supplier for Items,اختر المورد للأصناف,
Select a Supplier for Item {0},اختر موردًا للصنف {0},
Select at least one Item,اختر صنفًا واحدًا على الأقل,
Sending Email,جارٍ إرسال البريد الإلكتروني,
Set Supplier for All Items,تعيين المورد لجميع الأصناف,
Stock Expense,مصروف المخزون,
Stock Expense Accounting,محاسبة مصروف المخزون,
Stock not available to reserve for the Item {0} in Warehouse {1}.,لا يتوفر مخزون للحجز للصنف {0} في المستودع {1}.,
The following vouchers are not submitted: {0},السندات التالية غير مُرحّلة: {0},
Unable to Repost Accounting Ledger,تعذّرت إعادة ترحيل دفتر الأستاذ المحاسبي,
Used to balance the books when recording expenses added to stock,يُستخدم لموازنة الدفاتر عند تسجيل المصروفات المضافة إلى المخزون,
{0} was set to today for items whose requested date has passed,تم ضبط {0} على تاريخ اليوم للأصناف التي تجاوز تاريخها المطلوب,
% of FG Cost,نسبة من تكلفة المنتج النهائي,
<strong>Total qty</strong> of the rows (<strong>{0}</strong>) does not match the <strong>Qty to Fetch</strong> (<strong>{1}</strong>). Qty of the item will be changed to <strong>{0}</strong>. Are you sure want to proceed?,<strong>إجمالي الكمية</strong> للصفوف (<strong>{0}</strong>) لا يطابق <strong>الكمية المطلوب جلبها</strong> (<strong>{1}</strong>). سيتم تغيير كمية الصنف إلى <strong>{0}</strong>. هل أنت متأكد من المتابعة؟,
API Method Path,مسار دالة واجهة البرمجة,
Account Filter,مرشح الحساب,
Accounts Receivable / Payable Report,تقرير الذمم المدينة / الدائنة,
"Accounts cannot be removed, as user doesn't have access to all the accounts of {0}",لا يمكن إزالة الحسابات، لأن المستخدم لا يملك صلاحية الوصول إلى جميع حسابات {0},
Actual quantity of the finished good that will be manufactured.,الكمية الفعلية من المنتج النهائي التي سيتم تصنيعها.,
Balance Type is required for Account Data,نوع الرصيد مطلوب لبيانات الحساب,
"Blocks new transactions and further accounting entries on this customer's account. Only users with the role set in Company's ""Roles Allowed to Set and Edit Frozen Account Entries"" can transact.","يمنع المعاملات الجديدة والقيود المحاسبية اللاحقة على حساب هذا العميل. يمكن فقط للمستخدمين الحاصلين على الدور المحدد في ""الأدوار المسموح لها بتعيين وتعديل قيود الحسابات المجمدة"" في الشركة إجراء المعاملات.",
Calculation Formula,صيغة الحساب,
Cannot apply taxes,لا يمكن تطبيق الضرائب,
Cannot apply taxes from this address,لا يمكن تطبيق الضرائب من هذا العنوان,
"Cannot find a default warehouse for item {0}. Please select one in the Update Items dialog, or set a default in the Item Master or in Stock Settings.",تعذر العثور على مستودع افتراضي للصنف {0}. يرجى تحديد واحد في نافذة تحديث الأصناف، أو تعيين مستودع افتراضي في بطاقة الصنف أو في إعدادات المخزون.,
Cannot load {0} details,تعذر تحميل تفاصيل {0},
Circular dependency detected: {0},تم اكتشاف اعتمادية دائرية: {0},
Closed Period,فترة مقفلة,
"Company is required to apply taxes. Set Company, then select {0} again.",الشركة مطلوبة لتطبيق الضرائب. عيّن الشركة، ثم حدد {0} مرة أخرى.,
"Company is required to load address, taxes, and payment terms. Set Company, then select {0} again.",الشركة مطلوبة لتحميل العنوان والضرائب وشروط الدفع. عيّن الشركة، ثم حدد {0} مرة أخرى.,
"Completed Quantity ({0}), Pending Quantity ({1}) and Process Loss Quantity ({2}) must add up to the Qty to Manufacture ({3}).",يجب أن يكون مجموع الكمية المنجزة ({0}) والكمية المعلقة ({1}) وكمية الفاقد ({2}) مساويًا لكمية التصنيع ({3}).,
Completed Quantity cannot be greater than {0},لا يمكن أن تكون الكمية المنجزة أكبر من {0},
"Completed, Pending and Process Loss quantities must add up to this.",يجب أن يكون مجموع الكميات المنجزة والمعلقة والفاقد مساويًا لهذه القيمة.,
Could not validate {0}: {1},تعذر التحقق من {0}: {1},
Create a Stock Closing Entry for the entire company with To Date as {0} before submitting the Period Closing Voucher.,"أنشئ قيد إقفال مخزون للشركة بالكامل بتاريخ ""إلى"" {0} قبل ترحيل سند إقفال الفترة.",
"Disable ""Consider Accounting Dimension"" Filter","تعطيل مرشح ""مراعاة البعد المحاسبي""",
Duplicate POS Search Fields,حقول بحث مكررة في نقطة البيع,
Duplicate line reference: '{0}',مرجع سطر مكرر: '{0}',
Enabling this option prevents the creation of a new Sales Invoice when the customer has an overdue limit set and their outstanding overdue amount exceeds that limit.,يمنع تفعيل هذا الخيار إنشاء فاتورة مبيعات جديدة عندما يكون للعميل حد متأخرات محدد ويتجاوز مبلغ متأخراته المستحقة ذلك الحد.,
Exchange rate {0} does not match the exchange rate of Purchase Receipt {1}. Use the same exchange rate as the Purchase Receipt or enable {2} in {3} to adjust the landed cost based on this invoice.,سعر الصرف {0} لا يطابق سعر صرف إشعار استلام المشتريات {1}. استخدم نفس سعر الصرف الخاص بإشعار الاستلام أو فعّل {2} في {3} لتعديل التكلفة الواصلة بناءً على هذه الفاتورة.,
Field '{0}' is not a valid Account field,الحقل '{0}' ليس حقل حساب صالحًا,
Field and operator must be strings,يجب أن يكون الحقل والمعامل نصين,
"Filter must be [field, operator, value]",يجب أن يكون المرشح بالشكل [الحقل، المعامل، القيمة],
Filter must be a list or dict,يجب أن يكون المرشح قائمة أو قاموسًا,
Formula evaluation error: {0},خطأ في تقييم الصيغة: {0},
Formula has unbalanced parentheses,الصيغة تحتوي على أقواس غير متوازنة,
"Formula must return a numeric value, got {0}",يجب أن تُرجع الصيغة قيمة رقمية، وقد أرجعت {0},
Formula references itself ('{0}'),الصيغة تشير إلى نفسها ('{0}'),
"Frozen suppliers block new transactions and ledger entries until unfrozen. Only users with the role set in Company's ""Roles Allowed to Set and Edit Frozen Account Entries"" can transact.","الموردون المجمدون تُمنع عليهم المعاملات الجديدة وقيود دفتر الأستاذ حتى يتم إلغاء التجميد. يمكن فقط للمستخدمين الحاصلين على الدور المحدد في ""الأدوار المسموح لها بتعيين وتعديل قيود الحسابات المجمدة"" في الشركة إجراء المعاملات.",
General Ledger Report,تقرير دفتر الأستاذ العام,
Incorrect Inventory Dimension,بُعد مخزون غير صحيح,
Internal Customer Already Exists,العميل الداخلي موجود بالفعل,
Internal Customer {0} already exists for {1}. Disable it to make this Customer internal.,العميل الداخلي {0} موجود بالفعل لـ {1}. عطّله لجعل هذا العميل داخليًا.,
Internal Supplier Already Exists,المورد الداخلي موجود بالفعل,
Internal Supplier {0} already exists for {1}. Disable it to make this Supplier internal.,المورد الداخلي {0} موجود بالفعل لـ {1}. عطّله لجعل هذا المورد داخليًا.,
Invalid JSON format: {0},صيغة JSON غير صالحة: {0},
Invalid POS Field,حقل نقطة بيع غير صالح,
Invalid POS Fields,حقول نقطة بيع غير صالحة,
Invalid POS Search Field,حقل بحث غير صالح في نقطة البيع,
Invalid Reading,قراءة غير صالحة,
"Invalid line reference format: '{0}'. Must start with letter and contain only letters, numbers, underscores, and hyphens",صيغة مرجع سطر غير صالحة: '{0}'. يجب أن يبدأ بحرف وأن يحتوي فقط على حروف وأرقام وشرطات سفلية وشرطات,
Invalid operator '{0}',معامل غير صالح '{0}',
Invoice is not blocked. Block the invoice to change the release date.,الفاتورة غير محظورة. احظر الفاتورة لتغيير تاريخ الإفراج.,
"Job Card {0}: As per the sequence of the operations in the work order {1}, submit the manufacturing entry for the operation {2} before the operation {3}.",بطاقة العمل {0}: وفقًا لتسلسل العمليات في أمر العمل {1}، رحّل قيد التصنيع للعملية {2} قبل العملية {3}.,
Line references undefined in {0}: {1},مراجع أسطر غير معرّفة في {0}: {1},
Logical condition must have exactly one operator,يجب أن يحتوي الشرط المنطقي على معامل واحد فقط,
Logical conditions need at least 1 sub-condition,تحتاج الشروط المنطقية إلى شرط فرعي واحد على الأقل,
Logical operators must be 'and' or 'or',يجب أن تكون المعاملات المنطقية 'and' أو 'or',
Method '{0}' must be whitelisted and permit GET requests,يجب أن تكون الدالة '{0}' مدرجة في القائمة البيضاء وأن تسمح بطلبات GET,
Method {0} must permit GET requests,يجب أن تسمح الدالة {0} بطلبات GET,
Not permitted to update Serial No,غير مصرح بتحديث الرقم التسلسلي,
Nothing to order from the selected rows,لا يوجد ما يمكن طلبه من الصفوف المحددة,
"Nothing to order, the selected rows are already covered by stock or existing orders",لا يوجد ما يمكن طلبه، فالصفوف المحددة مغطاة بالفعل بالمخزون أو بأوامر قائمة,
Operator '{0}' requires a list value,المعامل '{0}' يتطلب قيمة من نوع قائمة,
Please select a warehouse first.,يرجى تحديد مستودع أولاً.,
Please set a primary email ID for the Contact {0},يرجى تعيين بريد إلكتروني رئيسي لجهة الاتصال {0},
Prevent Sales Invoice when Customer is Overdue,منع فاتورة المبيعات عند تأخر العميل في السداد,
Price List {0} is not enabled for {1},قائمة الأسعار {0} غير مفعّلة لـ {1},
Process Loss Quantity cannot be greater than {0},لا يمكن أن تكون كمية الفاقد أكبر من {0},
Process loss booked against the operations of this work order.,الفاقد المسجّل مقابل عمليات أمر العمل هذا.,
Purchase Invoice can be held after submitting.,يمكن تعليق فاتورة الشراء بعد ترحيلها.,
Purchase Invoice without any outstanding amount cannot be held.,لا يمكن تعليق فاتورة شراء ليس عليها أي مبلغ مستحق.,
Qty left for a later cycle or for another job card.,الكمية المتبقية لدورة لاحقة أو لبطاقة عمل أخرى.,
"Qty scrapped in this cycle, nobody will produce it.",الكمية المهدرة في هذه الدورة، ولن يقوم أحد بإنتاجها.,
Qty to Manufacture in this Cycle,الكمية المطلوب تصنيعها في هذه الدورة,
Rate at which Price List Currency is converted to Company Currency,السعر الذي تُحوَّل به عملة قائمة الأسعار إلى عملة الشركة,
Rate at which document currency is converted to company currency,السعر الذي تُحوَّل به عملة المستند إلى عملة الشركة,
Return Purchase Invoice cannot be held.,لا يمكن تعليق فاتورة شراء مرتجعة.,
Row #{0}: % of FG Cost needs a BOM secondary item. Choose Valuation Rate or Manual for {1}.,الصف رقم {0}: خيار نسبة من تكلفة المنتج النهائي يتطلب صنفًا ثانويًا في قائمة المواد. اختر سعر التقييم أو يدوي لـ {1}.,
Row #{0}: '{1}' cannot be used to search items.,الصف رقم {0}: لا يمكن استخدام '{1}' للبحث عن الأصناف.,
Row #{0}: '{1}' does not match {2}.,الصف رقم {0}: '{1}' لا يطابق {2}.,
Row #{0}: '{1}' is not a valid field of {2}.,الصف رقم {0}: '{1}' ليس حقلاً صالحًا في {2}.,
Row #{0}: FG / Semi FG Item is required for the operation {1} as 'Track Semi Finished Goods' is enabled.,الصف رقم {0}: صنف المنتج النهائي / نصف المصنّع مطلوب للعملية {1} لأن خيار 'تتبع السلع نصف المصنعة' مفعّل.,
Row #{0}: Item {1} is already added with the same Type in the Secondary Items table.,الصف رقم {0}: الصنف {1} مضاف بالفعل بنفس النوع في جدول الأصناف الثانوية.,
Row #{0}: Quantity must be greater than 0 for Item {1},الصف رقم {0}: يجب أن تكون الكمية أكبر من 0 للصنف {1},
Row #{0}: Reading {1} {2} is not a valid number in the {3} number format. Use {4} as the decimal separator.,الصف رقم {0}: القراءة {1} {2} ليست رقمًا صالحًا بتنسيق الأرقام {3}. استخدم {4} كفاصل عشري.,
"Row #{0}: The operation {1} has 'Is Final Finished Good' checked, so its FG / Semi FG Item must be {2}.",الصف رقم {0}: العملية {1} محدد لها خيار 'المنتج النهائي الأخير'، لذا يجب أن يكون صنف المنتج النهائي / نصف المصنّع الخاص بها {2}.,
Row {0}: {1},الصف {0}: {1},Financial Report Template
"SMS Settings.allowed_roles not found. Update the Frappe Framework app to a version that includes this field, then re-run bench migrate.",لم يتم العثور على SMS Settings.allowed_roles. حدّث تطبيق إطار عمل Frappe إلى إصدار يتضمن هذا الحقل، ثم أعد تشغيل bench migrate.,
Serial No status sync has been queued. Reload the report after a few minutes.,تمت جدولة مزامنة حالة الأرقام التسلسلية. أعد تحميل التقرير بعد بضع دقائق.,
Serial No {0} is not available in the selected inventory dimensions: {1},الرقم التسلسلي {0} غير متوفر في أبعاد المخزون المحددة: {1},
Stock Closing Entry In Progress,قيد إقفال المخزون قيد التنفيذ,
Stock Closing Entry Outdated,قيد إقفال المخزون غير محدّث,
Stock Closing Entry Required,قيد إقفال المخزون مطلوب,
Stock Closing Entry {0} belongs to a closed accounting period. Cancel the Period Closing Voucher {1} first.,قيد إقفال المخزون {0} يخص فترة محاسبية مقفلة. ألغِ سند إقفال الفترة {1} أولاً.,
Stock Frozen,المخزون مجمّد,
Stock Value Mismatch,عدم تطابق قيمة المخزون,
"Stock transactions dated on or before {0} are frozen because the period is closed and the Stock Closing Entry {1} has been generated. To make changes, cancel the Period Closing Voucher first.",الحركات المخزنية بتاريخ {0} أو قبله مجمّدة لأن الفترة مقفلة وتم إنشاء قيد إقفال المخزون {1}. لإجراء تغييرات، ألغِ سند إقفال الفترة أولاً.,
Stock transactions were created or modified after the Stock Closing Entry {0} was generated. Regenerate it before submitting the Period Closing Voucher.,تم إنشاء أو تعديل حركات مخزنية بعد إنشاء قيد إقفال المخزون {0}. أعد إنشاءه قبل ترحيل سند إقفال الفترة.,
Supplier Quotation {0} already exists against Request for Quotation {1},عرض سعر المورد {0} موجود بالفعل مقابل طلب عرض السعر {1},
Sync Serial No Status,مزامنة حالة الأرقام التسلسلية,
"System will use the latest saved Currency Exchange rate on or before the transaction date, however old it is. <br>
Uncheck to ignore rates older than Stale Days and fetch a fresh rate from the exchange rate provider instead.","سيستخدم النظام آخر سعر صرف عملة محفوظ في تاريخ المعاملة أو قبله، مهما كان قديمًا. <br>
ألغِ التحديد لتجاهل الأسعار الأقدم من أيام التقادم وجلب سعر جديد من مزود أسعار الصرف بدلاً من ذلك.",
"The Job Card {0} has only {1} left to produce, but this entry books {2} ({3} finished goods and {4} process loss). Cancel or update its other manufacture entries first.",بطاقة العمل {0} لم يتبقَ لها سوى {1} للإنتاج، لكن هذا القيد يسجل {2} ({3} منتجات نهائية و{4} فاقد). ألغِ أو حدّث قيود التصنيع الأخرى الخاصة بها أولاً.,
The Stock Closing Entry for {0} is not completed yet. Wait for it to complete before submitting the Period Closing Voucher.,قيد إقفال المخزون لـ {0} لم يكتمل بعد. انتظر اكتماله قبل ترحيل سند إقفال الفترة.,
The closing balance {0} of the Stock Asset accounts does not match the closing value {1} of the Stock Balance report as on {2}. Resolve the difference using the Stock Ledger Variance report before closing the period.,الرصيد الختامي {0} لحسابات أصول المخزون لا يطابق القيمة الختامية {1} لتقرير رصيد المخزون كما في {2}. عالج الفرق باستخدام تقرير انحراف دفتر أستاذ المخزون قبل إقفال الفترة.,
The completed quantity {0} of an operation {1} cannot be greater than the manufactured quantity {2} of a previous operation {3}. Submit the manufacturing entry for the operation {3} first.,الكمية المنجزة {0} للعملية {1} لا يمكن أن تكون أكبر من الكمية المصنّعة {2} لعملية سابقة {3}. رحّل قيد التصنيع للعملية {3} أولاً.,
The cost of the secondary items cannot exceed the raw material cost of {0}.,لا يمكن أن تتجاوز تكلفة الأصناف الثانوية تكلفة المواد الخام البالغة {0}.,
The following rows are not valid fields of {0} and have to be removed: {1},الصفوف التالية ليست حقولاً صالحة في {0} ويجب إزالتها: {1},
This will update the warehouse and status of Serial Nos counted in {0} to match the stock ledger. Continue?,سيؤدي هذا إلى تحديث المستودع وحالة الأرقام التسلسلية المجرودة في {0} لتطابق دفتر أستاذ المخزون. هل تريد المتابعة؟,
Tip,تلميح,
Tip: Select report lines to view their accounts,تلميح: حدد سطور التقرير لعرض حساباتها,
"Total Completed Qty ({0}), Process Loss Qty ({1}) and Pending Qty ({2}) must add up to the Qty to Manufacture ({3}).",يجب أن يكون مجموع إجمالي الكمية المنجزة ({0}) وكمية الفاقد ({1}) والكمية المعلقة ({2}) مساويًا لكمية التصنيع ({3}).,
"Valuation Rate and Manual value this item on its own and deduct that cost from the raw material cost, like the pre-v16 scrap items. % of FG Cost allocates a percentage of the remaining raw material cost.",يقوم خيارا سعر التقييم واليدوي بتقييم هذا الصنف بشكل مستقل وخصم تلك التكلفة من تكلفة المواد الخام، مثل أصناف الخردة قبل الإصدار 16. أما خيار نسبة من تكلفة المنتج النهائي فيخصص نسبة مئوية من تكلفة المواد الخام المتبقية.,
Valuation Type,نوع التقييم,
You are not permitted to create a Task for Project {0},غير مصرح لك بإنشاء مهمة للمشروع {0},
[{0}] {1},[{0}] {1},Financial Report Template
{0} cannot be used as an accounting dimension as it is not a standalone document type.,{0} لا يمكن استخدامه كبُعد محاسبي لأنه ليس نوع مستند مستقلاً.,
{0} is already a Reverse Journal Entry of {1}. Cancel it instead of reversing it.,{0} هو بالفعل قيد يومية عكسي لـ {1}. ألغِه بدلاً من عكسه.,
"{0} is required to apply taxes. Set {0}, then select {1} again.",{0} مطلوب لتطبيق الضرائب. عيّن {0}، ثم حدد {1} مرة أخرى.,
{0} is required when {1} is {2},{0} مطلوب عندما يكون {1} هو {2},
{0} is the site's Demo Company and cannot be deleted directly. Use {1} instead.,{0} هي الشركة التجريبية للموقع ولا يمكن حذفها مباشرة. استخدم {1} بدلاً من ذلك.,
{0} should be in format: app.module.method,{0} يجب أن يكون بالصيغة: app.module.method,
{0} {1} is blocked and on hold until {2}.,{0} {1} محظور ومعلق حتى {2}.,
{0} {1} is blocked.,{0} {1} محظور.,
{0}'s {1} cannot be before {2}'s Expected Start Date.,{1} الخاص بـ {0} لا يمكن أن يكون قبل تاريخ البدء المتوقع لـ {2}.,
"{0}: expected ""{1}"", got ""{2}""","{0}: كان متوقعًا ""{1}""، وتم الحصول على ""{2}""",
